policy_id,regime,seed,days,total_demand,completed_loads,unmet_demand,demand_fulfillment_rate,total_tco,total_tco_report_value,pm_cost,cm_cost,downtime_cost,degradation_cost,unmet_demand_cost,pm_count,pm_component_count,pm_tire,pm_engine,pm_brake,cm_count,cm_tire,cm_engine,cm_brake,failure_count,total_downtime_hours,avg_truck_hi,avg_tire_hi,avg_engine_hi,avg_brake_hi,avg_frailty,max_frailty,availability_rate,route_a_loads,route_b_loads,route_c_loads
H0,heterogeneous_condition,101,365,76650,76648,2,0.999974,36713.358559,36713358.559,13549.0,662.4,21849.6,648.358559,4.0,1594,4782,1594,1594,1594,69,69,0,0,69,18208,0.854657,0.880609,0.927449,0.940888,0.937723,2.4518,0.924443,28318,25700,22630
H0,heterogeneous_condition,102,365,76650,76644,6,0.999922,38797.346965,38797346.965,13549.0,1585.2,22996.8,654.346965,12.0,1594,4782,1594,1594,1594,162,155,6,1,162,19164,0.831844,0.864401,0.908601,0.962525,0.873249,2.345799,0.920502,28275,25739,22630
H0,heterogeneous_condition,103,365,76650,76648,2,0.999974,41169.315009,41169315.009,13549.0,2619.6,24192.0,804.715009,4.0,1594,4782,1594,1594,1594,228,136,89,3,228,20160,0.764523,0.839083,0.8616,0.915423,0.992559,2.718937,0.916256,28295,25723,22630
H0,heterogeneous_condition,104,365,76650,76650,0,1.0,37631.122299,37631122.299,13549.0,1052.4,22332.0,697.722299,0.0,1594,4782,1594,1594,1594,103,83,11,9,103,18610,0.815625,0.866561,0.934104,0.907395,0.94391,2.700947,0.922763,28253,25767,22630
H0,heterogeneous_condition,105,365,76650,76645,5,0.999935,40040.619358,40040619.358,13549.0,2109.6,23637.6,734.419358,10.0,1594,4782,1594,1594,1594,204,162,28,14,204,19698,0.752564,0.838351,0.86973,0.896198,1.020715,2.576161,0.918256,28298,25717,22630
H0,heterogeneous_condition,106,365,76650,76649,1,0.999987,36257.867083,36257867.083,13549.0,460.8,21576.0,670.067083,2.0,1594,4782,1594,1594,1594,39,21,18,0,39,17980,0.847421,0.897918,0.912263,0.943951,0.982959,2.36643,0.925347,28255,25764,22630
H0,heterogeneous_condition,107,365,76650,76647,3,0.999961,40622.755429,40622755.429,13549.0,2337.6,24000.0,730.155429,6.0,1594,4782,1594,1594,1594,231,152,7,72,231,20000,0.752016,0.822269,0.893425,0.91639,0.96149,2.78374,0.917,28308,25709,22630
H0,heterogeneous_condition,108,365,76650,76638,12,0.999843,44271.515341,44271515.341,13549.0,3932.4,25916.4,849.715341,24.0,1594,4782,1594,1594,1594,355,170,84,101,355,21597,0.772392,0.895778,0.857352,0.872641,1.128587,3.150683,0.910269,28339,25669,22630
H0,heterogeneous_condition,109,365,76650,76650,0,1.0,35632.237556,35632237.556,13549.0,192.0,21261.6,629.637556,0.0,1594,4782,1594,1594,1594,20,20,0,0,20,17718,0.861736,0.865704,0.941885,0.957559,0.909119,2.084195,0.926457,28233,25787,22630
H0,heterogeneous_condition,110,365,76650,76646,4,0.999948,45621.12775,45621127.75,13549.0,4591.2,26592.0,880.92775,8.0,1594,4782,1594,1594,1594,397,203,152,42,397,22160,0.732769,0.815513,0.828378,0.883812,1.167516,3.047173,0.907886,28303,25713,22630
H0,heterogeneous_condition,111,365,76650,76650,0,1.0,35135.652093,35135652.093,13549.0,0.0,21021.6,565.052093,0.0,1594,4782,1594,1594,1594,0,0,0,0,0,17518,0.923689,0.943786,0.962451,0.962065,0.89138,2.095381,0.927279,28260,25760,22630
H0,heterogeneous_condition,112,365,76650,76642,8,0.999896,38274.123808,38274123.808,13549.0,1334.4,22701.6,673.123808,16.0,1594,4782,1594,1594,1594,134,109,5,20,134,18918,0.829931,0.909178,0.932861,0.915778,0.991605,2.415176,0.921498,28274,25738,22630
H0,heterogeneous_condition,113,365,76650,76650,0,1.0,35909.048624,35909048.624,13549.0,283.2,21386.4,690.448624,0.0,1594,4782,1594,1594,1594,28,16,0,12,28,17822,0.859964,0.916313,0.939761,0.920191,0.969895,2.692642,0.926018,28250,25770,22630
H0,heterogeneous_condition,114,365,76650,76650,0,1.0,35346.331806,35346331.806,13549.0,67.2,21105.6,624.531806,0.0,1594,4782,1594,1594,1594,7,7,0,0,7,17588,0.891325,0.909393,0.958009,0.931651,0.993229,2.252138,0.926991,28234,25786,22630
H0,heterogeneous_condition,115,365,76650,76650,0,1.0,35197.091606,35197091.606,13549.0,0.0,21021.6,626.491606,0.0,1594,4782,1594,1594,1594,0,0,0,0,0,17518,0.931802,0.947606,0.958561,0.956974,0.935916,2.362907,0.927279,28240,25780,22630
H0,heterogeneous_condition,116,365,76650,76648,2,0.999974,36304.589696,36304589.696,13549.0,458.4,21602.4,690.789696,4.0,1594,4782,1594,1594,1594,46,35,1,10,46,18002,0.843667,0.88437,0.929803,0.922902,0.95815,1.862636,0.925279,28232,25786,22630
H0,heterogeneous_condition,117,365,76650,76650,0,1.0,35234.322568,35234322.568,13549.0,9.6,21033.6,642.122568,0.0,1594,4782,1594,1594,1594,1,1,0,0,1,17528,0.89182,0.909088,0.947742,0.946676,0.944106,2.713709,0.927237,28234,25786,22630
H0,heterogeneous_condition,118,365,76650,76649,1,0.999987,36392.505602,36392505.602,13549.0,504.0,21643.2,694.305602,2.0,1594,4782,1594,1594,1594,49,42,7,0,49,18036,0.830833,0.84747,0.941676,0.94086,1.087549,2.686366,0.925137,28253,25766,22630
H0,heterogeneous_condition,119,365,76650,76650,0,1.0,36441.169722,36441169.722,13549.0,512.4,21676.8,702.969722,0.0,1594,4782,1594,1594,1594,48,20,5,23,48,18064,0.849441,0.939862,0.900117,0.906938,0.945655,2.343004,0.925005,28253,25767,22630
H0,heterogeneous_condition,120,365,76650,76649,1,0.999987,36331.231742,36331231.742,13549.0,505.2,21624.0,651.031742,2.0,1594,4782,1594,1594,1594,38,5,28,5,38,18020,0.833599,0.896105,0.918946,0.933644,1.001425,2.434457,0.92516,28225,25794,22630
H0,heterogeneous_condition,121,365,76650,76650,0,1.0,38668.871404,38668871.404,13549.0,1494.0,22900.8,725.071404,0.0,1594,4782,1594,1594,1594,154,141,0,13,154,19084,0.837561,0.87596,0.931229,0.943783,1.021615,3.391484,0.920831,28324,25696,22630
H0,heterogeneous_condition,122,365,76650,76646,4,0.999948,36243.3247,36243324.7,13549.0,458.4,21585.6,642.3247,8.0,1594,4782,1594,1594,1594,43,32,9,2,43,17988,0.846609,0.901542,0.91906,0.948159,0.996644,2.514645,0.925329,28279,25737,22630
H0,heterogeneous_condition,123,365,76650,76648,2,0.999974,36798.287838,36798287.838,13549.0,691.2,21859.2,694.887838,4.0,1594,4782,1594,1594,1594,61,39,22,0,61,18216,0.79539,0.883941,0.883985,0.932763,1.029339,2.838985,0.92437,28248,25770,22630
H0,heterogeneous_condition,124,365,76650,76648,2,0.999974,37141.897234,37141897.234,13549.0,811.2,22044.0,733.697234,4.0,1594,4782,1594,1594,1594,82,68,2,12,82,18370,0.835177,0.877887,0.915522,0.927642,1.036929,2.830429,0.923763,28253,25765,22630
H0,heterogeneous_condition,125,365,76650,76650,0,1.0,36798.633745,36798633.745,13549.0,710.4,21909.6,629.633745,0.0,1594,4782,1594,1594,1594,74,74,0,0,74,18258,0.892772,0.907654,0.949075,0.958146,0.973181,3.454216,0.924237,28299,25721,22630
H0,heterogeneous_condition,126,365,76650,76650,0,1.0,35291.681112,35291681.112,13549.0,46.8,21081.6,614.281112,0.0,1594,4782,1594,1594,1594,4,0,1,3,4,17568,0.893743,0.935159,0.946499,0.95227,0.944488,2.366325,0.927068,28234,25786,22630
H0,heterogeneous_condition,127,365,76650,76650,0,1.0,37024.83245,37024832.45,13549.0,804.0,21991.2,680.63245,0.0,1594,4782,1594,1594,1594,64,17,37,10,64,18326,0.841028,0.902951,0.914268,0.938648,0.942635,2.523655,0.923881,28289,25731,22630
H0,heterogeneous_condition,128,365,76650,76650,0,1.0,36505.504294,36505504.294,13549.0,566.4,21732.0,658.104294,0.0,1594,4782,1594,1594,1594,58,53,1,4,58,18110,0.867818,0.913019,0.927873,0.923773,0.896926,2.281344,0.92484,28313,25707,22630
H0,heterogeneous_condition,129,365,76650,76648,2,0.999974,37472.933255,37472933.255,13549.0,973.2,22228.8,717.933255,4.0,1594,4782,1594,1594,1594,92,65,16,11,92,18524,0.812623,0.857563,0.920042,0.919572,1.00374,2.367916,0.923105,28242,25776,22630
H0,heterogeneous_condition,130,365,76650,76650,0,1.0,37167.39446,37167394.46,13549.0,837.6,22084.8,695.99446,0.0,1594,4782,1594,1594,1594,85,67,0,18,85,18404,0.833861,0.851204,0.925626,0.944165,0.909215,1.866523,0.923621,28213,25807,22630
H_TIME,heterogeneous_condition,101,365,76650,76650,0,1.0,35333.342318,35333342.318,13498.0,105.6,21081.6,648.142318,0.0,1588,4764,1588,1588,1588,11,11,0,0,11,17568,0.900529,0.915137,0.967092,0.957153,0.937723,2.4518,0.927073,28295,25725,22630
H_TIME,heterogeneous_condition,102,365,76650,76648,2,0.999974,37049.065899,37049065.899,13498.0,864.0,22029.6,653.465899,4.0,1588,4764,1588,1588,1588,90,90,0,0,90,18358,0.740058,0.803076,0.893527,0.959462,0.873249,2.345799,0.923826,28362,25656,22630
H_TIME,heterogeneous_condition,103,365,76650,76649,1,0.999987,40317.100547,40317100.547,13498.0,2274.0,23738.4,804.700547,2.0,1588,4764,1588,1588,1588,213,163,47,3,213,19782,0.6796,0.822909,0.774297,0.896446,0.992559,2.718937,0.917886,28281,25738,22630
H_TIME,heterogeneous_condition,104,365,76650,76650,0,1.0,36985.435977,36985435.977,13498.0,820.8,21967.2,699.435977,0.0,1588,4764,1588,1588,1588,70,21,25,24,70,18306,0.726721,0.798014,0.910297,0.895108,0.94391,2.700947,0.923973,28249,25771,22630
H_TIME,heterogeneous_condition,105,365,76650,76650,0,1.0,38646.078761,38646078.761,13498.0,1539.6,22875.6,732.878761,0.0,1588,4764,1588,1588,1588,157,142,4,11,157,19063,0.665038,0.832078,0.833552,0.880331,1.020715,2.576161,0.920909,28292,25728,22630
H_TIME,heterogeneous_condition,106,365,76650,76650,0,1.0,35460.385942,35460385.942,13498.0,158.4,21134.4,669.585942,0.0,1588,4764,1588,1588,1588,11,0,11,0,11,17612,0.919186,0.949493,0.936424,0.955526,0.982959,2.36643,0.926872,28280,25740,22630
H_TIME,heterogeneous_condition,107,365,76650,76647,3,0.999961,40013.14435,40013144.35,13498.0,2124.0,23654.4,730.74435,6.0,1588,4764,1588,1588,1588,214,156,0,58,214,19712,0.677867,0.788757,0.862525,0.896182,0.96149,2.78374,0.918205,28325,25692,22630
H_TIME,heterogeneous_condition,108,365,76650,76643,7,0.999909,43959.684374,43959684.374,13498.0,3849.6,25744.8,853.284374,14.0,1588,4764,1588,1588,1588,356,200,68,88,356,21454,0.691512,0.859607,0.827223,0.854924,1.128587,3.150683,0.9109,28327,25686,22630
H_TIME,heterogeneous_condition,109,365,76650,76650,0,1.0,35072.695203,35072695.203,13498.0,0.0,20949.6,625.095203,0.0,1588,4764,1588,1588,1588,0,0,0,0,0,17458,0.93447,0.936652,0.960154,0.965861,0.909119,2.084195,0.927525,28151,25869,22630
H_TIME,heterogeneous_condition,110,365,76650,76647,3,0.999961,44095.543292,44095543.292,13498.0,3925.2,25783.2,883.143292,6.0,1588,4764,1588,1588,1588,358,218,89,51,358,21486,0.643113,0.797055,0.780216,0.850164,1.167516,3.047173,0.910763,28243,25774,22630
H_TIME,heterogeneous_condition,111,365,76650,76650,0,1.0,35008.907582,35008907.582,13498.0,0.0,20949.6,561.307582,0.0,1588,4764,1588,1588,1588,0,0,0,0,0,17458,0.952885,0.963787,0.965391,0.969664,0.89138,2.095381,0.927525,28315,25705,22630
H_TIME,heterogeneous_condition,112,365,76650,76645,5,0.999935,36979.418294,36979418.294,13498.0,820.8,21979.2,671.418294,10.0,1588,4764,1588,1588,1588,85,81,0,4,85,18316,0.826851,0.921602,0.901005,0.931915,0.991605,2.415176,0.923995,28362,25653,22630
H_TIME,heterogeneous_condition,113,365,76650,76650,0,1.0,35140.992536,35140992.536,13498.0,0.0,20949.6,693.392536,0.0,1588,4764,1588,1588,1588,0,0,0,0,0,17458,0.920644,0.952328,0.950013,0.949952,0.969895,2.692642,0.927525,28207,25813,22630
H_TIME,heterogeneous_condition,114,365,76650,76650,0,1.0,35074.426986,35074426.986,13498.0,0.0,20949.6,626.826986,0.0,1588,4764,1588,1588,1588,0,0,0,0,0,17458,0.932915,0.946523,0.964244,0.960295,0.993229,2.252138,0.927525,28206,25814,22630
H_TIME,heterogeneous_condition,115,365,76650,76650,0,1.0,35072.405329,35072405.329,13498.0,0.0,20949.6,624.805329,0.0,1588,4764,1588,1588,1588,0,0,0,0,0,17458,0.947743,0.9572,0.966179,0.96244,0.935916,2.362907,0.927525,28221,25799,22630
H_TIME,heterogeneous_condition,116,365,76650,76649,1,0.999987,35353.356845,35353356.845,13498.0,96.0,21069.6,687.756845,2.0,1588,4764,1588,1588,1588,10,10,0,0,10,17558,0.892559,0.919638,0.933147,0.957521,0.95815,1.862636,0.927114,28300,25719,22630
H_TIME,heterogeneous_condition,117,365,76650,76650,0,1.0,35089.753304,35089753.304,13498.0,0.0,20949.6,642.153304,0.0,1588,4764,1588,1588,1588,0,0,0,0,0,17458,0.94155,0.948,0.959078,0.967295,0.944106,2.713709,0.927525,28269,25751,22630
H_TIME,heterogeneous_condition,118,365,76650,76650,0,1.0,35690.615124,35690615.124,13498.0,244.8,21252.0,695.815124,0.0,1588,4764,1588,1588,1588,24,21,3,0,24,17710,0.899427,0.9267,0.944444,0.959554,1.087549,2.686366,0.926484,28302,25718,22630
H_TIME,heterogeneous_condition,119,365,76650,76650,0,1.0,35649.614564,35649614.564,13498.0,230.4,21218.4,702.814564,0.0,1588,4764,1588,1588,1588,16,0,16,0,16,17682,0.908994,0.956902,0.926927,0.945253,0.945655,2.343004,0.926575,28276,25744,22630
H_TIME,heterogeneous_condition,120,365,76650,76650,0,1.0,35439.054663,35439054.663,13498.0,153.6,21136.8,650.654663,0.0,1588,4764,1588,1588,1588,14,10,4,0,14,17614,0.888663,0.919894,0.938248,0.954558,1.001425,2.434457,0.926877,28297,25723,22630
H_TIME,heterogeneous_condition,121,365,76650,76650,0,1.0,37485.267925,37485267.925,13498.0,1027.2,22233.6,726.467925,0.0,1588,4764,1588,1588,1588,107,107,0,0,107,18528,0.733987,0.828895,0.917972,0.888106,1.021615,3.391484,0.923128,28329,25691,22630
H_TIME,heterogeneous_condition,122,365,76650,76648,2,0.999974,35524.95413,35524954.13,13498.0,192.0,21189.6,641.35413,4.0,1588,4764,1588,1588,1588,20,20,0,0,20,17658,0.891624,0.925741,0.948538,0.954276,0.996644,2.514645,0.926703,28251,25767,22630
H_TIME,heterogeneous_condition,123,365,76650,76649,1,0.999987,35437.613265,35437613.265,13498.0,128.4,21112.8,696.413265,2.0,1588,4764,1588,1588,1588,13,10,0,3,13,17594,0.723196,0.845572,0.864032,0.91998,1.029339,2.838985,0.926963,28247,25772,22630
H_TIME,heterogeneous_condition,124,365,76650,76648,2,0.999974,35929.021162,35929021.162,13498.0,328.8,21362.4,735.821162,4.0,1588,4764,1588,1588,1588,34,32,0,2,34,17802,0.736878,0.863287,0.909382,0.873293,1.036929,2.830429,0.92611,28304,25714,22630
H_TIME,heterogeneous_condition,125,365,76650,76650,0,1.0,36308.668989,36308668.989,13498.0,547.2,21633.6,629.868989,0.0,1588,4764,1588,1588,1588,57,57,0,0,57,18028,0.914437,0.93519,0.953306,0.957055,0.973181,3.454216,0.925183,28273,25747,22630
H_TIME,heterogeneous_condition,126,365,76650,76650,0,1.0,35273.640464,35273640.464,13498.0,96.0,21069.6,610.040464,0.0,1588,4764,1588,1588,1588,10,10,0,0,10,17558,0.925455,0.937861,0.953156,0.954209,0.944488,2.366325,0.927114,28278,25742,22630
H_TIME,heterogeneous_condition,127,365,76650,76650,0,1.0,35843.740049,35843740.049,13498.0,331.2,21336.0,678.540049,0.0,1588,4764,1588,1588,1588,23,0,23,0,23,17780,0.870236,0.928323,0.905389,0.950527,0.942635,2.523655,0.92616,28286,25734,22630
H_TIME,heterogeneous_condition,128,365,76650,76650,0,1.0,35579.358597,35579358.597,13498.0,211.2,21213.6,656.558597,0.0,1588,4764,1588,1588,1588,22,22,0,0,22,17678,0.909982,0.935461,0.964733,0.941223,0.896926,2.281344,0.926621,28247,25773,22630
H_TIME,heterogeneous_condition,129,365,76650,76650,0,1.0,36853.633443,36853633.443,13498.0,747.6,21888.0,720.033443,0.0,1588,4764,1588,1588,1588,76,67,2,7,76,18240,0.702059,0.795973,0.911634,0.899521,1.00374,2.367916,0.924301,28263,25757,22630
H_TIME,heterogeneous_condition,130,365,76650,76650,0,1.0,35143.454177,35143454.177,13498.0,0.0,20949.6,695.854177,0.0,1588,4764,1588,1588,1588,0,0,0,0,0,17458,0.896211,0.904208,0.955733,0.95635,0.909215,1.866523,0.927525,28353,25667,22630
H1,heterogeneous_condition,101,365,76650,76650,0,1.0,21866.444754,21866444.754,8503.0,0.0,12711.6,651.844754,0.0,3027,3038,1295,1037,706,0,0,0,0,0,10593,0.333703,0.369224,0.400453,0.453059,0.937723,2.4518,0.965443,32120,27375,17155
H1,heterogeneous_condition,102,365,76650,76650,0,1.0,20013.885745,20013885.745,7770.5,0.0,11649.6,593.785745,0.0,2739,2746,1126,979,641,0,0,0,0,0,9708,0.333306,0.371244,0.451251,0.444578,0.873249,2.345799,0.968174,32120,27375,17155
H1,heterogeneous_condition,103,365,76650,76650,0,1.0,23114.506834,23114506.834,8956.0,0.0,13477.2,681.306834,0.0,3143,3159,1261,1126,772,0,0,0,0,0,11231,0.323414,0.342731,0.42004,0.436215,0.992559,2.718937,0.963064,32120,27375,17155
H1,heterogeneous_condition,104,365,76650,76650,0,1.0,21166.54192,21166541.92,8071.0,0.0,12469.2,626.34192,0.0,2892,2899,1050,899,950,0,0,0,0,0,10391,0.333427,0.358837,0.440916,0.45762,0.94391,2.700947,0.965753,32120,27375,17155
H1,heterogeneous_condition,105,365,76650,76650,0,1.0,23276.302269,23276302.269,9026.5,0.0,13560.0,689.802269,0.0,3200,3215,1328,1102,785,0,0,0,0,0,11300,0.331282,0.37105,0.406664,0.443755,1.020715,2.576161,0.963005,32120,27375,17155
H1,heterogeneous_condition,106,365,76650,76650,0,1.0,23109.678682,23109678.682,8927.5,0.0,13504.8,677.378682,0.0,3114,3129,1192,1134,803,0,0,0,0,0,11254,0.338302,0.378137,0.436304,0.403903,0.982959,2.36643,0.962826,32120,27375,17155
H1,heterogeneous_condition,107,365,76650,76650,0,1.0,21827.562431,21827562.431,8506.0,0.0,12663.6,657.962431,0.0,3081,3095,1400,979,716,0,0,0,0,0,10553,0.347641,0.386297,0.412227,0.452288,0.96149,2.78374,0.965872,32120,27375,17155
H1,heterogeneous_condition,108,365,76650,76650,0,1.0,25599.059404,25599059.404,9809.5,0.0,15036.0,753.559404,0.0,3499,3517,1326,1120,1071,0,0,0,0,0,12530,0.345582,0.3915,0.415031,0.433749,1.128587,3.150683,0.958753,32120,27375,17155
H1,heterogeneous_condition,109,365,76650,76650,0,1.0,20144.64344,20144643.44,7771.0,0.0,11768.4,605.24344,0.0,2817,2823,1174,867,782,0,0,0,0,0,9807,0.33676,0.368861,0.4182,0.468787,0.909119,2.084195,0.968073,32120,27375,17155
H1,heterogeneous_condition,110,365,76650,76650,0,1.0,26633.851574,26633851.574,10259.5,0.0,15589.2,785.151573,0.0,3646,3677,1451,1195,1031,0,0,0,0,0,12991,0.32558,0.357732,0.423224,0.443153,1.167516,3.047173,0.95732,32120,27375,17155
H1,heterogeneous_condition,111,365,76650,76650,0,1.0,19896.160551,19896160.551,7635.5,0.0,11671.2,589.460551,0.0,2711,2721,1022,896,803,0,0,0,0,0,9726,0.343993,0.402164,0.434492,0.456171,0.89138,2.095381,0.967959,32120,27375,17155
H1,heterogeneous_condition,112,365,76650,76650,0,1.0,22562.629983,22562629.983,8688.0,0.0,13209.6,665.029983,0.0,3074,3084,1182,1046,856,0,0,0,0,0,11008,0.337388,0.35975,0.435951,0.460275,0.991605,2.415176,0.963763,32120,27375,17155
H1,heterogeneous_condition,113,365,76650,76650,0,1.0,21962.733031,21962733.031,8452.5,0.0,12864.0,646.233031,0.0,2972,2987,1123,1031,833,0,0,0,0,0,10720,0.33095,0.367679,0.411213,0.489448,0.969895,2.692642,0.964612,32120,27375,17155
H1,heterogeneous_condition,114,365,76650,76650,0,1.0,21986.601208,21986601.208,8492.5,0.0,12837.6,656.501208,0.0,3055,3067,1266,972,829,0,0,0,0,0,10698,0.342296,0.376182,0.417439,0.45785,0.993229,2.252138,0.965091,32120,27375,17155
H1,heterogeneous_condition,115,365,76650,76650,0,1.0,20919.019483,20919019.483,8018.0,0.0,12273.6,627.419483,0.0,2917,2931,1169,850,912,0,0,0,0,0,10228,0.356836,0.392536,0.439634,0.431742,0.935916,2.362907,0.966612,32120,27375,17155
H1,heterogeneous_condition,116,365,76650,76650,0,1.0,22071.582452,22071582.452,8530.0,0.0,12886.8,654.782452,0.0,3034,3040,1224,1028,788,0,0,0,0,0,10739,0.329806,0.352722,0.413366,0.429414,0.95815,1.862636,0.964817,32120,27375,17155
H1,heterogeneous_condition,117,365,76650,76650,0,1.0,21096.900493,21096900.493,8143.5,0.0,12319.2,634.200493,0.0,2957,2966,1243,900,823,0,0,0,0,0,10266,0.320798,0.350127,0.445652,0.424326,0.944106,2.713709,0.966616,32120,27373,17157
H1,heterogeneous_condition,118,365,76650,76650,0,1.0,26093.69745,26093697.45,10060.5,0.0,15274.8,758.39745,0.0,3499,3514,1304,1285,925,0,0,0,0,0,12729,0.331079,0.351011,0.434805,0.457921,1.087549,2.686366,0.957849,32120,27375,17155
H1,heterogeneous_condition,119,365,76650,76650,0,1.0,21858.445048,21858445.048,8361.5,0.0,12860.4,636.545048,0.0,2909,2917,994,1044,879,0,0,0,0,0,10717,0.328402,0.354632,0.453357,0.436994,0.945655,2.343004,0.964338,32120,27375,17155
H1,heterogeneous_condition,120,365,76650,76650,0,1.0,22737.695705,22737695.705,8716.0,0.0,13344.0,677.695705,0.0,3157,3166,1242,948,976,0,0,0,0,0,11120,0.329105,0.360672,0.4306,0.434259,1.001425,2.434457,0.96363,32120,27375,17155
H1,heterogeneous_condition,121,365,76650,76650,0,1.0,23790.600817,23790600.817,9161.0,0.0,13926.0,703.600817,0.0,3266,3278,1284,1072,922,0,0,0,0,0,11605,0.323564,0.348602,0.415865,0.454957,1.021615,3.391484,0.961913,32120,27375,17155
H1,heterogeneous_condition,122,365,76650,76650,0,1.0,22802.598538,22802598.538,8747.5,0.0,13380.0,675.098538,0.0,3130,3138,1198,1001,939,0,0,0,0,0,11150,0.327994,0.355762,0.435618,0.421472,0.996644,2.514645,0.96337,32120,27375,17155
H1,heterogeneous_condition,123,365,76650,76650,0,1.0,23539.023873,23539023.873,9053.0,0.0,13790.4,695.623873,0.0,3235,3239,1257,1056,926,0,0,0,0,0,11492,0.331725,0.379003,0.407428,0.457668,1.029339,2.838985,0.962292,32120,27375,17155
H1,heterogeneous_condition,124,365,76650,76650,0,1.0,23902.35975,23902359.75,9234.5,0.0,13962.0,705.85975,0.0,3274,3288,1310,1113,865,0,0,0,0,0,11635,0.331832,0.348299,0.442107,0.430957,1.036929,2.830429,0.961817,32120,27375,17155
H1,heterogeneous_condition,125,365,76650,76650,0,1.0,22274.307733,22274307.733,8556.5,0.0,13069.2,648.607733,0.0,2965,2974,1048,1097,829,0,0,0,0,0,10891,0.344499,0.37189,0.435439,0.420324,0.973181,3.454216,0.963799,32120,27375,17155
H1,heterogeneous_condition,126,365,76650,76650,0,1.0,21578.932321,21578932.321,8355.5,0.0,12580.8,642.632321,0.0,2976,2989,1234,1000,755,0,0,0,0,0,10484,0.331041,0.374449,0.406643,0.436947,0.944488,2.366325,0.965712,32120,27375,17155
H1,heterogeneous_condition,127,365,76650,76650,0,1.0,21645.741893,21645741.893,8364.0,0.0,12644.4,637.341893,0.0,2939,2942,1141,1053,748,0,0,0,0,0,10537,0.340578,0.356636,0.429685,0.438764,0.942635,2.523655,0.965301,32120,27375,17155
H1,heterogeneous_condition,128,365,76650,76650,0,1.0,20302.725916,20302725.916,7763.5,0.0,11940.0,599.225916,0.0,2748,2755,987,913,855,0,0,0,0,0,9950,0.321404,0.359121,0.438684,0.427093,0.896926,2.281344,0.967105,32120,27375,17155
H1,heterogeneous_condition,129,365,76650,76650,0,1.0,22653.819799,22653819.799,8722.0,0.0,13246.8,685.019799,0.0,3218,3232,1386,890,956,0,0,0,0,0,11039,0.333764,0.355193,0.414299,0.444287,1.00374,2.367916,0.964279,32120,27375,17155
H1,heterogeneous_condition,130,365,76650,76650,0,1.0,21138.782321,21138782.321,8183.0,0.0,12326.4,629.382321,0.0,2926,2931,1211,974,746,0,0,0,0,0,10272,0.352474,0.375186,0.439054,0.466118,0.909215,1.866523,0.966447,32120,27375,17155
H2,heterogeneous_condition,101,365,76650,76650,0,1.0,21866.046982,21866046.982,8504.0,0.0,12710.4,651.646982,0.0,3020,3029,1284,1049,696,0,0,0,0,0,10592,0.311025,0.321807,0.425512,0.396013,0.937723,2.4518,0.965416,32120,27360,17170
H2,heterogeneous_condition,102,365,76650,76650,0,1.0,19934.624913,19934624.913,7724.5,9.6,11608.8,591.724913,0.0,2722,2728,1110,973,645,1,1,0,0,1,9674,0.325061,0.373331,0.431802,0.399494,0.873249,2.345799,0.96826,32120,27365,17165
H2,heterogeneous_condition,103,365,76650,76650,0,1.0,22961.922653,22961922.653,8900.0,0.0,13383.6,678.322653,0.0,3139,3145,1267,1114,764,0,0,0,0,0,11153,0.32008,0.361649,0.399916,0.412228,0.992559,2.718937,0.963397,32120,27363,17167
H2,heterogeneous_condition,104,365,76650,76650,0,1.0,21271.266778,21271266.778,8111.5,0.0,12529.2,630.566778,0.0,2905,2914,1059,904,951,0,0,0,0,0,10441,0.319761,0.37089,0.419113,0.39399,0.94391,2.700947,0.965584,32120,27372,17158
H2,heterogeneous_condition,105,365,76650,76650,0,1.0,23345.408008,23345408.008,9051.5,0.0,13600.8,693.108008,0.0,3215,3232,1342,1095,795,0,0,0,0,0,11334,0.323054,0.358625,0.420413,0.406727,1.020715,2.576161,0.962922,32120,27363,17167
H2,heterogeneous_condition,106,365,76650,76650,0,1.0,23093.144691,23093144.691,8923.0,0.0,13491.6,678.544691,0.0,3125,3137,1211,1124,802,0,0,0,0,0,11243,0.313645,0.338248,0.439965,0.402194,0.982959,2.36643,0.962922,32120,27373,17157
H2,heterogeneous_condition,107,365,76650,76650,0,1.0,21788.907657,21788907.657,8495.5,0.0,12633.6,659.807657,0.0,3094,3103,1422,966,715,0,0,0,0,0,10528,0.313252,0.352922,0.384049,0.429322,0.96149,2.78374,0.966046,32120,27365,17165
H2,heterogeneous_condition,108,365,76650,76650,0,1.0,25834.338315,25834338.315,9897.0,0.0,15175.2,762.138315,0.0,3538,3553,1343,1124,1086,0,0,0,0,0,12646,0.299505,0.338704,0.414832,0.378417,1.128587,3.150683,0.958402,32120,27373,17157
H2,heterogeneous_condition,109,365,76650,76650,0,1.0,20101.618393,20101618.393,7759.5,0.0,11736.0,606.118393,0.0,2813,2823,1185,863,775,0,0,0,0,0,9780,0.316802,0.344974,0.420694,0.39337,0.909119,2.084195,0.968183,32120,27360,17170
H2,heterogeneous_condition,110,365,76650,76650,0,1.0,26632.734728,26632734.728,10249.5,0.0,15597.6,785.634728,0.0,3645,3672,1437,1192,1043,0,0,0,0,0,12998,0.31684,0.360471,0.410097,0.382831,1.167516,3.047173,0.957283,32120,27369,17161
H2,heterogeneous_condition,111,365,76650,76650,0,1.0,20257.640879,20257640.879,7775.0,0.0,11882.4,600.240879,0.0,2755,2761,1030,925,806,0,0,0,0,0,9902,0.306034,0.357734,0.401155,0.418289,0.89138,2.095381,0.967356,32120,27362,17168
H2,heterogeneous_condition,112,365,76650,76650,0,1.0,22568.6317,22568631.7,8700.5,0.0,13201.2,666.9317,0.0,3080,3093,1202,1046,845,0,0,0,0,0,11001,0.325761,0.357774,0.438753,0.410737,0.991605,2.415176,0.963822,32120,27360,17170
H2,heterogeneous_condition,113,365,76650,76650,0,1.0,22129.937768,22129937.768,8517.5,0.0,12960.0,652.437768,0.0,2998,3008,1137,1044,827,0,0,0,0,0,10800,0.314072,0.349016,0.421362,0.365153,0.969895,2.692642,0.964374,32120,27360,17170
H2,heterogeneous_condition,114,365,76650,76650,0,1.0,22073.184926,22073184.926,8514.0,0.0,12898.8,660.384926,0.0,3065,3077,1261,968,848,0,0,0,0,0,10749,0.30736,0.351746,0.380281,0.412508,0.993229,2.252138,0.964904,32120,27360,17170
H2,heterogeneous_condition,115,365,76650,76650,0,1.0,20722.01717,20722017.17,7953.0,0.0,12145.2,623.81717,0.0,2908,2918,1192,836,890,0,0,0,0,0,10121,0.34648,0.40068,0.428156,0.416747,0.935916,2.362907,0.967064,32120,27367,17163
H2,heterogeneous_condition,116,365,76650,76650,0,1.0,22275.556778,22275556.778,8616.5,0.0,12998.4,660.656778,0.0,3055,3067,1240,1046,781,0,0,0,0,0,10832,0.32758,0.3548,0.410922,0.415986,0.95815,1.862636,0.964489,32120,27374,17156
H2,heterogeneous_condition,117,365,76650,76650,0,1.0,21272.876948,21272876.948,8200.0,0.0,12433.2,639.676948,0.0,2984,2993,1250,895,848,0,0,0,0,0,10361,0.327273,0.351015,0.434943,0.424433,0.944106,2.713709,0.966311,32120,27360,17170
H2,heterogeneous_condition,118,365,76650,76650,0,1.0,25914.523614,25914523.614,9988.5,0.0,15170.4,755.623614,0.0,3480,3496,1301,1266,929,0,0,0,0,0,12642,0.307768,0.351357,0.414626,0.38646,1.087549,2.686366,0.95816,32120,27365,17165
H2,heterogeneous_condition,119,365,76650,76650,0,1.0,21833.98041,21833980.41,8352.0,0.0,12846.0,635.98041,0.0,2903,2912,991,1045,876,0,0,0,0,0,10705,0.32534,0.35656,0.45266,0.412959,0.945655,2.343004,0.964365,32120,27365,17165
H2,heterogeneous_condition,120,365,76650,76650,0,1.0,22495.098422,22495098.422,8618.0,9.6,13196.4,671.098422,0.0,3127,3136,1240,932,964,1,1,0,0,1,10997,0.332086,0.384688,0.436971,0.418238,1.001425,2.434457,0.964059,32120,27362,17168
H2,heterogeneous_condition,121,365,76650,76650,0,1.0,23746.361522,23746361.522,9154.5,0.0,13887.6,704.261522,0.0,3279,3284,1312,1067,905,0,0,0,0,0,11573,0.308511,0.342699,0.441481,0.390341,1.021615,3.391484,0.962119,32120,27367,17163
H2,heterogeneous_condition,122,365,76650,76650,0,1.0,22544.828683,22544828.683,8654.5,0.0,13221.6,668.728683,0.0,3086,3104,1190,993,921,0,0,0,0,0,11018,0.324196,0.370731,0.428474,0.369847,0.996644,2.514645,0.963772,32120,27365,17165
H2,heterogeneous_condition,123,365,76650,76650,0,1.0,23655.41248,23655412.48,9110.0,0.0,13845.6,699.81248,0.0,3241,3257,1275,1070,912,0,0,0,0,0,11538,0.316392,0.366201,0.437436,0.387086,1.029339,2.838985,0.962105,32120,27360,17170
H2,heterogeneous_condition,124,365,76650,76650,0,1.0,23948.829813,23948829.813,9260.0,0.0,13981.2,707.629813,0.0,3283,3294,1319,1123,852,0,0,0,0,0,11651,0.325239,0.345592,0.445449,0.393753,1.036929,2.830429,0.961781,32120,27360,17170
H2,heterogeneous_condition,125,365,76650,76650,0,1.0,22350.159951,22350159.951,8584.0,0.0,13116.0,650.159951,0.0,2967,2976,1039,1109,828,0,0,0,0,0,10930,0.33427,0.380862,0.422309,0.399873,0.973181,3.454216,0.96363,32120,27369,17161
H2,heterogeneous_condition,126,365,76650,76650,0,1.0,20917.630899,20917630.899,8097.0,0.0,12195.6,625.030899,0.0,2893,2907,1209,956,742,0,0,0,0,0,10163,0.328925,0.352126,0.422427,0.430266,0.944488,2.366325,0.966804,32120,27363,17167
H2,heterogeneous_condition,127,365,76650,76650,0,1.0,21653.272835,21653272.835,8375.0,0.0,12640.8,637.472835,0.0,2927,2940,1142,1064,734,0,0,0,0,0,10534,0.329629,0.395645,0.423833,0.396996,0.942635,2.523655,0.96526,32120,27366,17164
H2,heterogeneous_condition,128,365,76650,76650,0,1.0,20134.358706,20134358.706,7693.5,9.6,11835.6,595.658706,0.0,2726,2739,996,896,847,1,1,0,0,1,9863,0.33143,0.386113,0.434675,0.388759,0.896926,2.281344,0.967406,32120,27368,17162
H2,heterogeneous_condition,129,365,76650,76650,0,1.0,22720.445485,22720445.485,8748.0,0.0,13286.4,686.045485,0.0,3227,3236,1381,899,956,0,0,0,0,0,11072,0.341747,0.38967,0.440446,0.397981,1.00374,2.367916,0.964169,32120,27366,17164
H2,heterogeneous_condition,130,365,76650,76650,0,1.0,20968.640736,20968640.736,8116.5,0.0,12225.6,626.540736,0.0,2903,2913,1209,959,745,0,0,0,0,0,10188,0.308249,0.354481,0.42332,0.416457,0.909215,1.866523,0.966726,32120,27360,17170
H3,heterogeneous_condition,101,365,76650,76650,0,1.0,22146.125958,22146125.958,8538.0,0.0,12962.4,645.725958,0.0,3029,3091,1247,956,888,0,0,0,0,0,10802,0.710722,0.777987,0.743174,0.755381,0.937723,2.4518,0.964498,32120,21900,22630
H3,heterogeneous_condition,102,365,76650,76650,0,1.0,22024.056989,22024056.989,8645.0,0.0,12729.6,649.456989,0.0,3076,3144,1484,1018,642,0,0,0,0,0,10608,0.74416,0.77844,0.769314,0.784415,0.873249,2.345799,0.965603,32120,21900,22630
H3,heterogeneous_condition,103,365,76650,76650,0,1.0,28228.317146,28228317.146,10961.5,0.0,16460.4,806.417146,0.0,3676,3834,1504,1419,911,0,0,0,0,0,13717,0.712626,0.774545,0.761479,0.74943,0.992559,2.718937,0.954146,32120,21900,22630
H3,heterogeneous_condition,104,365,76650,76650,0,1.0,23983.914406,23983914.406,9260.5,0.0,14013.6,709.814406,0.0,3352,3445,1512,936,997,0,0,0,0,0,11678,0.728313,0.77516,0.76045,0.759806,0.94391,2.700947,0.961982,32120,21900,22630
H3,heterogeneous_condition,105,365,76650,76650,0,1.0,25383.061448,25383061.448,9818.5,0.0,14830.8,733.761448,0.0,3407,3508,1410,1169,929,0,0,0,0,0,12359,0.719651,0.76788,0.776367,0.734181,1.020715,2.576161,0.959114,32120,21900,22630
H3,heterogeneous_condition,106,365,76650,76650,0,1.0,23531.71738,23531717.38,9083.5,0.0,13784.4,663.81738,0.0,3046,3115,1092,1228,795,0,0,0,0,0,11487,0.723692,0.782475,0.747159,0.781899,0.982959,2.36643,0.961447,32120,21900,22630
H3,heterogeneous_condition,107,365,76650,76650,0,1.0,24453.138849,24453138.849,9477.0,0.0,14252.4,723.738849,0.0,3426,3517,1577,982,958,0,0,0,0,0,11877,0.714118,0.764784,0.774247,0.770095,0.96149,2.78374,0.961402,32120,21900,22630
H3,heterogeneous_condition,108,365,76650,76650,0,1.0,30031.253182,30031253.182,11529.5,0.0,17641.2,860.553182,0.0,3872,4097,1494,1356,1247,0,0,0,0,0,14701,0.709688,0.749356,0.743746,0.76433,1.128587,3.150683,0.950543,32120,21900,22630
H3,heterogeneous_condition,109,365,76650,76650,0,1.0,21851.979688,21851979.688,8474.5,0.0,12726.0,651.479688,0.0,3094,3169,1452,852,865,0,0,0,0,0,10605,0.732208,0.771703,0.761459,0.758324,0.909119,2.084195,0.965699,32120,21900,22630
H3,heterogeneous_condition,110,365,76650,76650,0,1.0,30284.236818,30284236.818,11799.0,0.0,17617.2,868.036818,0.0,3937,4145,1690,1521,934,0,0,0,0,0,14681,0.737514,0.792678,0.754208,0.760036,1.167516,3.047173,0.950932,32120,21900,22630
H3,heterogeneous_condition,111,365,76650,76650,0,1.0,19754.198892,19754198.892,7587.5,0.0,11599.2,567.498892,0.0,2642,2682,977,914,791,0,0,0,0,0,9666,0.731368,0.7603,0.765987,0.774841,0.89138,2.095381,0.967918,32120,21900,22630
H3,heterogeneous_condition,112,365,76650,76650,0,1.0,22125.790471,22125790.471,8454.0,0.0,13035.6,636.190471,0.0,2958,3018,1071,963,984,0,0,0,0,0,10863,0.727768,0.767685,0.774533,0.760521,0.991605,2.415176,0.9639,32120,21900,22630
H3,heterogeneous_condition,113,365,76650,76650,0,1.0,24940.386496,24940386.496,9576.0,0.0,14654.4,709.986496,0.0,3265,3354,1188,1190,976,0,0,0,0,0,12212,0.722498,0.748714,0.75551,0.766958,0.969895,2.692642,0.959142,32120,21900,22630
H3,heterogeneous_condition,114,365,76650,76650,0,1.0,21909.322012,21909322.012,8398.0,0.0,12872.4,638.922012,0.0,3000,3065,1205,892,968,0,0,0,0,0,10727,0.748088,0.791791,0.763065,0.776954,0.993229,2.252138,0.964717,32120,21900,22630
H3,heterogeneous_condition,115,365,76650,76650,0,1.0,22107.158302,22107158.302,8450.5,0.0,13021.2,635.458302,0.0,2950,3012,1066,969,977,0,0,0,0,0,10851,0.722088,0.779787,0.745693,0.777367,0.935916,2.362907,0.963918,32120,21900,22630
H3,heterogeneous_condition,116,365,76650,76650,0,1.0,22831.970317,22831970.317,8788.0,0.0,13389.6,654.370317,0.0,3031,3103,1149,1070,884,0,0,0,0,0,11158,0.733691,0.764861,0.765522,0.784899,0.95815,1.862636,0.962881,32120,21900,22630
H3,heterogeneous_condition,117,365,76650,76650,0,1.0,22144.748468,22144748.468,8497.5,0.0,13011.6,635.648468,0.0,2954,3013,1097,1009,907,0,0,0,0,0,10843,0.736055,0.773331,0.765084,0.765881,0.944106,2.713709,0.963968,32120,21900,22630
H3,heterogeneous_condition,118,365,76650,76650,0,1.0,22911.649536,22911649.536,8860.5,0.0,13374.0,677.149536,0.0,3220,3280,1439,920,921,0,0,0,0,0,11145,0.726147,0.769024,0.760089,0.771392,1.087549,2.686366,0.963808,32120,21900,22630
H3,heterogeneous_condition,119,365,76650,76650,0,1.0,24149.840583,24149840.583,9242.5,0.0,14227.2,680.140583,0.0,3084,3183,1018,1196,969,0,0,0,0,0,11856,0.718339,0.777762,0.759335,0.742046,0.945655,2.343004,0.959941,32120,21900,22630
H3,heterogeneous_condition,120,365,76650,76650,0,1.0,22915.29083,22915290.83,8820.5,0.0,13436.4,658.39083,0.0,3055,3124,1174,1065,885,0,0,0,0,0,11197,0.723679,0.775102,0.749462,0.755411,1.001425,2.434457,0.962817,32120,21900,22630
H3,heterogeneous_condition,121,365,76650,76650,0,1.0,24991.046051,24991046.051,9654.5,0.0,14608.8,727.746051,0.0,3413,3497,1437,1087,973,0,0,0,0,0,12174,0.722231,0.781596,0.760499,0.763934,1.021615,3.391484,0.959986,32120,21900,22630
H3,heterogeneous_condition,122,365,76650,76650,0,1.0,21697.74024,21697740.24,8387.5,0.0,12678.0,632.24024,0.0,2957,3027,1240,960,827,0,0,0,0,0,10565,0.731174,0.77415,0.747791,0.779804,0.996644,2.514645,0.96526,32120,21900,22630
H3,heterogeneous_condition,123,365,76650,76650,0,1.0,24596.685181,24596685.181,9472.5,0.0,14427.6,696.585181,0.0,3179,3278,1147,1234,897,0,0,0,0,0,12023,0.725358,0.757986,0.760024,0.766301,1.029339,2.838985,0.959607,32120,21900,22630
H3,heterogeneous_condition,124,365,76650,76650,0,1.0,24628.3372,24628337.2,9468.5,0.0,14440.8,719.0372,0.0,3368,3459,1394,1012,1053,0,0,0,0,0,12034,0.722967,0.783166,0.759065,0.763462,1.036929,2.830429,0.96042,32120,21900,22630
H3,heterogeneous_condition,125,365,76650,76650,0,1.0,21533.656955,21533656.955,8303.5,0.0,12612.0,618.156955,0.0,2869,2930,1109,1022,799,0,0,0,0,0,10510,0.742029,0.780975,0.765744,0.760732,0.973181,3.454216,0.96511,32120,21900,22630
H3,heterogeneous_condition,126,365,76650,76650,0,1.0,21144.046707,21144046.707,8082.5,0.0,12451.2,610.346707,0.0,2842,2899,1054,908,937,0,0,0,0,0,10376,0.722555,0.769857,0.748072,0.780577,0.944488,2.366325,0.965598,32120,21900,22630
H3,heterogeneous_condition,127,365,76650,76650,0,1.0,23391.2876,23391287.6,9036.0,0.0,13689.6,665.6876,0.0,3069,3139,1154,1177,808,0,0,0,0,0,11408,0.724098,0.758338,0.754051,0.757477,0.942635,2.523655,0.961922,32120,21900,22630
H3,heterogeneous_condition,128,365,76650,76650,0,1.0,22918.867247,22918867.247,8754.0,0.0,13500.0,664.867247,0.0,3111,3178,1193,937,1048,0,0,0,0,0,11250,0.741392,0.779405,0.753778,0.769975,0.896926,2.281344,0.962831,32120,21900,22630
H3,heterogeneous_condition,129,365,76650,76650,0,1.0,24328.165022,24328165.022,9393.0,0.0,14222.4,712.765022,0.0,3338,3436,1436,1014,986,0,0,0,0,0,11852,0.731142,0.776588,0.746972,0.787213,1.00374,2.367916,0.961114,32120,21900,22630
H3,heterogeneous_condition,130,365,76650,76650,0,1.0,23316.193722,23316193.722,9030.0,0.0,13597.2,688.993722,0.0,3259,3340,1478,946,916,0,0,0,0,0,11331,0.733512,0.768169,0.758672,0.785382,0.909215,1.866523,0.963132,32120,21900,22630
H4,heterogeneous_condition,101,365,76650,76650,0,1.0,22250.161129,22250161.129,8585.0,0.0,13016.4,648.761129,0.0,3060,3115,1276,957,882,0,0,0,0,0,10847,0.74235,0.782189,0.766288,0.789051,0.937723,2.4518,0.964438,29565,26280,20805
H4,heterogeneous_condition,102,365,76650,76650,0,1.0,22073.401306,22073401.306,8673.5,0.0,12747.6,652.301306,0.0,3106,3163,1513,1015,635,0,0,0,0,0,10623,0.734385,0.755371,0.785366,0.784948,0.873249,2.345799,0.965667,29565,26280,20805
H4,heterogeneous_condition,103,365,76650,76650,0,1.0,28271.422503,28271422.503,10981.5,9.6,16471.2,809.122503,0.0,3672,3851,1531,1413,907,1,1,0,0,1,13726,0.722893,0.749871,0.754469,0.781982,0.992559,2.718937,0.954087,29568,26280,20802
H4,heterogeneous_condition,104,365,76650,76650,0,1.0,24047.649189,24047649.189,9303.0,0.0,14031.6,713.049189,0.0,3369,3469,1544,935,990,0,0,0,0,0,11693,0.738437,0.782989,0.762462,0.794281,0.94391,2.700947,0.961982,29565,26280,20805
H4,heterogeneous_condition,105,365,76650,76650,0,1.0,25443.224055,25443224.055,9853.0,0.0,14853.6,736.624055,0.0,3416,3532,1443,1163,926,0,0,0,0,0,12378,0.733316,0.786387,0.763409,0.792195,1.020715,2.576161,0.959068,29565,26280,20805
H4,heterogeneous_condition,106,365,76650,76650,0,1.0,23588.965869,23588965.869,9117.0,0.0,13806.0,665.965869,0.0,3060,3133,1115,1228,790,0,0,0,0,0,11505,0.747476,0.771499,0.789517,0.78967,0.982959,2.36643,0.961429,29565,26280,20805
H4,heterogeneous_condition,107,365,76650,76650,0,1.0,24530.834005,24530834.005,9519.0,0.0,14284.8,727.034005,0.0,3454,3541,1613,982,946,0,0,0,0,0,11904,0.751574,0.778681,0.779471,0.783871,0.96149,2.78374,0.961406,29565,26280,20805
H4,heterogeneous_condition,108,365,76650,76650,0,1.0,30101.314312,30101314.312,11565.5,0.0,17672.4,863.414312,0.0,3880,4117,1525,1357,1235,0,0,0,0,0,14727,0.72195,0.770089,0.757321,0.747877,1.128587,3.150683,0.95047,29565,26280,20805
H4,heterogeneous_condition,109,365,76650,76650,0,1.0,21959.478801,21959478.801,8529.5,0.0,12775.2,654.778801,0.0,3109,3196,1483,854,859,0,0,0,0,0,10646,0.753353,0.773205,0.798151,0.797875,0.909119,2.084195,0.965575,29565,26280,20805
H4,heterogeneous_condition,110,365,76650,76650,0,1.0,30399.569842,30399569.842,11840.5,9.6,17677.2,872.269842,0.0,3959,4171,1725,1517,929,1,1,0,0,1,14731,0.727058,0.772767,0.764857,0.774561,1.167516,3.047173,0.950808,29568,26280,20802
H4,heterogeneous_condition,111,365,76650,76650,0,1.0,19811.701751,19811701.751,7616.5,0.0,11625.6,569.601751,0.0,2648,2700,1003,912,785,0,0,0,0,0,9688,0.7395,0.80139,0.775443,0.775135,0.89138,2.095381,0.967845,29565,26280,20805
H4,heterogeneous_condition,112,365,76650,76650,0,1.0,22184.293017,22184293.017,8480.5,0.0,13065.6,638.193017,0.0,2969,3034,1095,962,977,0,0,0,0,0,10888,0.743222,0.781037,0.779841,0.774813,0.991605,2.415176,0.963836,29565,26280,20805
H4,heterogeneous_condition,113,365,76650,76650,0,1.0,24986.619957,24986619.957,9608.5,0.0,14666.4,711.719957,0.0,3262,3372,1213,1190,969,0,0,0,0,0,12222,0.746471,0.763074,0.783042,0.796385,0.969895,2.692642,0.959082,29565,26280,20805
H4,heterogeneous_condition,114,365,76650,76650,0,1.0,21944.104031,21944104.031,8424.5,0.0,12878.4,641.204031,0.0,3009,3082,1231,890,961,0,0,0,0,0,10732,0.746316,0.788764,0.777354,0.781623,0.993229,2.252138,0.964726,29565,26280,20805
H4,heterogeneous_condition,115,365,76650,76650,0,1.0,22141.72481,22141724.81,8469.5,0.0,13035.6,636.62481,0.0,2953,3025,1090,968,967,0,0,0,0,0,10863,0.741705,0.78756,0.780061,0.771299,0.935916,2.362907,0.963877,29565,26280,20805
H4,heterogeneous_condition,116,365,76650,76650,0,1.0,22889.489151,22889489.151,8813.5,0.0,13419.6,656.389151,0.0,3051,3118,1173,1070,875,0,0,0,0,0,11183,0.742915,0.757996,0.791471,0.775432,0.95815,1.862636,0.962863,29565,26280,20805
H4,heterogeneous_condition,117,365,76650,76650,0,1.0,22201.307199,22201307.199,8523.5,0.0,13040.4,637.407199,0.0,2959,3029,1122,1008,899,0,0,0,0,0,10867,0.752038,0.784503,0.783385,0.778588,0.944106,2.713709,0.963886,29565,26280,20805
H4,heterogeneous_condition,118,365,76650,76650,0,1.0,22992.337378,22992337.378,8905.5,0.0,13406.4,680.437378,0.0,3219,3305,1471,919,915,0,0,0,0,0,11172,0.741312,0.775183,0.787589,0.783737,1.087549,2.686366,0.963676,29565,26280,20805
H4,heterogeneous_condition,119,365,76650,76650,0,1.0,24188.572749,24188572.749,9260.5,0.0,14246.4,681.672749,0.0,3106,3198,1042,1191,965,0,0,0,0,0,11872,0.739886,0.780864,0.747754,0.796758,0.945655,2.343004,0.959968,29565,26280,20805
H4,heterogeneous_condition,120,365,76650,76650,0,1.0,22990.001886,22990001.886,8864.5,0.0,13464.0,661.501886,0.0,3080,3147,1201,1065,881,0,0,0,0,0,11220,0.743023,0.771083,0.766991,0.786984,1.001425,2.434457,0.962822,29565,26280,20805
H4,heterogeneous_condition,121,365,76650,76650,0,1.0,25059.319584,25059319.584,9688.0,0.0,14641.2,730.119584,0.0,3396,3516,1465,1087,964,0,0,0,0,0,12201,0.741406,0.753382,0.784382,0.798033,1.021615,3.391484,0.95979,29565,26280,20805
H4,heterogeneous_condition,122,365,76650,76650,0,1.0,21743.722503,21743722.503,8413.5,0.0,12696.0,634.222503,0.0,2976,3043,1265,959,819,0,0,0,0,0,10580,0.739258,0.780188,0.766766,0.780989,0.996644,2.514645,0.965279,29565,26280,20805
H4,heterogeneous_condition,123,365,76650,76650,0,1.0,24647.714082,24647714.082,9497.5,0.0,14451.6,698.614082,0.0,3205,3296,1175,1230,891,0,0,0,0,0,12043,0.732572,0.774552,0.773104,0.778463,1.029339,2.838985,0.959639,29565,26280,20805
H4,heterogeneous_condition,124,365,76650,76650,0,1.0,24682.127665,24682127.665,9497.0,0.0,14463.6,721.527665,0.0,3361,3478,1423,1009,1046,0,0,0,0,0,12053,0.735939,0.775549,0.756287,0.799815,1.036929,2.830429,0.960311,29565,26280,20805
H4,heterogeneous_condition,125,365,76650,76650,0,1.0,21582.141992,21582141.992,8329.0,0.0,12633.6,619.541992,0.0,2888,2946,1132,1020,794,0,0,0,0,0,10528,0.756653,0.788967,0.781776,0.806693,0.973181,3.454216,0.96511,29565,26280,20805
H4,heterogeneous_condition,126,365,76650,76650,0,1.0,21202.275518,21202275.518,8115.0,0.0,12475.2,612.075518,0.0,2863,2917,1079,908,930,0,0,0,0,0,10396,0.749229,0.780508,0.795945,0.786282,0.944488,2.366325,0.965598,29565,26280,20805
H4,heterogeneous_condition,127,365,76650,76650,0,1.0,23467.184813,23467184.813,9080.5,0.0,13718.4,668.284813,0.0,3081,3161,1181,1179,801,0,0,0,0,0,11432,0.752323,0.770964,0.788605,0.776736,0.942635,2.523655,0.961858,29565,26280,20805
H4,heterogeneous_condition,128,365,76650,76650,0,1.0,22976.637552,22976637.552,8786.5,0.0,13522.8,667.337552,0.0,3113,3196,1218,937,1041,0,0,0,0,0,11269,0.734093,0.764681,0.772431,0.786355,0.896926,2.281344,0.962749,29565,26280,20805
H4,heterogeneous_condition,129,365,76650,76650,0,1.0,24457.142562,24457142.562,9448.5,0.0,14292.0,716.642562,0.0,3375,3462,1467,1018,977,0,0,0,0,0,11910,0.743862,0.759727,0.799397,0.772527,1.00374,2.367916,0.961018,29565,26280,20805
H4,heterogeneous_condition,130,365,76650,76650,0,1.0,23394.500668,23394500.668,9071.5,0.0,13630.8,692.200668,0.0,3282,3364,1512,945,907,0,0,0,0,0,11359,0.744336,0.784651,0.775263,0.790397,0.909215,1.866523,0.96311,29565,26280,20805
H0,high_stress,101,365,76650,76641,9,0.999883,42628.902956,42628902.956,12410.0,2891.2,26465.4,844.302956,18.0,1460,4380,1460,1460,1460,260,212,32,16,260,20358,0.727899,0.815563,0.831039,0.837399,0.94495,1.789128,0.914886,28293,25718,22630
H0,high_stress,102,365,76650,76640,10,0.99987,44512.788568,44512788.568,12410.0,3636.1,27579.5,867.188568,20.0,1460,4380,1460,1460,1460,319,188,38,93,319,21215,0.736458,0.802071,0.83995,0.865599,0.943556,1.737806,0.911242,28324,25686,22630
H0,high_stress,103,365,76650,76641,9,0.999883,48010.982311,48010982.311,12410.0,5175.3,29450.2,957.482311,18.0,1460,4380,1460,1460,1460,417,243,157,17,417,22654,0.701263,0.789034,0.793907,0.864868,0.997821,1.916314,0.905105,28344,25667,22630
H0,high_stress,104,365,76650,76639,11,0.999856,43661.303241,43661303.241,12410.0,3320.2,27028.3,880.803241,22.0,1460,4380,1460,1460,1460,297,230,37,30,297,20791,0.728553,0.771499,0.864199,0.853545,0.957645,1.907839,0.913073,28315,25694,22630
H0,high_stress,105,365,76650,76636,14,0.999817,45434.508797,45434508.797,12410.0,4069.0,28034.5,893.008797,28.0,1460,4380,1460,1460,1460,343,221,88,34,343,21565,0.698903,0.791909,0.765708,0.861216,1.00073,1.848704,0.909749,28322,25684,22630
H0,high_stress,106,365,76650,76647,3,0.999961,42150.483369,42150483.369,12410.0,2648.1,26217.1,869.283369,6.0,1460,4380,1460,1460,1460,204,102,101,1,204,20167,0.712784,0.814386,0.779064,0.847955,0.994688,1.747836,0.915502,28287,25730,22630
H0,high_stress,107,365,76650,76641,9,0.999883,46086.099004,46086099.004,12410.0,4345.9,28406.3,905.899004,18.0,1460,4380,1460,1460,1460,395,290,26,79,395,21851,0.712266,0.785552,0.818467,0.879452,0.972834,1.946739,0.90868,28309,25702,22630
H0,high_stress,108,365,76650,76634,16,0.999791,48597.140577,48597140.577,12410.0,5404.1,29771.3,979.740577,32.0,1460,4380,1460,1460,1460,470,322,83,65,470,22901,0.655337,0.706911,0.788111,0.831989,1.054453,2.116225,0.904228,28339,25665,22630
H0,high_stress,109,365,76650,76640,10,0.99987,41178.237451,41178237.451,12410.0,2268.5,25645.1,834.637451,20.0,1460,4380,1460,1460,1460,211,190,12,9,211,19727,0.757459,0.793269,0.866781,0.883018,0.947255,1.608784,0.917543,28316,25694,22630
H0,high_stress,110,365,76650,76637,13,0.99983,51980.195474,51980195.474,12410.0,6848.4,31683.6,1012.195474,26.0,1460,4380,1460,1460,1460,561,324,181,56,561,24372,0.670326,0.736675,0.756077,0.838776,1.097465,2.06887,0.897927,28346,25661,22630
H0,high_stress,111,365,76650,76644,6,0.999922,39504.992504,39504992.504,12410.0,1531.4,24767.6,783.992504,12.0,1460,4380,1460,1460,1460,122,61,47,14,122,19052,0.782627,0.827374,0.859671,0.887134,0.935369,1.614375,0.920215,28226,25788,22630
H0,high_stress,112,365,76650,76645,5,0.999935,43189.173363,43189173.363,12410.0,3114.8,26800.8,853.573363,10.0,1460,4380,1460,1460,1460,267,181,58,28,267,20616,0.713102,0.839112,0.805174,0.854282,0.992893,1.771454,0.913735,28355,25660,22630
H0,high_stress,113,365,76650,76640,10,0.99987,42089.435312,42089435.312,12410.0,2648.1,26141.7,869.635312,20.0,1460,4380,1460,1460,1460,236,195,36,5,236,20109,0.730547,0.798789,0.818372,0.867893,0.979757,1.548512,0.915913,28324,25686,22630
H0,high_stress,114,365,76650,76643,7,0.999909,40603.07317,40603073.17,12410.0,2011.1,25327.9,840.07317,14.0,1460,4380,1460,1460,1460,186,160,11,15,186,19483,0.71794,0.772264,0.874005,0.826714,0.996107,1.692016,0.918539,28323,25690,22630
H0,high_stress,115,365,76650,76647,3,0.999961,39303.235381,39303235.381,12410.0,1437.8,24607.7,841.735381,6.0,1460,4380,1460,1460,1460,128,97,17,14,128,18929,0.694977,0.775645,0.841035,0.880854,0.961958,1.746125,0.920804,28277,25740,22630
H0,high_stress,116,365,76650,76645,5,0.999935,42112.954579,42112954.579,12410.0,2633.8,26198.9,860.254579,10.0,1460,4380,1460,1460,1460,227,146,43,38,227,20153,0.71752,0.806434,0.815074,0.863591,0.985376,1.61001,0.915667,28300,25715,22630
H0,high_stress,117,365,76650,76647,3,0.999961,42328.324864,42328324.864,12410.0,2756.0,26288.6,867.724864,6.0,1460,4380,1460,1460,1460,248,199,29,20,248,20222,0.727042,0.772127,0.842928,0.870706,0.999195,1.913852,0.915447,28269,25748,22630
H0,high_stress,118,365,76650,76638,12,0.999843,43850.673165,43850673.165,12410.0,3390.4,27133.6,892.673165,24.0,1460,4380,1460,1460,1460,312,251,17,44,312,20872,0.666425,0.750059,0.759811,0.869994,1.056694,1.94456,0.912776,28329,25679,22630
H0,high_stress,119,365,76650,76645,5,0.999935,42135.070003,42135070.003,12410.0,2605.2,26226.2,883.670003,10.0,1460,4380,1460,1460,1460,218,105,49,64,218,20174,0.756915,0.853188,0.804697,0.839578,0.965527,1.736446,0.91553,28287,25728,22630
H0,high_stress,120,365,76650,76641,9,0.999883,41905.535906,41905535.906,12410.0,2564.9,26055.9,856.735906,18.0,1460,4380,1460,1460,1460,222,163,46,13,222,20043,0.737777,0.818732,0.820569,0.869606,1.002072,1.780767,0.916146,28255,25756,22630
H0,high_stress,121,365,76650,76645,5,0.999935,43850.438176,43850438.176,12410.0,3393.0,27131.0,906.438176,10.0,1460,4380,1460,1460,1460,311,249,20,42,311,20870,0.721456,0.780035,0.822232,0.85217,1.012018,2.225128,0.912776,28327,25688,22630
H0,high_stress,122,365,76650,76643,7,0.999909,41668.321223,41668321.223,12410.0,2466.1,25931.1,847.121223,14.0,1460,4380,1460,1460,1460,218,170,35,13,218,19947,0.737548,0.837411,0.828358,0.875959,1.002817,1.907786,0.916571,28288,25725,22630
H0,high_stress,123,365,76650,76643,7,0.999909,43481.772022,43481772.022,12410.0,3207.1,26963.3,887.372022,14.0,1460,4380,1460,1460,1460,260,134,87,39,260,20741,0.687893,0.754078,0.784865,0.878285,1.016358,1.972553,0.913128,28312,25701,22630
H0,high_stress,124,365,76650,76641,9,0.999883,44077.326618,44077326.618,12410.0,3465.8,27270.1,913.426618,18.0,1460,4380,1460,1460,1460,304,205,45,54,304,20977,0.698369,0.761424,0.786137,0.85925,1.024928,1.968562,0.912251,28293,25718,22630
H0,high_stress,125,365,76650,76650,0,1.0,41081.865803,41081865.803,12410.0,2233.4,25604.8,833.665803,0.0,1460,4380,1460,1460,1460,201,172,27,2,201,19696,0.731077,0.819351,0.808776,0.85974,0.982807,2.253227,0.917639,28315,25705,22630
H0,high_stress,126,365,76650,76647,3,0.999961,42886.816337,42886816.337,12410.0,3014.7,26614.9,841.216337,6.0,1460,4380,1460,1460,1460,285,252,2,31,285,20473,0.723745,0.747504,0.924134,0.842823,1.013119,2.019505,0.914475,28288,25729,22630
H0,high_stress,127,365,76650,76646,4,0.999948,43104.739111,43104739.111,12410.0,3048.5,26755.3,882.939111,8.0,1460,4380,1460,1460,1460,249,139,81,29,249,20581,0.649195,0.739273,0.785279,0.865739,0.965828,1.823632,0.913817,28336,25680,22630
H0,high_stress,128,365,76650,76643,7,0.999909,42002.990936,42002990.936,12410.0,2619.5,26130.0,829.490936,14.0,1460,4380,1460,1460,1460,232,178,35,19,232,20100,0.730055,0.820267,0.825629,0.88576,0.933944,1.70634,0.915932,28291,25722,22630
H0,high_stress,129,365,76650,76633,17,0.999778,44085.792722,44085792.722,12410.0,3474.9,27264.9,901.992722,34.0,1460,4380,1460,1460,1460,308,225,42,41,308,20973,0.711351,0.757233,0.866559,0.832641,1.008516,1.748557,0.912297,28303,25700,22630
H0,high_stress,130,365,76650,76645,5,0.999935,43345.321232,43345321.232,12410.0,3186.3,26856.7,882.321232,10.0,1460,4380,1460,1460,1460,289,228,26,35,289,20659,0.712978,0.755927,0.851729,0.856933,0.950599,1.49851,0.913639,28321,25694,22630
H_TIME,high_stress,101,365,76650,76649,1,0.999987,40585.010925,40585010.925,12376.0,2059.2,25301.9,845.910925,2.0,1456,4368,1456,1456,1456,193,174,7,12,193,19463,0.705172,0.817452,0.830749,0.819775,0.94495,1.789128,0.918644,28342,25677,22630
H_TIME,high_stress,102,365,76650,76646,4,0.999948,43214.338302,43214338.302,12376.0,3175.9,26786.5,867.938302,8.0,1456,4368,1456,1456,1456,291,230,18,43,291,20605,0.658306,0.807849,0.751254,0.850395,0.943556,1.737806,0.913881,28391,25625,22630
H_TIME,high_stress,103,365,76650,76636,14,0.999817,47048.013006,47048013.006,12376.0,4795.7,28889.9,958.413006,28.0,1456,4368,1456,1456,1456,400,262,117,21,400,22223,0.625317,0.725569,0.73522,0.830612,0.997821,1.916314,0.906991,28306,25700,22630
H_TIME,high_stress,104,365,76650,76648,2,0.999974,43558.865225,43558865.225,12376.0,3325.4,26972.4,881.065225,4.0,1456,4368,1456,1456,1456,294,217,43,34,294,20748,0.651189,0.761352,0.84268,0.828502,0.957645,1.907839,0.913237,28272,25746,22630
H_TIME,high_stress,105,365,76650,76643,7,0.999909,44342.210577,44342210.577,12376.0,3646.5,27414.4,891.310577,14.0,1456,4368,1456,1456,1456,321,228,48,45,321,21088,0.66874,0.856932,0.73423,0.85654,1.00073,1.848704,0.911808,28875,25138,22630
H_TIME,high_stress,106,365,76650,76646,4,0.999948,40952.809203,40952809.203,12376.0,2194.4,25506.0,868.409203,8.0,1456,4368,1456,1456,1456,183,124,55,4,183,19620,0.669971,0.784491,0.742536,0.862216,0.994688,1.747836,0.917881,28305,25711,22630
H_TIME,high_stress,107,365,76650,76643,7,0.999909,45153.397285,45153397.285,12376.0,4002.7,27855.1,905.597285,14.0,1456,4368,1456,1456,1456,372,299,10,63,372,21427,0.6128,0.771605,0.758713,0.816786,0.972834,1.946739,0.910498,28346,25667,22630
H_TIME,high_stress,108,365,76650,76635,15,0.999804,48288.242556,48288242.556,12376.0,5300.1,29599.7,982.442556,30.0,1456,4368,1456,1456,1456,469,321,59,89,469,22769,0.61882,0.729275,0.712184,0.822615,1.054453,2.116225,0.904813,28283,25722,22630
H_TIME,high_stress,109,365,76650,76649,1,0.999987,40015.609022,40015609.022,12376.0,1825.2,24978.2,834.209022,2.0,1456,4368,1456,1456,1456,175,174,1,0,175,19214,0.649385,0.7041,0.818058,0.87612,0.947255,1.608784,0.919703,28275,25744,22630
H_TIME,high_stress,110,365,76650,76647,3,0.999961,51027.838666,51027838.666,12376.0,6493.5,31138.9,1013.438666,6.0,1456,4368,1456,1456,1456,541,327,151,63,541,23953,0.593926,0.692556,0.70586,0.846957,1.097465,2.06887,0.899731,28271,25746,22630
H_TIME,high_stress,111,365,76650,76650,0,1.0,37233.740576,37233740.576,12376.0,611.0,23465.0,781.740576,0.0,1456,4368,1456,1456,1456,58,55,1,2,58,18050,0.693593,0.821318,0.795334,0.93279,0.935369,1.614375,0.924484,28339,25681,22630
H_TIME,high_stress,112,365,76650,76645,5,0.999935,42497.610407,42497610.407,12376.0,2866.5,26391.3,853.810407,10.0,1456,4368,1456,1456,1456,254,189,36,29,254,20301,0.668797,0.865691,0.763079,0.823198,0.992893,1.771454,0.9151,28386,25629,22630
H_TIME,high_stress,113,365,76650,76646,4,0.999948,41294.288481,41294288.481,12376.0,2364.7,25673.7,871.888481,8.0,1456,4368,1456,1456,1456,224,209,4,11,224,19749,0.665739,0.767619,0.820897,0.843407,0.979757,1.548512,0.917479,28329,25687,22630
H_TIME,high_stress,114,365,76650,76649,1,0.999987,40372.585036,40372585.036,12376.0,1955.2,25197.9,841.485036,2.0,1456,4368,1456,1456,1456,180,149,11,20,180,19383,0.661828,0.747201,0.85245,0.836854,0.996107,1.692016,0.91895,28310,25709,22630
H_TIME,high_stress,115,365,76650,76649,1,0.999987,38589.256955,38589256.955,12376.0,1181.7,24189.1,840.456955,2.0,1456,4368,1456,1456,1456,111,102,4,5,111,18607,0.684569,0.805198,0.853406,0.82446,0.961958,1.746125,0.922183,28274,25745,22630
H_TIME,high_stress,116,365,76650,76641,9,0.999883,41212.877269,41212877.269,12376.0,2314.0,25646.4,858.477269,18.0,1456,4368,1456,1456,1456,207,167,28,12,207,19728,0.65108,0.801356,0.776972,0.852481,0.985376,1.61001,0.917498,28332,25679,22630
H_TIME,high_stress,117,365,76650,76645,5,0.999935,41133.08973,41133089.73,12376.0,2291.9,25587.9,867.28973,10.0,1456,4368,1456,1456,1456,215,199,9,7,215,19683,0.652705,0.789117,0.782993,0.834846,0.999195,1.913852,0.917744,28351,25664,22630
H_TIME,high_stress,118,365,76650,76644,6,0.999922,43117.918163,43117918.163,12376.0,3140.8,26696.8,892.318163,12.0,1456,4368,1456,1456,1456,294,257,9,28,294,20536,0.664627,0.747618,0.772462,0.850978,1.056694,1.94456,0.91421,28322,25692,22630
H_TIME,high_stress,119,365,76650,76649,1,0.999987,41122.835543,41122835.543,12376.0,2216.5,25642.5,885.835543,2.0,1456,4368,1456,1456,1456,179,77,57,45,179,19725,0.646398,0.838821,0.7022,0.864398,0.965527,1.736446,0.917388,28327,25692,22630
H_TIME,high_stress,120,365,76650,76650,0,1.0,41293.682329,41293682.329,12376.0,2353.0,25706.2,858.482329,0.0,1456,4368,1456,1456,1456,207,161,36,10,207,19774,0.63707,0.767632,0.75987,0.835506,1.002072,1.780767,0.917292,28370,25650,22630
H_TIME,high_stress,121,365,76650,76646,4,0.999948,43152.307708,43152307.708,12376.0,3143.4,26717.6,907.307708,8.0,1456,4368,1456,1456,1456,289,240,19,30,289,20552,0.644737,0.72259,0.762876,0.859338,1.012018,2.225128,0.914114,28327,25689,22630
H_TIME,high_stress,122,365,76650,76647,3,0.999961,41197.278626,41197278.626,12376.0,2319.2,25649.0,847.078626,6.0,1456,4368,1456,1456,1456,214,184,14,16,214,19730,0.674815,0.804036,0.794359,0.843817,1.002817,1.907786,0.917525,28321,25696,22630
H_TIME,high_stress,123,365,76650,76645,5,0.999935,43272.814335,43272814.335,12376.0,3165.5,26833.3,888.014335,10.0,1456,4368,1456,1456,1456,270,166,57,47,270,20641,0.626829,0.758262,0.719672,0.892086,1.016358,1.972553,0.913621,28298,25717,22630
H_TIME,high_stress,124,365,76650,76645,5,0.999935,43300.805801,43300805.801,12376.0,3194.1,26807.3,913.405801,10.0,1456,4368,1456,1456,1456,284,210,37,37,284,20621,0.632456,0.743712,0.757215,0.850542,1.024928,1.968562,0.913772,28362,25653,22630
H_TIME,high_stress,125,365,76650,76649,1,0.999987,40464.74614,40464746.14,12376.0,2013.7,25239.5,833.54614,2.0,1456,4368,1456,1456,1456,190,176,5,9,190,19415,0.67395,0.811343,0.758467,0.868982,0.982807,2.253227,0.918854,28353,25666,22630
H_TIME,high_stress,126,365,76650,76649,1,0.999987,42686.452188,42686452.188,12376.0,2983.5,26482.3,842.652188,2.0,1456,4368,1456,1456,1456,279,249,11,19,279,20371,0.683779,0.778931,0.888958,0.800186,1.013119,2.019505,0.914895,28330,25689,22630
H_TIME,high_stress,127,365,76650,76645,5,0.999935,43267.313177,43267313.177,12376.0,3169.4,26828.1,883.813177,10.0,1456,4368,1456,1456,1456,260,148,82,30,260,20637,0.62187,0.835952,0.681538,0.852079,0.965828,1.823632,0.913589,28315,25700,22630
H_TIME,high_stress,128,365,76650,76649,1,0.999987,40563.861048,40563861.048,12376.0,2042.3,25314.9,828.661048,2.0,1456,4368,1456,1456,1456,188,154,11,23,188,19473,0.645646,0.807666,0.786654,0.851109,0.933944,1.70634,0.91858,28305,25714,22630
H_TIME,high_stress,129,365,76650,76647,3,0.999961,43779.122953,43779122.953,12376.0,3409.9,27082.9,904.322953,6.0,1456,4368,1456,1456,1456,306,236,35,35,306,20833,0.636298,0.733461,0.822986,0.84361,1.008516,1.748557,0.912909,28333,25684,22630
H_TIME,high_stress,130,365,76650,76643,7,0.999909,41853.446922,41853446.922,12376.0,2592.2,25987.0,884.246922,14.0,1456,4368,1456,1456,1456,243,217,8,18,243,19990,0.641959,0.677807,0.834942,0.878142,0.950599,1.49851,0.91647,28358,25655,22630
H1,high_stress,101,365,76650,76650,0,1.0,31129.701164,31129701.164,10699.5,0.0,19613.1,817.101164,0.0,3760,3801,1356,1250,1195,0,0,0,0,0,15087,0.313664,0.364464,0.384585,0.426756,0.94495,1.789128,0.948269,32120,27375,17155
H1,high_stress,102,365,76650,76650,0,1.0,30621.508163,30621508.163,10466.5,20.8,19324.5,809.708163,0.0,3775,3812,1523,1132,1157,2,2,0,0,2,14865,0.350546,0.386542,0.408794,0.437279,0.943556,1.737806,0.949365,32120,27375,17155
H1,high_stress,103,365,76650,76650,0,1.0,33188.724425,33188724.425,11455.5,20.8,20844.2,868.224425,0.0,4018,4069,1634,1400,1035,2,2,0,0,2,16034,0.335917,0.374196,0.424494,0.40055,0.997821,1.916314,0.945132,32120,27375,17155
H1,high_stress,104,365,76650,76650,0,1.0,31413.515706,31413515.706,10796.0,10.4,19782.1,825.015706,0.0,3819,3854,1455,1259,1140,1,1,0,0,1,15217,0.313003,0.326954,0.417935,0.43491,0.957645,1.907839,0.947954,32120,27375,17155
H1,high_stress,105,365,76650,76650,0,1.0,33077.883168,33077883.168,11400.0,31.2,20780.5,866.183168,0.0,3997,4060,1643,1381,1036,3,3,0,0,3,15985,0.311665,0.34681,0.416711,0.404833,1.00073,1.848704,0.945265,32120,27375,17155
H1,high_stress,106,365,76650,76650,0,1.0,33257.511115,33257511.115,11490.0,0.0,20897.5,870.011115,0.0,4015,4069,1583,1406,1080,0,0,0,0,0,16075,0.316297,0.345893,0.404088,0.423231,0.994688,1.747836,0.944922,32120,27375,17155
H1,high_stress,107,365,76650,76650,0,1.0,32060.739296,32060739.296,11050.0,0.0,20165.6,845.139296,0.0,3946,3993,1720,1285,988,0,0,0,0,0,15512,0.313155,0.350084,0.423284,0.426599,0.972834,1.946739,0.947178,32120,27375,17155
H1,high_stress,108,365,76650,76650,0,1.0,34506.741396,34506741.396,11861.5,10.4,21725.6,909.241396,0.0,4149,4291,1746,1338,1207,1,1,0,0,1,16712,0.306397,0.341548,0.411009,0.413938,1.054453,2.116225,0.94263,32120,27375,17155
H1,high_stress,109,365,76650,76650,0,1.0,30781.229175,30781229.175,10564.5,10.4,19393.4,812.929175,0.0,3796,3828,1578,1189,1061,1,1,0,0,1,14918,0.318259,0.366395,0.42413,0.408553,0.947255,1.608784,0.94921,32120,27375,17155
H1,high_stress,110,365,76650,76650,0,1.0,36703.727586,36703727.586,12344.0,586.3,22817.6,955.827586,0.0,3264,4384,1672,1480,1232,56,53,0,3,56,17552,0.219071,0.269536,0.357169,0.310656,1.097465,2.06887,0.935005,32120,27375,17155
H1,high_stress,111,365,76650,76650,0,1.0,30918.404245,30918404.245,10650.0,0.0,19457.1,811.304245,0.0,3760,3793,1448,1261,1084,0,0,0,0,0,14967,0.342805,0.367908,0.424875,0.451961,0.935369,1.614375,0.948817,32120,27375,17155
H1,high_stress,112,365,76650,76650,0,1.0,32497.097448,32497097.448,11194.0,10.4,20441.2,851.497448,0.0,3953,3986,1550,1336,1100,1,1,0,0,1,15724,0.309715,0.35844,0.427528,0.410767,0.992893,1.771454,0.946247,32120,27375,17155
H1,high_stress,113,365,76650,76650,0,1.0,32177.328212,32177328.212,11095.0,0.0,20239.7,842.628212,0.0,3893,3932,1475,1335,1122,0,0,0,0,0,15569,0.338842,0.348037,0.414292,0.425365,0.979757,1.548512,0.946676,32120,27375,17155
H1,high_stress,114,365,76650,76650,0,1.0,32641.123915,32641123.915,11228.5,0.0,20553.0,859.623915,0.0,3997,4048,1647,1288,1113,0,0,0,0,0,15810,0.316099,0.345713,0.416403,0.420107,0.996107,1.692016,0.94605,32120,27375,17155
H1,high_stress,115,365,76650,76650,0,1.0,31364.232465,31364232.465,10765.0,0.0,19771.7,827.532465,0.0,3852,3892,1551,1207,1134,0,0,0,0,0,15209,0.321144,0.351165,0.415739,0.433879,0.961958,1.746125,0.948132,32120,27375,17155
H1,high_stress,116,365,76650,76650,0,1.0,32390.02443,32390024.43,11143.0,10.4,20385.3,851.32443,0.0,3948,4000,1596,1294,1110,1,1,0,0,1,15681,0.339043,0.377962,0.417912,0.42352,0.985376,1.61001,0.94642,32120,27375,17155
H1,high_stress,117,365,76650,76650,0,1.0,32814.277212,32814277.212,11269.0,0.0,20680.4,864.877212,0.0,4008,4069,1608,1267,1194,0,0,0,0,0,15908,0.306099,0.368596,0.411965,0.399735,0.999195,1.913852,0.945653,32120,27375,17155
H1,high_stress,118,365,76650,76650,0,1.0,34507.90474,34507904.74,11854.0,10.4,21732.1,911.40474,0.0,4201,4317,1819,1314,1184,1,1,0,0,1,16717,0.327658,0.36432,0.408177,0.400181,1.056694,1.94456,0.942845,32120,27375,17155
H1,high_stress,119,365,76650,76650,0,1.0,31956.514747,31956514.747,11023.0,0.0,20098.0,835.514747,0.0,3842,3887,1412,1341,1134,0,0,0,0,0,15460,0.323349,0.352957,0.397459,0.446941,0.965527,1.736446,0.946945,32120,27375,17155
H1,high_stress,120,365,76650,76650,0,1.0,32691.517615,32691517.615,11216.0,10.4,20603.7,861.417615,0.0,4001,4051,1600,1259,1192,1,1,0,0,1,15849,0.307704,0.35093,0.41807,0.407624,1.002072,1.780767,0.945895,32120,27375,17155
H1,high_stress,121,365,76650,76650,0,1.0,33542.398125,33542398.125,11554.5,0.0,21106.8,881.098125,0.0,4076,4141,1652,1352,1137,0,0,0,0,0,16236,0.318781,0.358067,0.409549,0.405671,1.012018,2.225128,0.944466,32120,27375,17155
H1,high_stress,122,365,76650,76650,0,1.0,33474.80764,33474807.64,11566.5,0.0,21035.3,873.00764,0.0,4008,4071,1515,1431,1125,0,0,0,0,0,16181,0.320913,0.3754,0.424992,0.407668,1.002817,1.907786,0.944406,32120,27375,17155
H1,high_stress,123,365,76650,76650,0,1.0,33555.059438,33555059.438,11567.5,0.0,21106.8,880.759438,0.0,4060,4132,1629,1368,1135,0,0,0,0,0,16236,0.298178,0.337507,0.440781,0.363406,1.016358,1.972553,0.944393,32120,27375,17155
H1,high_stress,124,365,76650,76650,0,1.0,34087.781593,34087781.593,11767.5,0.0,21426.6,893.681593,0.0,4100,4197,1671,1407,1119,0,0,0,0,0,16482,0.312878,0.351939,0.423357,0.403136,1.024928,1.968562,0.943452,32120,27375,17155
H1,high_stress,125,365,76650,76650,0,1.0,32129.667324,32129667.324,11098.5,0.0,20191.6,839.567324,0.0,3867,3909,1455,1369,1085,0,0,0,0,0,15532,0.318729,0.372351,0.408564,0.409466,0.982807,2.253227,0.946726,32120,27375,17155
H1,high_stress,126,365,76650,76650,0,1.0,32878.013769,32878013.769,11270.5,0.0,20737.6,869.913769,0.0,4059,4125,1732,1216,1177,0,0,0,0,0,15952,0.308965,0.334795,0.437969,0.450127,1.013119,2.019505,0.945685,32120,27375,17155
H1,high_stress,127,365,76650,76650,0,1.0,31879.140705,31879140.705,11011.5,0.0,20033.0,834.640705,0.0,3862,3903,1539,1349,1015,0,0,0,0,0,15410,0.345549,0.375939,0.40794,0.41575,0.965828,1.823632,0.94726,32120,27375,17155
H1,high_stress,128,365,76650,76650,0,1.0,30360.520632,30360520.632,10417.5,0.0,19139.9,803.120632,0.0,3736,3778,1526,1157,1095,0,0,0,0,0,14723,0.338399,0.383841,0.399219,0.418465,0.933944,1.70634,0.949822,32120,27375,17155
H1,high_stress,129,365,76650,76650,0,1.0,32954.763492,32954763.492,11281.0,20.8,20781.8,871.163492,0.0,4052,4121,1706,1221,1194,2,2,0,0,2,15986,0.317483,0.353068,0.445441,0.396289,1.008516,1.748557,0.945507,32120,27375,17155
H1,high_stress,130,365,76650,76650,0,1.0,31375.016665,31375016.665,10811.0,0.0,19737.9,826.116665,0.0,3847,3878,1581,1271,1026,0,0,0,0,0,15183,0.307724,0.330705,0.409289,0.415916,0.950599,1.49851,0.948228,32120,27375,17155
H2,high_stress,101,365,76650,76650,0,1.0,31154.506068,31154506.068,10712.0,0.0,19624.8,817.706068,0.0,3767,3803,1362,1257,1184,0,0,0,0,0,15096,0.324448,0.364015,0.40305,0.390183,0.94495,1.789128,0.94826,32120,27364,17166
H2,high_stress,102,365,76650,76650,0,1.0,30671.621114,30671621.114,10491.5,10.4,19357.0,812.721114,0.0,3793,3824,1533,1132,1159,1,1,0,0,1,14890,0.31671,0.341862,0.420684,0.382462,0.943556,1.737806,0.949329,32120,27371,17159
H2,high_stress,103,365,76650,76650,0,1.0,32950.208511,32950208.511,11388.0,0.0,20698.6,863.608511,0.0,3988,4044,1614,1390,1040,0,0,0,0,0,15922,0.310112,0.356148,0.402259,0.38963,0.997821,1.916314,0.945498,32120,27371,17159
H2,high_stress,104,365,76650,76650,0,1.0,31298.464334,31298464.334,10766.0,0.0,19709.3,823.164334,0.0,3806,3845,1455,1254,1136,0,0,0,0,0,15161,0.305838,0.336618,0.438054,0.367457,0.957645,1.907839,0.948142,32120,27373,17157
H2,high_stress,105,365,76650,76650,0,1.0,33037.742516,33037742.516,11408.0,0.0,20762.3,867.442516,0.0,4019,4067,1656,1379,1032,0,0,0,0,0,15971,0.291061,0.316969,0.392197,0.382095,1.00073,1.848704,0.945416,32120,27368,17162
H2,high_stress,106,365,76650,76650,0,1.0,33222.876777,33222876.777,11476.5,0.0,20876.7,869.676777,0.0,4000,4066,1586,1403,1077,0,0,0,0,0,16059,0.278269,0.330985,0.389864,0.421908,0.994688,1.747836,0.944927,32120,27375,17155
H2,high_stress,107,365,76650,76650,0,1.0,32132.035707,32132035.707,11051.0,20.8,20212.4,847.835707,0.0,3949,3998,1722,1278,998,2,2,0,0,2,15548,0.295749,0.32314,0.406458,0.383059,0.972834,1.946739,0.947037,32120,27373,17157
H2,high_stress,108,365,76650,76650,0,1.0,34612.360447,34612360.447,11872.5,52.0,21776.3,911.560447,0.0,4135,4290,1740,1345,1205,5,5,0,0,5,16751,0.289302,0.322693,0.392152,0.394189,1.054453,2.116225,0.942406,32120,27374,17156
H2,high_stress,109,365,76650,76650,0,1.0,30671.394205,30671394.205,10535.5,0.0,19324.5,811.394205,0.0,3782,3815,1571,1189,1055,0,0,0,0,0,14865,0.305499,0.384072,0.37356,0.377913,0.947255,1.608784,0.949384,32120,27361,17169
H2,high_stress,110,365,76650,76650,0,1.0,36907.552979,36907552.979,12272.5,715.0,22967.1,952.95298,0.0,3463,4355,1637,1469,1249,68,65,1,2,68,17667,0.260752,0.31313,0.363325,0.35676,1.097465,2.06887,0.935443,32120,27375,17155
H2,high_stress,111,365,76650,76650,0,1.0,30981.192436,30981192.436,10644.5,31.2,19492.2,813.292436,0.0,3758,3794,1452,1257,1085,3,3,0,0,3,14994,0.302329,0.352521,0.430446,0.381475,0.935369,1.614375,0.948699,32120,27367,17163
H2,high_stress,112,365,76650,76650,0,1.0,32712.06186,32712061.86,11281.0,0.0,20572.5,858.56186,0.0,3977,4021,1572,1343,1106,0,0,0,0,0,15825,0.307277,0.371493,0.39918,0.399392,0.992893,1.771454,0.94589,32120,27365,17165
H2,high_stress,113,365,76650,76650,0,1.0,32277.099916,32277099.916,11123.0,10.4,20298.2,845.499916,0.0,3896,3939,1475,1342,1122,1,1,0,0,1,15614,0.303651,0.35013,0.397713,0.386279,0.979757,1.548512,0.946489,32120,27371,17159
H2,high_stress,114,365,76650,76650,0,1.0,32516.289718,32516289.718,11183.0,0.0,20475.0,858.289718,0.0,3981,4035,1643,1278,1114,0,0,0,0,0,15750,0.27928,0.361868,0.367578,0.368025,0.996107,1.692016,0.946251,32120,27362,17168
H2,high_stress,115,365,76650,76650,0,1.0,31364.743807,31364743.807,10743.5,20.8,19771.7,828.743807,0.0,3853,3896,1563,1190,1143,2,2,0,0,2,15209,0.329485,0.370242,0.398027,0.394843,0.961958,1.746125,0.948146,32120,27375,17155
H2,high_stress,116,365,76650,76650,0,1.0,32524.641268,32524641.268,11181.0,20.8,20467.2,855.641268,0.0,3956,4010,1588,1300,1122,2,2,0,0,2,15744,0.302119,0.32999,0.398361,0.392442,0.985376,1.61001,0.946174,32120,27375,17155
H2,high_stress,117,365,76650,76650,0,1.0,32715.309821,32715309.821,11224.5,10.4,20618.0,862.409821,0.0,4006,4052,1594,1261,1197,1,1,0,0,1,15860,0.309177,0.338036,0.420581,0.380874,0.999195,1.913852,0.945868,32120,27364,17166
H2,high_stress,118,365,76650,76650,0,1.0,34682.148741,34682148.741,11886.5,41.6,21838.7,915.348741,0.0,4212,4329,1823,1317,1189,4,4,0,0,4,16799,0.311137,0.362047,0.409917,0.361488,1.056694,1.94456,0.942534,32120,27364,17166
H2,high_stress,119,365,76650,76650,0,1.0,32024.51949,32024519.49,11053.0,0.0,20134.4,837.11949,0.0,3845,3889,1404,1355,1130,0,0,0,0,0,15488,0.318517,0.34919,0.403362,0.409893,0.965527,1.736446,0.946826,32120,27371,17159
H2,high_stress,120,365,76650,76650,0,1.0,32529.016191,32529016.191,11169.0,0.0,20502.3,857.716191,0.0,3975,4034,1603,1257,1174,0,0,0,0,0,15771,0.293082,0.366011,0.412416,0.380357,1.002072,1.780767,0.946128,32120,27370,17160
H2,high_stress,121,365,76650,76650,0,1.0,33524.446311,33524446.311,11534.5,20.8,21088.6,880.546311,0.0,4058,4127,1637,1357,1133,2,2,0,0,2,16222,0.291495,0.346683,0.401474,0.351712,1.012018,2.225128,0.944457,32120,27369,17161
H2,high_stress,122,365,76650,76650,0,1.0,33418.557056,33418557.056,11501.0,62.4,20984.6,870.557056,0.0,3976,4044,1490,1424,1130,6,6,0,0,6,16142,0.311655,0.330895,0.422723,0.397486,1.002817,1.907786,0.944466,32120,27375,17155
H2,high_stress,123,365,76650,76650,0,1.0,33661.738233,33661738.233,11583.5,31.2,21164.0,883.038233,0.0,4050,4139,1641,1371,1127,3,3,0,0,3,16280,0.296228,0.320415,0.415649,0.39524,1.016358,1.972553,0.94416,32120,27364,17166
H2,high_stress,124,365,76650,76650,0,1.0,33774.920436,33774920.436,11650.0,0.0,21238.1,886.820436,0.0,4076,4161,1654,1383,1124,0,0,0,0,0,16337,0.307664,0.339886,0.394734,0.39642,1.024928,1.968562,0.944005,32120,27364,17166
H2,high_stress,125,365,76650,76650,0,1.0,32525.69656,32525696.56,11221.0,10.4,20443.8,850.49656,0.0,3908,3963,1486,1371,1106,1,1,0,0,1,15726,0.310856,0.343055,0.416323,0.402586,0.982807,2.253227,0.946032,32120,27375,17155
H2,high_stress,126,365,76650,76650,0,1.0,32804.255123,32804255.123,11234.5,10.4,20689.5,869.855123,0.0,4053,4116,1738,1209,1169,1,1,0,0,1,15915,0.296985,0.313181,0.409422,0.376112,1.013119,2.019505,0.945831,32120,27368,17162
H2,high_stress,127,365,76650,76650,0,1.0,32086.408191,32086408.191,11071.5,20.8,20153.9,840.208191,0.0,3863,3920,1534,1359,1027,2,2,0,0,2,15503,0.312319,0.3546,0.410555,0.368548,0.965828,1.823632,0.946849,32120,27371,17159
H2,high_stress,128,365,76650,76650,0,1.0,30408.595724,30408595.724,10418.5,10.4,19175.0,804.695724,0.0,3750,3786,1540,1149,1097,1,1,0,0,1,14750,0.306012,0.386089,0.397392,0.397354,0.933944,1.70634,0.949767,32120,27372,17158
H2,high_stress,129,365,76650,76650,0,1.0,32927.426671,32927426.671,11270.5,20.8,20764.9,871.226671,0.0,4056,4114,1698,1223,1193,2,2,0,0,2,15973,0.29588,0.334239,0.399018,0.394332,1.008516,1.748557,0.945584,32120,27369,17161
H2,high_stress,130,365,76650,76650,0,1.0,31408.60074,31408600.74,10814.0,10.4,19757.4,826.80074,0.0,3845,3879,1583,1272,1024,1,1,0,0,1,15198,0.299642,0.340565,0.409945,0.392554,0.950599,1.49851,0.948155,32120,27362,17168
H3,high_stress,101,365,76650,76650,0,1.0,32316.800745,32316800.745,11141.0,0.0,20337.2,838.600745,0.0,3719,4032,1619,1247,1166,0,0,0,0,0,15644,0.736341,0.757796,0.772682,0.762544,0.94495,1.789128,0.945539,32120,21900,22630
H3,high_stress,102,365,76650,76650,0,1.0,33050.033459,33050033.459,11423.5,0.0,20772.7,853.833459,0.0,3734,4079,1541,1331,1207,0,0,0,0,0,15979,0.724071,0.791897,0.73963,0.770682,0.943556,1.737806,0.944082,32120,21900,22630
H3,high_stress,103,365,76650,76650,0,1.0,38048.13691,38048136.91,12617.5,858.0,23613.2,959.43691,0.0,2810,4445,1712,1574,1159,67,36,31,0,67,18164,0.660746,0.707082,0.695153,0.700768,0.997821,1.916314,0.930187,32120,21900,22630
H3,high_stress,104,365,76650,76650,0,1.0,33663.858318,33663858.318,11598.5,0.0,21186.1,879.258318,0.0,3820,4252,1783,1240,1229,0,0,0,0,0,16297,0.712343,0.781254,0.744125,0.753901,0.957645,1.907839,0.943018,32120,21900,22630
H3,high_stress,105,365,76650,76650,0,1.0,34028.076186,34028076.186,11786.0,0.0,21364.2,877.876186,0.0,3802,4197,1640,1409,1148,0,0,0,0,0,16434,0.705203,0.768558,0.737916,0.766568,1.00073,1.848704,0.94232,32120,21900,22630
H3,high_stress,106,365,76650,76650,0,1.0,33776.0476,33776047.6,11752.0,0.0,21161.4,862.6476,0.0,3752,4084,1479,1521,1084,0,0,0,0,0,16278,0.741636,0.776756,0.75921,0.76425,0.994688,1.747836,0.942799,32120,21900,22630
H3,high_stress,107,365,76650,76650,0,1.0,34120.325268,34120325.268,11790.5,0.0,21440.9,888.925268,0.0,3895,4294,1825,1312,1157,0,0,0,0,0,16493,0.708084,0.762253,0.733752,0.773102,0.972834,1.946739,0.942466,32120,21900,22630
H3,high_stress,108,365,76650,76650,0,1.0,39941.71482,39941714.82,12574.0,1670.5,24706.5,990.71482,0.0,2599,4497,1753,1472,1272,144,95,28,21,144,19005,0.637594,0.656822,0.677516,0.705306,1.054453,2.116225,0.925735,32120,21900,22630
H3,high_stress,109,365,76650,76650,0,1.0,32020.73559,32020735.59,11010.0,0.0,20176.0,834.73559,0.0,3775,4038,1725,1185,1128,0,0,0,0,0,15520,0.71496,0.769823,0.738051,0.769041,0.947255,1.608784,0.946361,32120,21900,22630
H3,high_stress,110,365,76650,76649,1,0.999987,41447.216356,41447216.356,12602.5,2298.4,25542.4,1001.916356,2.0,2628,4446,1753,1576,1117,189,89,52,48,189,19648,0.628494,0.671248,0.660219,0.695578,1.097465,2.06887,0.923128,32120,21899,22630
H3,high_stress,111,365,76650,76650,0,1.0,30225.952235,30225952.235,10438.5,0.0,19008.6,778.852235,0.0,3526,3707,1375,1239,1093,0,0,0,0,0,14622,0.717756,0.782278,0.720203,0.798682,0.935369,1.614375,0.949329,32120,21900,22630
H3,high_stress,112,365,76650,76650,0,1.0,32136.125411,32136125.411,11101.0,0.0,20207.2,827.925411,0.0,3671,3935,1403,1310,1222,0,0,0,0,0,15544,0.721433,0.804217,0.744039,0.745739,0.992893,1.771454,0.945781,32120,21900,22630
H3,high_stress,113,365,76650,76650,0,1.0,33540.506244,33540506.244,11569.0,0.0,21100.3,871.206244,0.0,3811,4190,1676,1288,1226,0,0,0,0,0,16231,0.731123,0.784043,0.743384,0.767036,0.979757,1.548512,0.943283,32120,21900,22630
H3,high_stress,114,365,76650,76650,0,1.0,31986.778198,31986778.198,11014.0,0.0,20142.2,830.578198,0.0,3707,3994,1587,1215,1192,0,0,0,0,0,15494,0.72858,0.780992,0.767728,0.763322,0.996107,1.692016,0.946169,32120,21900,22630
H3,high_stress,115,365,76650,76650,0,1.0,32342.333849,32342333.849,11156.0,0.0,20351.5,834.833849,0.0,3696,3981,1463,1290,1228,0,0,0,0,0,15655,0.729221,0.761846,0.756484,0.767892,0.961958,1.746125,0.945393,32120,21900,22630
H3,high_stress,116,365,76650,76650,0,1.0,32170.602717,32170602.717,11108.5,0.0,20230.6,831.502717,0.0,3711,3984,1552,1283,1149,0,0,0,0,0,15562,0.739897,0.800509,0.755637,0.779213,0.985376,1.61001,0.945877,32120,21900,22630
H3,high_stress,117,365,76650,76650,0,1.0,32967.811232,32967811.232,11390.0,0.0,20725.9,851.911232,0.0,3794,4085,1614,1323,1148,0,0,0,0,0,15943,0.735271,0.788602,0.758627,0.773913,0.999195,1.913852,0.944516,32120,21900,22630
H3,high_stress,118,365,76650,76650,0,1.0,33632.505731,33632505.731,11611.0,0.0,21149.7,871.805731,0.0,3842,4203,1768,1325,1110,0,0,0,0,0,16269,0.717843,0.751389,0.757396,0.776932,1.056694,1.94456,0.943247,32120,21900,22630
H3,high_stress,119,365,76650,76650,0,1.0,33776.678313,33776678.313,11711.0,0.0,21200.4,865.278313,0.0,3747,4095,1415,1454,1226,0,0,0,0,0,16308,0.723445,0.76981,0.749543,0.77688,0.965527,1.736446,0.942639,32120,21900,22630
H3,high_stress,120,365,76650,76650,0,1.0,32840.378636,32840378.636,11358.0,0.0,20636.2,846.178636,0.0,3751,4035,1530,1357,1148,0,0,0,0,0,15874,0.71861,0.776476,0.74734,0.745241,1.002072,1.780767,0.944635,32120,21900,22630
H3,high_stress,121,365,76650,76650,0,1.0,34768.53017,34768530.17,12042.5,0.0,21823.1,902.93017,0.0,3822,4344,1775,1380,1189,0,0,0,0,0,16787,0.72706,0.776358,0.74889,0.760171,1.012018,2.225128,0.94079,32120,21900,22630
H3,high_stress,122,365,76650,76650,0,1.0,32187.66175,32187661.75,11121.0,0.0,20235.8,830.86175,0.0,3711,3978,1554,1302,1122,0,0,0,0,0,15566,0.733502,0.763397,0.765782,0.788677,1.002817,1.907786,0.945858,32120,21900,22630
H3,high_stress,123,365,76650,76650,0,1.0,34239.858154,34239858.154,11891.5,0.0,21469.5,878.858154,0.0,3771,4174,1533,1482,1159,0,0,0,0,0,16515,0.714842,0.748167,0.753263,0.771299,1.016358,1.972553,0.941799,32120,21900,22630
H3,high_stress,124,365,76650,76650,0,1.0,34533.046157,34533046.157,11930.5,0.0,21704.8,897.746157,0.0,3845,4318,1722,1331,1265,0,0,0,0,0,16696,0.721434,0.749247,0.765732,0.767575,1.024928,1.968562,0.941311,32120,21900,22630
H3,high_stress,125,365,76650,76650,0,1.0,31889.262454,31889262.454,11040.0,0.0,20029.1,820.162454,0.0,3676,3907,1478,1341,1088,0,0,0,0,0,15407,0.726103,0.768996,0.756955,0.7704,0.982807,2.253227,0.946425,32120,21900,22630
H3,high_stress,126,365,76650,76650,0,1.0,31862.780635,31862780.635,10906.5,0.0,20118.8,837.480635,0.0,3807,4083,1791,1063,1229,0,0,0,0,0,15476,0.735673,0.784267,0.765593,0.769278,1.013119,2.019505,0.946708,32120,21900,22630
H3,high_stress,127,365,76650,76650,0,1.0,33502.457007,33502457.007,11654.0,0.0,20989.8,858.657007,0.0,3715,4080,1529,1479,1072,0,0,0,0,0,16146,0.733872,0.779109,0.755635,0.776429,0.965828,1.823632,0.943228,32120,21900,22630
H3,high_stress,128,365,76650,76650,0,1.0,31736.840202,31736840.202,10950.5,0.0,19966.7,819.640202,0.0,3678,3919,1492,1266,1161,0,0,0,0,0,15359,0.728923,0.778338,0.763162,0.774488,0.933944,1.70634,0.946653,32120,21900,22630
H3,high_stress,129,365,76650,76650,0,1.0,34349.227695,34349227.695,11858.0,0.0,21598.2,893.027695,0.0,3820,4299,1742,1321,1236,0,0,0,0,0,16614,0.716427,0.751441,0.771853,0.739482,1.008516,1.748557,0.941571,32120,21900,22630
H3,high_stress,130,365,76650,76650,0,1.0,33588.956728,33588956.728,11583.0,0.0,21132.8,873.156728,0.0,3888,4220,1783,1283,1154,0,0,0,0,0,16256,0.7422,0.774956,0.757471,0.786126,0.950599,1.49851,0.943516,32120,21900,22630
H4,high_stress,101,365,76650,76650,0,1.0,32399.438132,32399438.132,11180.0,0.0,20377.5,841.938132,0.0,3766,4056,1655,1245,1156,0,0,0,0,0,15675,0.73915,0.774741,0.77016,0.777293,0.94495,1.789128,0.945612,29565,26280,20805
H4,high_stress,102,365,76650,76650,0,1.0,33124.829104,33124829.104,11452.0,0.0,20816.9,855.929104,0.0,3781,4097,1571,1330,1196,0,0,0,0,0,16013,0.737496,0.773457,0.771681,0.783604,0.943556,1.737806,0.944137,29565,26280,20805
H4,high_stress,103,365,76650,76649,1,0.999987,38306.781888,38306781.888,12660.5,955.5,23726.3,962.481888,2.0,2423,4427,1671,1619,1137,89,78,4,7,89,18251,0.635393,0.646379,0.684259,0.712546,0.997821,1.916314,0.928123,29650,26249,20750
H4,high_stress,104,365,76650,76650,0,1.0,33791.161316,33791161.316,11644.0,0.0,21264.1,883.061316,0.0,3851,4278,1819,1239,1220,0,0,0,0,0,16357,0.731513,0.749613,0.755931,0.788993,0.957645,1.907839,0.942886,29565,26280,20805
H4,high_stress,105,365,76650,76650,0,1.0,34077.118573,34077118.573,11819.0,10.4,21366.8,880.918573,0.0,3753,4219,1675,1406,1138,1,1,0,0,1,16436,0.727645,0.766372,0.767571,0.766358,1.00073,1.848704,0.942082,29568,26280,20802
H4,high_stress,106,365,76650,76650,0,1.0,33843.61601,33843616.01,11781.5,0.0,21196.5,865.61601,0.0,3732,4104,1511,1518,1075,0,0,0,0,0,16305,0.721176,0.7623,0.766776,0.767648,0.994688,1.747836,0.94258,29565,26280,20805
H4,high_stress,107,365,76650,76650,0,1.0,34227.081538,34227081.538,11832.5,10.4,21491.6,892.581538,0.0,3835,4318,1861,1312,1145,1,1,0,0,1,16532,0.705318,0.729344,0.764409,0.787899,0.972834,1.946739,0.942018,29565,26279,20806
H4,high_stress,108,365,76650,76645,5,0.999935,40327.937403,40327937.403,12590.5,1844.7,24889.8,992.937403,10.0,2359,4469,1697,1511,1261,173,150,4,19,173,19146,0.635405,0.697863,0.692316,0.667866,1.054453,2.116225,0.924128,29696,26214,20735
H4,high_stress,109,365,76650,76650,0,1.0,32125.620407,32125620.407,11056.5,0.0,20230.6,838.520407,0.0,3793,4064,1762,1185,1117,0,0,0,0,0,15562,0.734588,0.76338,0.763662,0.765607,0.947255,1.608784,0.946251,29565,26280,20805
H4,high_stress,110,365,76650,76647,3,0.999961,42290.466097,42290466.097,12629.5,2693.6,25954.5,1006.866097,6.0,2193,4382,1586,1645,1151,249,211,14,24,249,19965,0.644111,0.677111,0.695756,0.694326,1.097465,2.06887,0.919973,29736,26194,20717
H4,high_stress,111,365,76650,76650,0,1.0,30300.476093,30300476.093,10473.0,0.0,19046.3,781.176093,0.0,3534,3727,1406,1239,1082,0,0,0,0,0,14651,0.740031,0.789081,0.771419,0.777467,0.935369,1.614375,0.949228,29565,26280,20805
H4,high_stress,112,365,76650,76650,0,1.0,32255.873169,32255873.169,11132.5,10.4,20282.6,830.373169,0.0,3687,3953,1430,1310,1213,1,1,0,0,1,15602,0.731765,0.784103,0.766542,0.778314,0.992893,1.771454,0.945589,29565,26280,20805
H4,high_stress,113,365,76650,76650,0,1.0,33592.390944,33592390.944,11600.0,0.0,21118.5,873.890944,0.0,3828,4210,1708,1286,1216,0,0,0,0,0,16245,0.725176,0.764692,0.766273,0.774997,0.979757,1.548512,0.943292,29565,26280,20805
H4,high_stress,114,365,76650,76650,0,1.0,32076.323188,32076323.188,11046.0,0.0,20196.8,833.523188,0.0,3729,4016,1621,1211,1184,0,0,0,0,0,15536,0.742652,0.773688,0.770917,0.789492,0.996107,1.692016,0.946078,29565,26280,20805
H4,high_stress,115,365,76650,76650,0,1.0,32378.787983,32378787.983,11172.0,10.4,20359.3,837.087983,0.0,3713,3996,1494,1286,1216,1,1,0,0,1,15661,0.725502,0.76959,0.758162,0.758594,0.961958,1.746125,0.945438,29565,26279,20806
H4,high_stress,116,365,76650,76650,0,1.0,32234.978443,32234978.443,11142.5,0.0,20257.9,834.578443,0.0,3711,4004,1584,1283,1137,0,0,0,0,0,15583,0.743646,0.782583,0.77684,0.766165,0.985376,1.61001,0.945781,29565,26280,20805
H4,high_stress,117,365,76650,76650,0,1.0,33019.054276,33019054.276,11425.0,0.0,20738.9,855.154276,0.0,3777,4107,1648,1321,1138,0,0,0,0,0,15953,0.736502,0.764708,0.777838,0.776674,0.999195,1.913852,0.944393,29565,26280,20805
H4,high_stress,118,365,76650,76650,0,1.0,33682.5004,33682500.4,11655.5,0.0,21151.0,876.000401,0.0,3815,4231,1807,1321,1103,0,0,0,0,0,16270,0.727696,0.756126,0.760408,0.782325,1.056694,1.94456,0.943119,29565,26280,20805
H4,high_stress,119,365,76650,76650,0,1.0,33837.373751,33837373.751,11735.5,10.4,21223.8,867.673751,0.0,3739,4113,1447,1451,1215,1,1,0,0,1,16326,0.734213,0.788344,0.765761,0.771448,0.965527,1.736446,0.942521,29565,26279,20806
H4,high_stress,120,365,76650,76650,0,1.0,32941.795801,32941795.801,11400.0,10.4,20681.7,849.695801,0.0,3753,4058,1561,1357,1140,1,1,0,0,1,15909,0.716515,0.739916,0.784617,0.761195,1.002072,1.780767,0.944489,29565,26280,20805
H4,high_stress,121,365,76650,76650,0,1.0,34861.707201,34861707.201,12076.5,10.4,21868.6,906.207202,0.0,3803,4365,1809,1379,1177,1,1,0,0,1,16822,0.722985,0.753839,0.773976,0.759686,1.012018,2.225128,0.940548,29565,26279,20806
H4,high_stress,122,365,76650,76650,0,1.0,32217.957172,32217957.172,11143.5,0.0,20241.0,833.457172,0.0,3715,3995,1585,1299,1111,0,0,0,0,0,15570,0.713939,0.742273,0.771072,0.785865,1.002817,1.907786,0.945858,29565,26280,20805
H4,high_stress,123,365,76650,76650,0,1.0,34305.843462,34305843.462,11918.5,0.0,21505.9,881.443462,0.0,3776,4194,1567,1478,1149,0,0,0,0,0,16543,0.711726,0.749709,0.770073,0.767915,1.016358,1.972553,0.941694,29565,26280,20805
H4,high_stress,124,365,76650,76650,0,1.0,34623.951566,34623951.566,11958.5,10.4,21754.2,900.851566,0.0,3843,4339,1759,1327,1253,1,1,0,0,1,16734,0.716727,0.771096,0.760676,0.768748,1.024928,1.968562,0.941132,29568,26280,20802
H4,high_stress,125,365,76650,76650,0,1.0,31938.753516,31938753.516,11071.5,0.0,20044.7,822.553516,0.0,3665,3927,1509,1339,1079,0,0,0,0,0,15419,0.734194,0.767755,0.776009,0.790291,0.982807,2.253227,0.94632,29565,26280,20805
H4,high_stress,126,365,76650,76650,0,1.0,31969.621655,31969621.655,10943.5,0.0,20185.1,841.021655,0.0,3804,4107,1828,1060,1219,0,0,0,0,0,15527,0.728194,0.768624,0.774014,0.778684,1.013119,2.019505,0.946461,29565,26280,20805
H4,high_stress,127,365,76650,76650,0,1.0,33559.939427,33559939.427,11680.0,0.0,21018.4,861.539427,0.0,3718,4098,1561,1477,1060,0,0,0,0,0,16168,0.718891,0.75079,0.767185,0.7658,0.965828,1.823632,0.943142,29565,26280,20805
H4,high_stress,128,365,76650,76650,0,1.0,31796.354829,31796354.829,10982.0,10.4,19981.0,822.954829,0.0,3644,3939,1523,1264,1152,1,1,0,0,1,15370,0.73627,0.763062,0.770895,0.779599,0.933944,1.70634,0.946452,29568,26280,20802
H4,high_stress,129,365,76650,76650,0,1.0,34433.821866,34433821.866,11899.5,10.4,21626.8,897.121866,0.0,3832,4325,1780,1318,1227,1,1,0,0,1,16636,0.731194,0.766909,0.756708,0.763175,1.008516,1.748557,0.94153,29568,26280,20802
H4,high_stress,130,365,76650,76650,0,1.0,33667.548953,33667548.953,11617.5,0.0,21173.1,876.948953,0.0,3890,4243,1820,1280,1143,0,0,0,0,0,16287,0.712234,0.739921,0.761009,0.787457,0.950599,1.49851,0.943384,29565,26280,20805
H0,high_demand_high_stress,101,365,87965,82125,5840,0.93361,54839.610927,54839610.927,12410.0,3110.9,26760.5,878.210927,11680.0,1460,4380,1460,1460,1460,278,214,35,29,278,20585,0.689145,0.780391,0.799097,0.797256,0.94495,1.789128,0.913927,32120,27375,22630
H0,high_demand_high_stress,102,365,87965,82125,5840,0.93361,57596.65724,57596657.24,12410.0,4251.0,28340.0,915.65724,11680.0,1460,4380,1460,1460,1460,376,246,44,86,376,21800,0.666103,0.758492,0.794452,0.843218,0.943556,1.737806,0.908831,32120,27375,22630
H0,high_demand_high_stress,103,365,87965,82125,5840,0.93361,61113.911691,61113911.691,12410.0,5782.4,30247.1,994.411691,11680.0,1460,4380,1460,1460,1460,465,268,177,20,465,23267,0.597505,0.672434,0.773776,0.833461,0.997821,1.916314,0.902525,32120,27375,22630
H0,high_demand_high_stress,104,365,87965,82125,5840,0.93361,57389.602502,57389602.502,12410.0,4184.7,28193.1,921.802502,11680.0,1460,4380,1460,1460,1460,363,246,66,51,363,21687,0.650772,0.757111,0.805093,0.820394,0.957645,1.907839,0.909283,32120,27375,22630
H0,high_demand_high_stress,105,365,87965,82125,5840,0.93361,59777.572864,59777572.864,12410.0,5200.0,29528.2,959.372864,11680.0,1460,4380,1460,1460,1460,435,272,119,44,435,22714,0.593941,0.72494,0.700846,0.791113,1.00073,1.848704,0.904927,32120,27375,22630
H0,high_demand_high_stress,106,365,87965,82125,5840,0.93361,55391.153669,55391153.669,12410.0,3308.5,27077.7,914.953669,11680.0,1460,4380,1460,1460,1460,261,134,110,17,261,20829,0.637935,0.741273,0.754995,0.792997,0.994688,1.747836,0.912735,32120,27375,22630
H0,high_demand_high_stress,107,365,87965,82125,5840,0.93361,59732.953725,59732953.725,12410.0,5184.4,29499.6,958.953725,11680.0,1460,4380,1460,1460,1460,469,338,35,96,469,22692,0.60496,0.697509,0.75916,0.823769,0.972834,1.946739,0.905174,32120,27375,22630
H0,high_demand_high_stress,108,365,87965,82125,5840,0.93361,62981.029278,62981029.278,12410.0,6561.1,31302.7,1027.229278,11680.0,1460,4380,1460,1460,1460,568,368,101,99,568,24079,0.57611,0.677006,0.729039,0.809046,1.054453,2.116225,0.899288,32120,27375,22630
H0,high_demand_high_stress,109,365,87965,82125,5840,0.93361,54955.324209,54955324.209,12410.0,3166.8,26816.4,882.124209,11680.0,1460,4380,1460,1460,1460,290,243,23,24,290,20628,0.652736,0.741484,0.795667,0.82803,0.947255,1.608784,0.91379,32120,27375,22630
H0,high_demand_high_stress,110,365,87965,82125,5840,0.93361,66131.705372,66131705.372,12410.0,7906.6,33079.8,1055.305372,11680.0,1460,4380,1460,1460,1460,653,368,191,94,653,25446,0.52293,0.642801,0.664844,0.814203,1.097465,2.06887,0.893434,32120,27375,22630
H0,high_demand_high_stress,111,365,87965,82125,5840,0.93361,52809.338081,52809338.081,12410.0,2229.5,25647.7,842.138081,11680.0,1460,4380,1460,1460,1460,185,112,54,19,185,19729,0.639936,0.740497,0.747872,0.829505,0.935369,1.614375,0.917406,32120,27375,22630
H0,high_demand_high_stress,112,365,87965,82125,5840,0.93361,57824.855321,57824855.321,12410.0,4355.0,28453.1,926.755321,11680.0,1460,4380,1460,1460,1460,366,208,88,70,366,21887,0.635296,0.782294,0.804899,0.789625,0.992893,1.771454,0.908374,32120,27375,22630
H0,high_demand_high_stress,113,365,87965,82125,5840,0.93361,54828.834683,54828834.683,12410.0,3084.9,26739.7,914.234683,11680.0,1460,4380,1460,1460,1460,276,213,34,29,276,20569,0.635042,0.693148,0.785918,0.793802,0.979757,1.548512,0.913995,32120,27375,22630
H0,high_demand_high_stress,114,365,87965,82125,5840,0.93361,54940.21357,54940213.57,12410.0,3113.5,26830.7,906.01357,11680.0,1460,4380,1460,1460,1460,283,203,17,63,283,20639,0.619382,0.715017,0.780042,0.841844,0.996107,1.692016,0.913708,32120,27375,22630
H0,high_demand_high_stress,115,365,87965,82125,5840,0.93361,54009.858954,54009858.954,12410.0,2715.7,26304.2,899.958954,11680.0,1460,4380,1460,1460,1460,242,164,25,53,242,20234,0.6475,0.723862,0.794247,0.797501,0.961958,1.746125,0.915365,32120,27375,22630
H0,high_demand_high_stress,116,365,87965,82125,5840,0.93361,58056.974521,58056974.521,12410.0,4448.6,28558.4,959.974521,11680.0,1460,4380,1460,1460,1460,382,250,78,54,382,21968,0.584179,0.696533,0.727154,0.833905,0.985376,1.61001,0.908091,32120,27375,22630
H0,high_demand_high_stress,117,365,87965,82125,5840,0.93361,55872.245313,55872245.313,12410.0,3534.7,27316.9,930.645313,11680.0,1460,4380,1460,1460,1460,318,248,35,35,318,21013,0.614417,0.719261,0.738582,0.817302,0.999195,1.913852,0.91216,32120,27375,22630
H0,high_demand_high_stress,118,365,87965,82125,5840,0.93361,59180.342637,59180342.637,12410.0,4955.6,29172.0,962.742637,11680.0,1460,4380,1460,1460,1460,441,322,55,64,441,22440,0.602258,0.69657,0.733682,0.829321,1.056694,1.94456,0.906201,32120,27375,22630
H0,high_demand_high_stress,119,365,87965,82125,5840,0.93361,55899.720647,55899720.647,12410.0,3498.3,27374.1,937.320647,11680.0,1460,4380,1460,1460,1460,277,114,104,59,277,21057,0.616023,0.753811,0.703799,0.785377,0.965527,1.736446,0.911758,32120,27375,22630
H0,high_demand_high_stress,120,365,87965,82125,5840,0.93361,55132.494267,55132494.267,12410.0,3208.4,26921.7,912.394268,11680.0,1460,4380,1460,1460,1460,275,187,60,28,275,20709,0.628067,0.728169,0.799265,0.804831,1.002072,1.780767,0.913347,32120,27375,22630
H0,high_demand_high_stress,121,365,87965,82125,5840,0.93361,57188.186678,57188186.678,12410.0,4072.9,28070.9,954.386678,11680.0,1460,4380,1460,1460,1460,361,251,45,65,361,21593,0.626133,0.744096,0.695659,0.812795,1.012018,2.225128,0.909708,32120,27375,22630
H0,high_demand_high_stress,122,365,87965,82125,5840,0.93361,55624.74969,55624749.69,12410.0,3426.8,27193.4,914.54969,11680.0,1460,4380,1460,1460,1460,295,208,63,24,295,20918,0.641842,0.739068,0.751568,0.836698,1.002817,1.907786,0.912489,32120,27375,22630
H0,high_demand_high_stress,123,365,87965,82125,5840,0.93361,59887.622407,59887622.407,12410.0,5252.0,29581.5,964.122407,11680.0,1460,4380,1460,1460,1460,426,238,148,40,426,22755,0.590807,0.683128,0.721916,0.832564,1.016358,1.972553,0.904685,32120,27375,22630
H0,high_demand_high_stress,124,365,87965,82125,5840,0.93361,57636.390113,57636390.113,12410.0,4253.6,28341.3,951.490113,11680.0,1460,4380,1460,1460,1460,369,226,59,84,369,21801,0.627723,0.683418,0.764677,0.830971,1.024928,1.968562,0.90879,32120,27375,22630
H0,high_demand_high_stress,125,365,87965,82125,5840,0.93361,54187.47518,54187475.18,12410.0,2817.1,26405.6,874.77518,11680.0,1460,4380,1460,1460,1460,244,173,48,23,244,20312,0.647147,0.756436,0.735987,0.887934,0.982807,2.253227,0.915018,32120,27375,22630
H0,high_demand_high_stress,126,365,87965,82125,5840,0.93361,56327.815572,56327815.572,12410.0,3741.4,27612.0,884.415572,11680.0,1460,4380,1460,1460,1460,347,272,9,66,347,21240,0.633789,0.700606,0.859467,0.79003,1.013119,2.019505,0.911256,32120,27375,22630
H0,high_demand_high_stress,127,365,87965,82125,5840,0.93361,59366.682452,59366682.452,12410.0,5005.0,29299.4,972.282452,11680.0,1460,4380,1460,1460,1460,401,206,149,46,401,22538,0.606379,0.736871,0.71553,0.836872,0.965828,1.823632,0.905562,32120,27375,22630
H0,high_demand_high_stress,128,365,87965,82125,5840,0.93361,57439.634806,57439634.806,12410.0,4249.7,28207.4,892.534806,11680.0,1460,4380,1460,1460,1460,373,274,62,37,373,21698,0.607414,0.75192,0.746859,0.81265,0.933944,1.70634,0.909265,32120,27375,22630
H0,high_demand_high_stress,129,365,87965,82125,5840,0.93361,58475.507719,58475507.719,12410.0,4634.5,28787.2,963.807719,11680.0,1460,4380,1460,1460,1460,412,293,50,69,412,22144,0.603632,0.627337,0.795734,0.840213,1.008516,1.748557,0.90742,32120,27375,22630
H0,high_demand_high_stress,130,365,87965,82125,5840,0.93361,57313.957277,57313957.277,12410.0,4169.1,28132.0,922.857277,11680.0,1460,4380,1460,1460,1460,373,285,45,43,373,21640,0.631791,0.668925,0.780901,0.831692,0.950599,1.49851,0.909539,32120,27375,22630
H_TIME,high_demand_high_stress,101,365,87965,82125,5840,0.93361,53562.039891,53562039.891,12376.0,2603.9,26023.4,878.739891,11680.0,1456,4368,1456,1456,1456,241,199,11,31,241,20018,0.599326,0.774101,0.725912,0.789867,0.94495,1.789128,0.916329,32120,27375,22630
H_TIME,high_demand_high_stress,102,365,87965,82125,5840,0.93361,57093.20132,57093201.32,12376.0,4118.4,28003.3,915.50132,11680.0,1456,4368,1456,1456,1456,370,273,37,60,370,21541,0.571856,0.721215,0.717753,0.789786,0.943556,1.737806,0.909959,32120,27375,22630
H_TIME,high_demand_high_stress,103,365,87965,82125,5840,0.93361,60685.422763,60685422.763,12376.0,5644.6,29989.7,995.122763,11680.0,1456,4368,1456,1456,1456,472,302,132,38,472,23069,0.565927,0.713556,0.700289,0.826209,0.997821,1.916314,0.903452,32120,27375,22630
H_TIME,high_demand_high_stress,104,365,87965,82125,5840,0.93361,56313.508893,56313508.893,12376.0,3770.0,27565.2,922.308893,11680.0,1456,4368,1456,1456,1456,336,241,39,56,336,21204,0.571391,0.674791,0.833291,0.776081,0.957645,1.907839,0.911347,32120,27375,22630
H_TIME,high_demand_high_stress,105,365,87965,82125,5840,0.93361,59566.909585,59566909.585,12376.0,5170.1,29381.3,959.509585,11680.0,1456,4368,1456,1456,1456,442,283,94,65,442,22601,0.575766,0.742045,0.661733,0.841804,1.00073,1.848704,0.905443,32120,27375,22630
H_TIME,high_demand_high_stress,106,365,87965,82125,5840,0.93361,54559.182517,54559182.517,12376.0,3005.6,26582.4,915.182517,11680.0,1456,4368,1456,1456,1456,248,148,76,24,248,20448,0.587312,0.771613,0.687432,0.892263,0.994688,1.747836,0.914397,32120,27375,22630
H_TIME,high_demand_high_stress,107,365,87965,82125,5840,0.93361,59265.515195,59265515.195,12376.0,5033.6,29216.2,959.715195,11680.0,1456,4368,1456,1456,1456,459,343,28,88,459,22474,0.586251,0.701472,0.70124,0.807458,0.972834,1.946739,0.906114,32120,27375,22630
H_TIME,high_demand_high_stress,108,365,87965,82125,5840,0.93361,62444.177762,62444177.762,12376.0,6381.7,30977.7,1028.777762,11680.0,1456,4368,1456,1456,1456,564,389,74,101,564,23829,0.534013,0.637292,0.676395,0.758616,1.054453,2.116225,0.900402,32120,27375,22630
H_TIME,high_demand_high_stress,109,365,87965,82125,5840,0.93361,53550.251211,53550251.211,12376.0,2620.8,25992.2,881.251211,11680.0,1456,4368,1456,1456,1456,247,231,8,8,247,19994,0.616533,0.711921,0.788226,0.852312,0.947255,1.608784,0.91647,32120,27375,22630
H_TIME,high_demand_high_stress,110,365,87965,82125,5840,0.93361,64785.195014,64785195.014,12376.0,7372.3,32301.1,1055.795014,11680.0,1456,4368,1456,1456,1456,620,371,154,95,620,24847,0.523731,0.691958,0.589999,0.812183,1.097465,2.06887,0.896,32120,27375,22630
H_TIME,high_demand_high_stress,111,365,87965,82125,5840,0.93361,51600.703162,51600703.162,12376.0,1777.1,24924.9,842.703162,11680.0,1456,4368,1456,1456,1456,163,139,13,11,163,19173,0.588733,0.726195,0.743787,0.846464,0.935369,1.614375,0.919826,32120,27375,22630
H_TIME,high_demand_high_stress,112,365,87965,82125,5840,0.93361,57071.741865,57071741.865,12376.0,4079.4,28009.8,926.541865,11680.0,1456,4368,1456,1456,1456,356,234,56,66,356,21546,0.567298,0.733259,0.734848,0.826067,0.992893,1.771454,0.909881,32120,27375,22630
H_TIME,high_demand_high_stress,113,365,87965,82125,5840,0.93361,54503.080814,54503080.814,12376.0,3004.3,26527.8,914.980814,11680.0,1456,4368,1456,1456,1456,276,224,17,35,276,20406,0.616798,0.716659,0.748425,0.817057,0.979757,1.548512,0.914712,32120,27375,22630
H_TIME,high_demand_high_stress,114,365,87965,82125,5840,0.93361,54531.913154,54531913.154,12376.0,3005.6,26564.2,906.113154,11680.0,1456,4368,1456,1456,1456,274,211,19,44,274,20434,0.619004,0.768965,0.746599,0.803495,0.996107,1.692016,0.91458,32120,27375,22630
H_TIME,high_demand_high_stress,115,365,87965,82125,5840,0.93361,52916.319337,52916319.337,12376.0,2304.9,25655.5,899.919337,11680.0,1456,4368,1456,1456,1456,213,171,9,33,213,19735,0.579914,0.726104,0.748718,0.809846,0.961958,1.746125,0.917498,32120,27375,22630
H_TIME,high_demand_high_stress,116,365,87965,82125,5840,0.93361,57308.092555,57308092.555,12376.0,4196.4,28096.9,958.792555,11680.0,1456,4368,1456,1456,1456,370,273,57,40,370,21613,0.556265,0.695059,0.655985,0.810126,0.985376,1.61001,0.909635,32120,27375,22630
H_TIME,high_demand_high_stress,117,365,87965,82125,5840,0.93361,55247.74858,55247748.58,12376.0,3320.2,26941.2,930.34858,11680.0,1456,4368,1456,1456,1456,302,242,26,34,302,20724,0.585559,0.737236,0.699434,0.860139,0.999195,1.913852,0.913384,32120,27375,22630
H_TIME,high_demand_high_stress,118,365,87965,82125,5840,0.93361,58097.070916,58097070.916,12376.0,4542.2,28535.0,963.870916,11680.0,1456,4368,1456,1456,1456,412,322,36,54,412,21950,0.567739,0.702702,0.681063,0.820443,1.056694,1.94456,0.908292,32120,27375,22630
H_TIME,high_demand_high_stress,119,365,87965,82125,5840,0.93361,55914.860688,55914860.688,12376.0,3537.3,27381.9,939.660688,11680.0,1456,4368,1456,1456,1456,282,117,100,65,282,21063,0.580975,0.82302,0.683137,0.781786,0.965527,1.736446,0.911744,32120,27375,22630
H_TIME,high_demand_high_stress,120,365,87965,82125,5840,0.93361,54625.943592,54625943.592,12376.0,3047.2,26609.7,913.043592,11680.0,1456,4368,1456,1456,1456,269,200,41,28,269,20469,0.592055,0.744748,0.747681,0.773645,1.002072,1.780767,0.914397,32120,27375,22630
H_TIME,high_demand_high_stress,121,365,87965,82125,5840,0.93361,56884.335047,56884335.047,12376.0,4001.4,27872.0,954.935047,11680.0,1456,4368,1456,1456,1456,356,252,42,62,356,21440,0.607519,0.716333,0.716203,0.852953,1.012018,2.225128,0.910356,32120,27375,22630
H_TIME,high_demand_high_stress,122,365,87965,82125,5840,0.93361,55274.394485,55274394.485,12376.0,3337.1,26967.2,914.094485,11680.0,1456,4368,1456,1456,1456,301,238,32,31,301,20744,0.580087,0.824487,0.650601,0.840858,1.002817,1.907786,0.913288,32120,27375,22630
H_TIME,high_demand_high_stress,123,365,87965,82125,5840,0.93361,59576.043193,59576043.193,12376.0,5158.4,29396.9,964.743193,11680.0,1456,4368,1456,1456,1456,436,271,105,60,436,22613,0.538069,0.703458,0.673834,0.811996,1.016358,1.972553,0.90537,32120,27375,22630
H_TIME,high_demand_high_stress,124,365,87965,82125,5840,0.93361,56345.95476,56345954.76,12376.0,3759.6,27578.2,952.15476,11680.0,1456,4368,1456,1456,1456,333,231,42,60,333,21214,0.578217,0.687661,0.715232,0.821539,1.024928,1.968562,0.911292,32120,27375,22630
H_TIME,high_demand_high_stress,125,365,87965,82125,5840,0.93361,53939.94722,53939947.22,12376.0,2770.3,26237.9,875.74722,11680.0,1456,4368,1456,1456,1456,245,185,37,23,245,20183,0.60311,0.766044,0.685609,0.850615,0.982807,2.253227,0.915594,32120,27375,22630
H_TIME,high_demand_high_stress,126,365,87965,82125,5840,0.93361,55609.619102,55609619.102,12376.0,3497.0,27171.3,885.319102,11680.0,1456,4368,1456,1456,1456,327,274,7,46,327,20901,0.603743,0.669304,0.833976,0.796699,1.013119,2.019505,0.912694,32120,27375,22630
H_TIME,high_demand_high_stress,127,365,87965,82125,5840,0.93361,59523.119456,59523119.456,12376.0,5120.7,29373.5,972.919456,11680.0,1456,4368,1456,1456,1456,415,216,140,59,415,22595,0.556264,0.745901,0.660716,0.80476,0.965828,1.823632,0.905347,32120,27375,22630
H_TIME,high_demand_high_stress,128,365,87965,82125,5840,0.93361,55954.195486,55954195.486,12376.0,3630.9,27375.4,891.895486,11680.0,1456,4368,1456,1456,1456,331,252,22,57,331,21058,0.5833,0.717212,0.756844,0.825402,0.933944,1.70634,0.911986,32120,27375,22630
H_TIME,high_demand_high_stress,129,365,87965,82125,5840,0.93361,57788.028374,57788028.374,12376.0,4392.7,28375.1,964.228374,11680.0,1456,4368,1456,1456,1456,400,302,27,71,400,21827,0.543308,0.619973,0.755525,0.736197,1.008516,1.748557,0.908799,32120,27375,22630
H_TIME,high_demand_high_stress,130,365,87965,82125,5840,0.93361,55664.884623,55664884.623,12376.0,3520.4,27164.8,923.684623,11680.0,1456,4368,1456,1456,1456,325,277,20,28,325,20896,0.588611,0.670179,0.742638,0.807729,0.950599,1.49851,0.912703,32120,27375,22630
H1,high_demand_high_stress,101,365,87965,82125,5840,0.93361,45711.365043,45711365.043,11697.5,20.8,21422.7,890.365043,11680.0,4061,4146,1463,1376,1307,2,2,0,0,2,16479,0.292535,0.337134,0.41868,0.392146,0.94495,1.789128,0.943297,32120,27375,22630
H1,high_demand_high_stress,102,365,87965,82125,5840,0.93361,45141.626525,45141626.525,11447.0,20.8,21110.7,883.126525,11680.0,4089,4166,1650,1238,1278,2,2,0,0,2,16239,0.307612,0.35447,0.427696,0.415912,0.943556,1.737806,0.944521,32120,27375,22630
H1,high_demand_high_stress,103,365,87965,82125,5840,0.93361,48111.475669,48111475.669,12350.5,478.4,22655.1,947.475669,11680.0,3319,4353,1672,1536,1145,46,46,0,0,46,17427,0.252652,0.292913,0.341992,0.334205,0.997821,1.916314,0.935776,32120,27375,22630
H1,high_demand_high_stress,104,365,87965,82125,5840,0.93361,46086.372863,46086372.863,11844.5,10.4,21650.2,901.272863,11680.0,4095,4220,1572,1387,1261,1,1,0,0,1,16654,0.33237,0.388578,0.403286,0.42628,0.957645,1.907839,0.942648,32120,27375,22630
H1,high_demand_high_stress,105,365,87965,82125,5840,0.93361,47789.614715,47789614.715,12299.0,364.0,22503.0,943.614715,11680.0,3560,4365,1721,1498,1146,35,35,0,0,35,17310,0.257029,0.306349,0.322468,0.364104,1.00073,1.848704,0.937365,32120,27375,22630
H1,high_demand_high_stress,106,365,87965,82125,5840,0.93361,48216.430584,48216430.584,12353.5,508.3,22726.6,948.030584,11680.0,3279,4346,1628,1535,1183,48,44,1,3,48,17482,0.244285,0.298575,0.349739,0.346163,0.994688,1.747836,0.935356,32120,27375,22630
H1,high_demand_high_stress,107,365,87965,82125,5840,0.93361,46667.853224,46667853.224,12044.5,52.0,21971.3,920.053224,11680.0,4145,4343,1841,1405,1097,5,5,0,0,5,16901,0.306271,0.339091,0.420248,0.403212,0.972834,1.946739,0.941767,32120,27375,22630
H1,high_demand_high_stress,108,365,87965,82125,5840,0.93361,51047.652905,51047652.905,12365.5,1709.5,24299.6,993.052905,11680.0,2653,4401,1654,1460,1287,160,134,3,23,160,18692,0.199667,0.271441,0.329539,0.29222,1.054453,2.116225,0.927484,32120,27375,22630
H1,high_demand_high_stress,109,365,87965,82125,5840,0.93361,45462.246875,45462246.875,11602.0,20.8,21270.6,888.846875,11680.0,4103,4186,1689,1321,1176,2,2,0,0,2,16362,0.320116,0.36883,0.391728,0.425546,0.947255,1.608784,0.944023,32120,27375,22630
H1,high_demand_high_stress,110,365,87965,82125,5840,0.93361,56129.101167,56129101.167,12422.5,3855.8,27124.5,1046.301167,11680.0,2252,4301,1433,1591,1277,354,286,22,46,354,20865,0.212452,0.266007,0.323951,0.281315,1.097465,2.06887,0.916616,32120,27375,22630
H1,high_demand_high_stress,111,365,87965,82125,5840,0.93361,45422.916429,45422916.429,11626.0,0.0,21232.9,884.016429,11680.0,4072,4145,1577,1368,1200,0,0,0,0,0,16333,0.336824,0.363577,0.439013,0.430241,0.935369,1.614375,0.944005,32120,27375,22630
H1,high_demand_high_stress,112,365,87965,82125,5840,0.93361,47574.891201,47574891.201,12274.5,273.0,22408.1,939.291201,11680.0,3505,4356,1656,1475,1225,26,24,0,2,26,17237,0.279922,0.32361,0.375659,0.3747,0.992893,1.771454,0.937406,32120,27375,22630
H1,high_demand_high_stress,113,365,87965,82125,5840,0.93361,46845.873909,46845873.909,12165.0,20.8,22058.4,921.673909,11680.0,3980,4303,1598,1471,1234,2,2,0,0,2,16968,0.303754,0.354254,0.40485,0.382061,0.979757,1.548512,0.940694,32120,27375,22630
H1,high_demand_high_stress,114,365,87965,82125,5840,0.93361,47107.236392,47107236.392,12194.5,115.7,22181.9,935.136392,11680.0,3781,4376,1739,1416,1221,11,10,0,1,11,17063,0.262746,0.294646,0.384854,0.327896,0.996107,1.692016,0.939393,32120,27375,22630
H1,high_demand_high_stress,115,365,87965,82125,5840,0.93361,45899.845639,45899845.639,11735.0,20.8,21563.1,900.945639,11680.0,4136,4242,1670,1310,1262,2,2,0,0,2,16587,0.308104,0.354461,0.410755,0.4119,0.961958,1.746125,0.943146,32120,27375,22630
H1,high_demand_high_stress,116,365,87965,82125,5840,0.93361,46842.250835,46842250.835,12131.0,31.2,22075.3,924.750835,11680.0,4021,4338,1694,1422,1222,3,3,0,0,3,16981,0.30478,0.363208,0.397203,0.367667,0.985376,1.61001,0.940826,32120,27375,22630
H1,high_demand_high_stress,117,365,87965,82125,5840,0.93361,47377.666189,47377666.189,12213.5,209.3,22334.0,940.866189,11680.0,3686,4386,1685,1394,1307,20,19,0,1,20,17180,0.269137,0.305106,0.377739,0.34868,0.999195,1.913852,0.938466,32120,27375,22630
H1,high_demand_high_stress,118,365,87965,82125,5840,0.93361,51588.86958,51588869.58,12393.5,1930.5,24581.7,1003.16958,11680.0,2655,4425,1715,1459,1251,181,159,5,17,181,18909,0.204968,0.239225,0.314241,0.271352,1.056694,1.94456,0.926594,32120,27375,22630
H1,high_demand_high_stress,119,365,87965,82125,5840,0.93361,46380.730832,46380730.832,11982.5,10.4,21802.3,905.530832,11680.0,4067,4214,1503,1466,1245,1,1,0,0,1,16771,0.308351,0.369962,0.400434,0.396731,0.965527,1.736446,0.941986,32120,27375,22630
H1,high_demand_high_stress,120,365,87965,82125,5840,0.93361,47524.779991,47524779.991,12208.0,275.6,22418.5,942.679991,11680.0,3629,4385,1685,1392,1308,26,22,0,4,26,17245,0.273113,0.299341,0.362537,0.366833,1.002072,1.780767,0.937936,32120,27375,22630
H1,high_demand_high_stress,121,365,87965,82125,5840,0.93361,48727.123209,48727123.209,12380.0,713.7,22990.5,962.923209,11680.0,3044,4396,1660,1480,1256,68,66,1,1,68,17685,0.22844,0.275064,0.305313,0.339481,1.012018,2.225128,0.933447,32120,27375,22630
H1,high_demand_high_stress,122,365,87965,82125,5840,0.93361,48428.617653,48428617.653,12379.0,598.0,22822.8,948.817653,11680.0,3123,4314,1513,1567,1234,57,53,0,4,57,17556,0.254961,0.282965,0.340042,0.37863,1.002817,1.907786,0.934347,32120,27375,22630
H1,high_demand_high_stress,123,365,87965,82125,5840,0.93361,48730.179206,48730179.206,12359.0,721.5,23010.0,959.679206,11680.0,3217,4375,1642,1495,1238,69,66,0,3,69,17700,0.225459,0.246353,0.349007,0.318083,1.016358,1.972553,0.934174,32120,27375,22630
H1,high_demand_high_stress,124,365,87965,82125,5840,0.93361,50263.414734,50263414.734,12407.5,1357.2,23840.7,978.014734,11680.0,2703,4358,1610,1545,1203,126,108,6,12,126,18339,0.198792,0.235022,0.316556,0.317091,1.024928,1.968562,0.929169,32120,27375,22630
H1,high_demand_high_stress,125,365,87965,82125,5840,0.93361,47110.341914,47110341.914,12268.5,83.2,22149.4,929.241914,11680.0,3665,4313,1570,1514,1229,8,8,0,0,8,17038,0.301567,0.317621,0.360575,0.378421,0.982807,2.253227,0.938963,32120,27375,22630
H1,high_demand_high_stress,126,365,87965,82125,5840,0.93361,47520.644196,47520644.196,12184.0,283.4,22426.3,946.944196,11680.0,3688,4441,1824,1329,1288,27,25,0,2,27,17251,0.263911,0.301682,0.395064,0.3829,1.013119,2.019505,0.938183,32120,27375,22630
H1,high_demand_high_stress,127,365,87965,82125,5840,0.93361,46578.575339,46578575.339,12038.5,52.0,21897.2,910.875339,11680.0,4095,4253,1646,1486,1121,5,5,0,0,5,16844,0.298007,0.35243,0.411961,0.372004,0.965828,1.823632,0.941799,32120,27375,22630
H1,high_demand_high_stress,128,365,87965,82125,5840,0.93361,44989.767144,44989767.144,11427.0,10.4,20995.0,877.367144,11680.0,4069,4136,1645,1273,1218,1,1,0,0,1,16150,0.338814,0.387298,0.425921,0.416548,0.933944,1.70634,0.944831,32120,27375,22630
H1,high_demand_high_stress,129,365,87965,82125,5840,0.93361,47691.376792,47691376.792,12189.0,354.9,22517.3,950.176792,11680.0,3621,4430,1783,1337,1310,34,33,0,1,34,17321,0.258774,0.303631,0.342089,0.33007,1.008516,1.748557,0.937589,32120,27375,22630
H1,high_demand_high_stress,130,365,87965,82125,5840,0.93361,45954.708525,45954708.525,11802.5,20.8,21552.7,898.708525,11680.0,4147,4227,1706,1392,1129,2,2,0,0,2,16579,0.314594,0.350862,0.415433,0.427802,0.950599,1.49851,0.943233,32120,27375,22630
H2,high_demand_high_stress,101,365,87965,82125,5840,0.93361,45663.309075,45663309.075,11692.5,0.0,21400.6,890.209075,11680.0,4054,4150,1469,1368,1313,0,0,0,0,0,16462,0.296407,0.341421,0.412223,0.39358,0.94495,1.789128,0.943333,32120,27375,22630
H2,high_demand_high_stress,102,365,87965,82125,5840,0.93361,45357.972249,45357972.249,11498.5,52.0,21239.4,888.072249,11680.0,4109,4177,1647,1253,1277,5,5,0,0,5,16338,0.301804,0.32281,0.396207,0.405565,0.943556,1.737806,0.944174,32120,27375,22630
H2,high_demand_high_stress,103,365,87965,82125,5840,0.93361,48251.279433,48251279.433,12310.5,557.7,22755.2,947.879433,11680.0,3481,4340,1672,1531,1137,53,48,0,5,53,17504,0.213356,0.24711,0.354033,0.297402,0.997821,1.916314,0.936201,32120,27375,22630
H2,high_demand_high_stress,104,365,87965,82125,5840,0.93361,46010.505825,46010505.825,11815.5,10.4,21604.7,899.905825,11680.0,4094,4207,1562,1386,1259,1,1,0,0,1,16619,0.299361,0.337791,0.419305,0.377713,0.957645,1.907839,0.942804,32120,27375,22630
H2,high_demand_high_stress,105,365,87965,82125,5840,0.93361,47874.285285,47874285.285,12287.0,410.8,22553.7,942.785285,11680.0,3568,4349,1704,1511,1134,39,38,1,0,39,17349,0.247204,0.28612,0.352121,0.32772,1.00073,1.848704,0.937242,32120,27375,22630
H2,high_demand_high_stress,106,365,87965,82125,5840,0.93361,48442.636598,48442636.598,12333.0,627.9,22852.7,949.036598,11680.0,3298,4330,1613,1543,1174,60,57,0,3,60,17579,0.234354,0.273413,0.377575,0.320615,0.994688,1.747836,0.935055,32120,27375,22630
H2,high_demand_high_stress,107,365,87965,82125,5840,0.93361,46713.901117,46713901.117,12015.5,93.6,22005.1,919.701117,11680.0,4148,4330,1828,1403,1099,9,9,0,0,9,16927,0.289998,0.326462,0.405003,0.38187,0.972834,1.946739,0.94168,32120,27375,22630
H2,high_demand_high_stress,108,365,87965,82125,5840,0.93361,51157.624878,51157624.878,12341.0,1784.9,24358.1,993.624878,11680.0,2919,4388,1638,1460,1290,167,145,5,17,167,18737,0.199718,0.258715,0.331724,0.25178,1.054453,2.116225,0.928521,32120,27375,22630
H2,high_demand_high_stress,109,365,87965,82125,5840,0.93361,45556.917567,45556917.567,11644.0,10.4,21330.4,892.117567,11680.0,4094,4206,1702,1320,1184,1,1,0,0,1,16408,0.313576,0.351861,0.405901,0.43041,0.947255,1.608784,0.943767,32120,27375,22630
H2,high_demand_high_stress,110,365,87965,82125,5840,0.93361,55553.166065,55553166.065,12411.0,3614.0,26808.6,1039.566065,11680.0,2386,4300,1448,1590,1262,332,262,18,52,332,20622,0.173726,0.215386,0.30422,0.29448,1.097465,2.06887,0.918233,32120,27375,22630
H2,high_demand_high_stress,111,365,87965,82125,5840,0.93361,45380.212635,45380212.635,11608.0,0.0,21208.2,884.012635,11680.0,4054,4134,1564,1370,1200,0,0,0,0,0,16314,0.295437,0.33411,0.416117,0.36591,0.935369,1.614375,0.944009,32120,27375,22630
H2,high_demand_high_stress,112,365,87965,82125,5840,0.93361,47712.03017,47712030.17,12226.5,366.6,22499.1,939.83017,11680.0,3629,4336,1643,1472,1221,35,33,0,2,35,17307,0.253487,0.302878,0.347345,0.318131,0.992893,1.771454,0.937694,32120,27375,22630
H2,high_demand_high_stress,113,365,87965,82125,5840,0.93361,47046.510552,47046510.552,12143.5,124.8,22174.1,924.110552,11680.0,3928,4288,1581,1476,1231,12,12,0,0,12,17057,0.244781,0.288473,0.38977,0.334209,0.979757,1.548512,0.940096,32120,27375,22630
H2,high_demand_high_stress,114,365,87965,82125,5840,0.93361,47229.529814,47229529.814,12133.0,208.0,22275.5,933.029814,11680.0,3842,4354,1722,1406,1226,20,20,0,0,20,17135,0.271018,0.311192,0.356746,0.379691,0.996107,1.692016,0.939384,32120,27375,22630
H2,high_demand_high_stress,115,365,87965,82125,5840,0.93361,45843.697497,45843697.497,11714.0,20.8,21528.0,900.897497,11680.0,4149,4241,1677,1300,1264,2,2,0,0,2,16560,0.313424,0.36368,0.394873,0.378269,0.961958,1.746125,0.943329,32120,27375,22630
H2,high_demand_high_stress,116,365,87965,82125,5840,0.93361,46849.689986,46849689.986,12094.5,63.7,22087.0,924.489986,11680.0,3994,4332,1698,1409,1225,6,5,0,1,6,16990,0.286645,0.342145,0.396761,0.347866,0.985376,1.61001,0.940676,32120,27375,22630
H2,high_demand_high_stress,117,365,87965,82125,5840,0.93361,47567.340099,47567340.099,12158.0,326.3,22462.7,940.340099,11680.0,3737,4364,1656,1384,1324,31,28,0,3,31,17279,0.268985,0.326505,0.359824,0.357474,0.999195,1.913852,0.938297,32120,27375,22630
H2,high_demand_high_stress,118,365,87965,82125,5840,0.93361,50826.245024,50826245.024,12359.0,1622.4,24172.2,992.645024,11680.0,3004,4432,1732,1430,1270,153,135,2,16,153,18594,0.243977,0.277705,0.331627,0.326075,1.056694,1.94456,0.929502,32120,27375,22630
H2,high_demand_high_stress,119,365,87965,82125,5840,0.93361,46725.240204,46725240.204,12068.0,72.8,21990.8,913.640204,11680.0,3955,4236,1499,1485,1252,7,7,0,0,7,16916,0.289986,0.333171,0.393048,0.371946,0.965527,1.736446,0.94084,32120,27375,22630
H2,high_demand_high_stress,120,365,87965,82125,5840,0.93361,47663.192146,47663192.146,12175.0,357.5,22508.2,942.492146,11680.0,3664,4366,1668,1396,1302,34,31,0,3,34,17314,0.2243,0.251495,0.388342,0.322488,1.002072,1.780767,0.937817,32120,27375,22630
H2,high_demand_high_stress,121,365,87965,82125,5840,0.93361,48890.31794,48890317.94,12320.0,817.7,23112.7,959.91794,11680.0,3313,4369,1651,1482,1236,78,73,0,5,78,17779,0.237655,0.30639,0.331934,0.331901,1.012018,2.225128,0.934292,32120,27375,22630
H2,high_demand_high_stress,122,365,87965,82125,5840,0.93361,48579.670905,48579670.905,12362.0,666.9,22920.3,950.470905,11680.0,3217,4314,1532,1562,1220,63,54,0,9,63,17631,0.269118,0.308714,0.3362,0.337745,1.002817,1.907786,0.934461,32120,27375,22630
H2,high_demand_high_stress,123,365,87965,82125,5840,0.93361,49131.801992,49131801.992,12337.5,910.0,23240.1,964.201992,11680.0,3145,4370,1636,1487,1247,86,77,1,8,86,17877,0.233907,0.296178,0.336771,0.28869,1.016358,1.972553,0.933114,32120,27375,22630
H2,high_demand_high_stress,124,365,87965,82125,5840,0.93361,49477.881873,49477881.873,12370.0,1046.5,23413.0,968.381873,11680.0,3066,4363,1626,1517,1220,99,92,2,5,99,18010,0.213463,0.239998,0.321242,0.320222,1.024928,1.968562,0.932205,32120,27375,22630
H2,high_demand_high_stress,125,365,87965,82125,5840,0.93361,47069.749872,47069749.872,12177.0,124.8,22163.7,924.249872,11680.0,3849,4285,1568,1499,1218,12,12,0,0,12,17049,0.272525,0.362527,0.373039,0.31985,0.982807,2.253227,0.939772,32120,27375,22630
H2,high_demand_high_stress,126,365,87965,82125,5840,0.93361,47527.731828,47527731.828,12129.5,323.7,22449.7,944.831828,11680.0,3736,4417,1804,1326,1287,31,30,0,1,31,17269,0.261656,0.300834,0.354974,0.358552,1.013119,2.019505,0.938338,32120,27375,22630
H2,high_demand_high_stress,127,365,87965,82125,5840,0.93361,46708.684572,46708684.572,12087.5,52.0,21973.9,915.284572,11680.0,4018,4268,1641,1492,1135,5,5,0,0,5,16903,0.28097,0.32738,0.398608,0.350401,0.965828,1.823632,0.941178,32120,27375,22630
H2,high_demand_high_stress,128,365,87965,82125,5840,0.93361,44865.093748,44865093.748,11390.5,10.4,20909.2,874.993748,11680.0,4050,4118,1640,1277,1201,1,1,0,0,1,16084,0.300732,0.328851,0.439387,0.373192,0.933944,1.70634,0.945046,32120,27375,22630
H2,high_demand_high_stress,129,365,87965,82125,5840,0.93361,47995.914292,47995914.292,12176.0,501.8,22685.0,953.114292,11680.0,3580,4416,1763,1345,1308,48,46,0,2,48,17450,0.241096,0.265182,0.345159,0.31285,1.008516,1.748557,0.936877,32120,27375,22630
H2,high_demand_high_stress,130,365,87965,82125,5840,0.93361,45964.407298,45964407.298,11807.5,20.8,21556.6,899.507298,11680.0,4128,4224,1696,1397,1131,2,2,0,0,2,16582,0.296772,0.34405,0.409804,0.379067,0.950599,1.49851,0.943132,32120,27375,22630
H3,high_demand_high_stress,101,365,87965,82125,5840,0.93361,45519.561086,45519561.086,11669.0,0.0,21288.8,881.761086,11680.0,3890,4241,1737,1290,1214,0,0,0,0,0,16376,0.663874,0.732021,0.714779,0.720537,0.94495,1.789128,0.942977,32120,27375,22630
H3,high_demand_high_stress,102,365,87965,82125,5840,0.93361,46820.439936,46820439.936,12156.0,0.0,22072.7,911.739936,11680.0,3844,4360,1706,1406,1248,0,0,0,0,0,16979,0.672736,0.707295,0.712638,0.715742,0.943556,1.737806,0.940014,32120,27375,22630
H3,high_demand_high_stress,103,365,87965,82125,5840,0.93361,52369.85713,52369857.13,12606.5,1996.8,25091.3,995.25713,11680.0,2559,4440,1688,1567,1185,169,108,41,20,169,19301,0.587485,0.63424,0.632192,0.642735,0.997821,1.916314,0.924315,32120,27375,22630
H3,high_demand_high_stress,104,365,87965,82125,5840,0.93361,46862.221388,46862221.388,12169.5,0.0,22094.8,917.921388,11680.0,3861,4418,1813,1354,1251,0,0,0,0,0,16996,0.696195,0.747694,0.714954,0.725224,0.957645,1.907839,0.940014,32120,27375,22630
H3,high_demand_high_stress,105,365,87965,82125,5840,0.93361,49393.036514,49393036.514,12551.0,757.9,23444.2,959.936514,11680.0,2813,4470,1754,1502,1214,63,38,18,7,63,18034,0.627637,0.682463,0.650951,0.681578,1.00073,1.848704,0.930776,32120,27375,22630
H3,high_demand_high_stress,106,365,87965,82125,5840,0.93361,47361.370721,47361370.721,12449.5,0.0,22313.2,918.670721,11680.0,3560,4345,1569,1581,1195,0,0,0,0,0,17164,0.672859,0.730433,0.71254,0.694204,0.994688,1.747836,0.937872,32120,27375,22630
H3,high_demand_high_stress,107,365,87965,82125,5840,0.93361,48082.414015,48082414.015,12530.0,204.1,22714.9,953.414015,11680.0,3202,4569,1985,1400,1184,18,14,3,1,18,17473,0.633557,0.66943,0.675643,0.673351,0.972834,1.946739,0.934909,32120,27375,22630
H3,high_demand_high_stress,108,365,87965,82125,5840,0.93361,55058.468838,55058468.838,12558.5,3160.3,26624.0,1035.668838,11680.0,2550,4497,1751,1461,1285,279,185,35,59,279,20480,0.58607,0.671428,0.617225,0.676587,1.054453,2.116225,0.919379,32120,27375,22630
H3,high_demand_high_stress,109,365,87965,82125,5840,0.93361,45319.144789,45319144.789,11594.0,0.0,21167.9,877.244789,11680.0,3925,4228,1798,1282,1148,0,0,0,0,0,16283,0.668472,0.731874,0.691624,0.712287,0.947255,1.608784,0.943571,32120,27375,22630
H3,high_demand_high_stress,110,365,87965,82125,5840,0.93361,56913.068869,56913068.869,12613.0,3903.9,27661.4,1054.76887,11680.0,2508,4462,1752,1556,1154,325,168,82,75,325,21278,0.557623,0.610331,0.575436,0.630218,1.097465,2.06887,0.915758,32120,27375,22630
H3,high_demand_high_stress,111,365,87965,82125,5840,0.93361,44437.802271,44437802.271,11338.5,0.0,20573.8,845.502271,11680.0,3762,4023,1530,1364,1129,0,0,0,0,0,15826,0.679138,0.726987,0.715064,0.720607,0.935369,1.614375,0.944913,32120,27375,22630
H3,high_demand_high_stress,112,365,87965,82125,5840,0.93361,46626.427371,46626427.371,12082.5,0.0,21959.6,904.327371,11680.0,3796,4299,1545,1405,1349,0,0,0,0,0,16892,0.667357,0.731681,0.70614,0.717921,0.992893,1.771454,0.940192,32120,27375,22630
H3,high_demand_high_stress,113,365,87965,82125,5840,0.93361,46779.635419,46779635.419,12134.0,0.0,22051.9,913.735419,11680.0,3802,4378,1720,1366,1292,0,0,0,0,0,16963,0.676262,0.735559,0.702588,0.711889,0.979757,1.548512,0.939895,32120,27375,22630
H3,high_demand_high_stress,114,365,87965,82125,5840,0.93361,46621.23131,46621231.31,12062.0,0.0,21968.7,910.53131,11680.0,3828,4371,1727,1332,1312,0,0,0,0,0,16899,0.68338,0.727867,0.726606,0.717548,0.996107,1.692016,0.940306,32120,27375,22630
H3,high_demand_high_stress,115,365,87965,82125,5840,0.93361,46489.229681,46489229.681,12014.5,0.0,21889.4,905.329681,11680.0,3845,4328,1628,1339,1361,0,0,0,0,0,16838,0.680723,0.719274,0.714915,0.730073,0.961958,1.746125,0.940662,32120,27375,22630
H3,high_demand_high_stress,116,365,87965,82125,5840,0.93361,48232.130788,48232130.788,12542.0,273.0,22787.7,949.430788,11680.0,3009,4495,1762,1457,1276,24,18,4,2,24,17529,0.623219,0.674509,0.654312,0.694774,0.985376,1.61001,0.933799,32120,27375,22630
H3,high_demand_high_stress,117,365,87965,82125,5840,0.93361,47289.408481,47289408.481,12339.0,10.4,22332.7,927.308481,11680.0,3705,4439,1750,1411,1278,1,1,0,0,1,17179,0.666947,0.714089,0.712802,0.705291,0.999195,1.913852,0.93847,32120,27375,22630
H3,high_demand_high_stress,118,365,87965,82125,5840,0.93361,49433.731445,49433731.445,12538.5,770.9,23475.4,968.931445,11680.0,2828,4546,1919,1422,1205,65,34,14,17,65,18058,0.605733,0.653576,0.651796,0.666529,1.056694,1.94456,0.930744,32120,27375,22630
H3,high_demand_high_stress,119,365,87965,82125,5840,0.93361,48397.566339,48397566.339,12561.5,331.5,22886.5,938.066339,11680.0,2833,4372,1495,1586,1291,25,9,13,3,25,17605,0.640184,0.696585,0.665797,0.685694,0.965527,1.736446,0.932653,32120,27375,22630
H3,high_demand_high_stress,120,365,87965,82125,5840,0.93361,47023.947852,47023947.852,12261.5,0.0,22167.6,914.847852,11680.0,3757,4358,1659,1464,1235,0,0,0,0,0,17052,0.671659,0.71941,0.707801,0.702567,1.002072,1.780767,0.939283,32120,27375,22630
H3,high_demand_high_stress,121,365,87965,82125,5840,0.93361,49041.350652,49041350.652,12521.0,620.1,23262.2,958.050652,11680.0,2859,4488,1769,1457,1262,54,36,9,9,54,17894,0.623746,0.658825,0.659019,0.687243,1.012018,2.225128,0.931584,32120,27375,22630
H3,high_demand_high_stress,122,365,87965,82125,5840,0.93361,46574.351614,46574351.614,12103.0,0.0,21888.1,903.251614,11680.0,3852,4314,1693,1443,1178,0,0,0,0,0,16837,0.666332,0.722367,0.716908,0.723709,1.002817,1.907786,0.940699,32120,27375,22630
H3,high_demand_high_stress,123,365,87965,82125,5840,0.93361,50278.995093,50278995.093,12588.5,1129.7,23913.5,967.295093,11680.0,2786,4431,1688,1570,1173,98,73,20,5,98,18395,0.60274,0.664208,0.653858,0.65701,1.016358,1.972553,0.929164,32120,27375,22630
H3,high_demand_high_stress,124,365,87965,82125,5840,0.93361,47976.309986,47976309.986,12520.0,161.2,22668.1,947.009986,11680.0,2925,4505,1754,1423,1328,14,8,2,4,14,17437,0.633813,0.676037,0.683298,0.69624,1.024928,1.968562,0.93379,32120,27375,22630
H3,high_demand_high_stress,125,365,87965,82125,5840,0.93361,45463.076148,45463076.148,11721.5,0.0,21192.6,868.976148,11680.0,3805,4131,1565,1451,1115,0,0,0,0,0,16302,0.695122,0.735292,0.715284,0.752802,0.982807,2.253227,0.942927,32120,27375,22630
H3,high_demand_high_stress,126,365,87965,82125,5840,0.93361,45276.461367,45276461.367,11503.5,0.0,21208.2,884.761367,11680.0,3967,4306,1886,1121,1299,0,0,0,0,0,16314,0.689415,0.723286,0.726565,0.736417,1.013119,2.019505,0.943612,32120,27375,22630
H3,high_demand_high_stress,127,365,87965,82125,5840,0.93361,50110.605674,50110605.674,12605.5,1051.7,23809.5,963.905674,11680.0,2650,4413,1648,1598,1167,82,31,34,17,82,18315,0.592369,0.653632,0.645521,0.6589,0.965828,1.823632,0.928822,32120,27375,22630
H3,high_demand_high_stress,128,365,87965,82125,5840,0.93361,45999.242053,45999242.053,11870.5,0.0,21557.9,890.842053,11680.0,3838,4277,1748,1368,1161,0,0,0,0,0,16583,0.686385,0.730142,0.711168,0.755854,0.933944,1.70634,0.941795,32120,27375,22630
H3,high_demand_high_stress,129,365,87965,82125,5840,0.93361,48968.582846,48968582.846,12477.5,616.2,23231.0,963.882846,11680.0,2917,4536,1853,1376,1307,54,36,8,10,54,17870,0.589128,0.634022,0.652796,0.636064,1.008516,1.748557,0.93195,32120,27375,22630
H3,high_demand_high_stress,130,365,87965,82125,5840,0.93361,46688.767717,46688767.717,12090.0,0.0,22002.5,916.267717,11680.0,3939,4432,1916,1312,1204,0,0,0,0,0,16925,0.668691,0.708666,0.722013,0.730246,0.950599,1.49851,0.940694,32120,27375,22630
H4,high_demand_high_stress,101,365,87965,82125,5840,0.93361,45522.029252,45522029.252,11673.0,0.0,21287.5,881.529252,11680.0,3894,4242,1737,1291,1214,0,0,0,0,0,16375,0.697475,0.73235,0.7251,0.737958,0.94495,1.789128,0.943,32120,27375,22630
H4,high_demand_high_stress,102,365,87965,82125,5840,0.93361,46741.419815,46741419.815,12148.0,10.4,21992.1,910.919815,11680.0,3804,4356,1702,1406,1248,1,1,0,0,1,16917,0.658143,0.706334,0.718495,0.736741,0.943556,1.737806,0.940119,32120,27375,22630
H4,high_demand_high_stress,103,365,87965,82125,5840,0.93361,52768.368346,52768368.346,12608.5,2189.2,25295.4,995.268346,11680.0,2227,4384,1575,1624,1185,203,173,10,20,203,19458,0.570129,0.621128,0.62369,0.648584,0.997821,1.916314,0.922237,32120,27375,22630
H4,high_demand_high_stress,104,365,87965,82125,5840,0.93361,46814.322897,46814322.897,12166.0,0.0,22050.6,917.722897,11680.0,3799,4415,1811,1356,1248,0,0,0,0,0,16962,0.663229,0.698086,0.740953,0.711798,0.957645,1.907839,0.939886,32120,27375,22630
H4,high_demand_high_stress,105,365,87965,82125,5840,0.93361,49182.638799,49182638.799,12629.0,642.2,23271.3,960.138799,11680.0,2657,4475,1719,1534,1222,61,58,1,2,61,17901,0.620115,0.653548,0.665195,0.670196,1.00073,1.848704,0.930662,32120,27375,22630
H4,high_demand_high_stress,106,365,87965,82125,5840,0.93361,47357.126637,47357126.637,12455.5,0.0,22302.8,918.826637,11680.0,3601,4348,1569,1580,1199,0,0,0,0,0,17156,0.673609,0.709972,0.719838,0.731129,0.994688,1.747836,0.938096,32120,27375,22630
H4,high_demand_high_stress,107,365,87965,82125,5840,0.93361,47910.949585,47910949.585,12570.0,114.4,22594.0,952.549585,11680.0,3224,4581,1989,1408,1184,11,11,0,0,11,17380,0.641984,0.678395,0.695381,0.699857,0.972834,1.946739,0.935402,32120,27375,22630
H4,high_demand_high_stress,108,365,87965,82125,5840,0.93361,55219.340454,55219340.454,12551.0,3265.6,26689.0,1033.740454,11680.0,2214,4440,1619,1507,1314,305,257,8,40,305,20530,0.571451,0.605078,0.625337,0.643622,1.054453,2.116225,0.917744,32120,27375,22630
H4,high_demand_high_stress,109,365,87965,82125,5840,0.93361,45308.728472,45308728.472,11608.5,0.0,21143.2,877.028472,11680.0,3881,4231,1796,1286,1149,0,0,0,0,0,16264,0.678542,0.699627,0.728241,0.759426,0.947255,1.608784,0.943447,32120,27375,22630
H4,high_demand_high_stress,110,365,87965,82125,5840,0.93361,57804.592306,57804592.306,12604.0,4358.9,28106.0,1055.692306,11680.0,2102,4346,1478,1652,1216,399,328,30,41,399,21620,0.53409,0.631801,0.596195,0.589086,1.097465,2.06887,0.912685,32120,27375,22630
H4,high_demand_high_stress,111,365,87965,82125,5840,0.93361,44471.555775,44471555.775,11345.0,0.0,20601.1,845.455775,11680.0,3783,4025,1530,1365,1130,0,0,0,0,0,15847,0.691338,0.73032,0.720407,0.743806,0.935369,1.614375,0.944909,32120,27375,22630
H4,high_demand_high_stress,112,365,87965,82125,5840,0.93361,46584.241687,46584241.687,12091.0,0.0,21908.9,904.341687,11680.0,3818,4301,1544,1407,1350,0,0,0,0,0,16853,0.678163,0.720457,0.731331,0.727066,0.992893,1.771454,0.94047,32120,27375,22630
H4,high_demand_high_stress,113,365,87965,82125,5840,0.93361,46734.930503,46734930.503,12142.5,0.0,21998.6,913.830503,11680.0,3830,4379,1717,1369,1293,0,0,0,0,0,16922,0.658884,0.685574,0.738555,0.726248,0.979757,1.548512,0.94021,32120,27375,22630
H4,high_demand_high_stress,114,365,87965,82125,5840,0.93361,46573.718459,46573718.459,12065.0,0.0,21918.0,910.718459,11680.0,3849,4372,1726,1332,1314,0,0,0,0,0,16860,0.679524,0.723614,0.716353,0.738621,0.996107,1.692016,0.94058,32120,27375,22630
H4,high_demand_high_stress,115,365,87965,82125,5840,0.93361,46437.779268,46437779.268,12010.0,0.0,21842.6,905.179268,11680.0,3831,4326,1627,1339,1360,0,0,0,0,0,16802,0.667009,0.712605,0.730678,0.698974,0.961958,1.746125,0.940767,32120,27375,22630
H4,high_demand_high_stress,116,365,87965,82125,5840,0.93361,48202.08076,48202080.76,12586.5,239.2,22746.1,950.28076,11680.0,3028,4504,1754,1469,1281,23,23,0,0,23,17497,0.651758,0.674391,0.689168,0.695066,0.985376,1.61001,0.934027,32120,27375,22630
H4,high_demand_high_stress,117,365,87965,82125,5840,0.93361,47255.691058,47255691.058,12346.5,10.4,22291.1,927.691058,11680.0,3747,4443,1752,1410,1281,1,1,0,0,1,17147,0.674355,0.720815,0.708321,0.729489,0.999195,1.913852,0.938808,32120,27375,22630
H4,high_demand_high_stress,118,365,87965,82125,5840,0.93361,49586.332289,49586332.289,12563.0,843.7,23530.0,969.632289,11680.0,2661,4528,1852,1446,1230,80,74,1,5,80,18100,0.618841,0.666701,0.652191,0.691341,1.056694,1.94456,0.929858,32120,27375,22630
H4,high_demand_high_stress,119,365,87965,82125,5840,0.93361,48352.447824,48352447.824,12585.0,305.5,22843.6,938.347824,11680.0,2659,4365,1470,1605,1290,28,23,2,3,28,17572,0.613186,0.677567,0.646858,0.663695,0.965527,1.736446,0.932023,32120,27375,22630
H4,high_demand_high_stress,120,365,87965,82125,5840,0.93361,47032.605943,47032605.943,12276.0,10.4,22150.7,915.505943,11680.0,3734,4362,1659,1467,1236,1,1,0,0,1,17039,0.669434,0.737473,0.726198,0.701113,1.002072,1.780767,0.939242,32120,27375,22630
H4,high_demand_high_stress,121,365,87965,82125,5840,0.93361,48980.319622,48980319.622,12554.5,587.6,23199.8,958.419622,11680.0,2634,4486,1743,1474,1269,56,52,0,4,56,17846,0.610229,0.637636,0.665901,0.673794,1.012018,2.225128,0.930785,32120,27375,22630
H4,high_demand_high_stress,122,365,87965,82125,5840,0.93361,46548.444193,46548444.193,12105.5,10.4,21849.1,903.444193,11680.0,3818,4314,1691,1444,1179,1,1,0,0,1,16807,0.673462,0.711379,0.725405,0.735365,1.002817,1.907786,0.940685,32120,27375,22630
H4,high_demand_high_stress,123,365,87965,82125,5840,0.93361,50292.0737,50292073.7,12626.0,1121.9,23896.6,967.5737,11680.0,2441,4418,1647,1603,1168,106,97,2,7,106,18382,0.59599,0.635343,0.646262,0.652285,1.016358,1.972553,0.927685,32120,27375,22630
H4,high_demand_high_stress,124,365,87965,82125,5840,0.93361,47703.412716,47703412.716,12599.5,10.4,22466.6,946.912716,11680.0,3273,4535,1769,1431,1335,1,1,0,0,1,17282,0.668807,0.711077,0.734919,0.71103,1.024928,1.968562,0.936027,32120,27375,22630
H4,high_demand_high_stress,125,365,87965,82125,5840,0.93361,45443.815919,45443815.919,11723.0,10.4,21161.4,869.015919,11680.0,3778,4130,1566,1454,1110,1,1,0,0,1,16278,0.692318,0.734846,0.748265,0.716214,0.982807,2.253227,0.942918,32120,27375,22630
H4,high_demand_high_stress,126,365,87965,82125,5840,0.93361,45213.584062,45213584.062,11499.0,0.0,21149.7,884.884062,11680.0,3945,4305,1887,1120,1298,0,0,0,0,0,16269,0.665891,0.715241,0.725376,0.718193,1.013119,2.019505,0.943717,32120,27375,22630
H4,high_demand_high_stress,127,365,87965,82125,5840,0.93361,50698.343108,50698343.108,12602.0,1309.1,24141.0,966.243108,11680.0,2183,4357,1528,1649,1180,120,100,9,11,120,18570,0.57499,0.604672,0.62887,0.66674,0.965828,1.823632,0.925712,32120,27375,22630
H4,high_demand_high_stress,128,365,87965,82125,5840,0.93361,45924.328952,45924328.952,11864.0,0.0,21490.3,890.028952,11680.0,3840,4272,1742,1370,1160,0,0,0,0,0,16531,0.678275,0.704428,0.741712,0.738764,0.933944,1.70634,0.942041,32120,27375,22630
H4,high_demand_high_stress,129,365,87965,82125,5840,0.93361,48828.248294,48828248.294,12558.0,513.5,23112.7,964.048294,11680.0,2741,4555,1838,1393,1324,49,46,0,3,49,17779,0.634711,0.670665,0.681205,0.688952,1.008516,1.748557,0.931548,32120,27375,22630
H4,high_demand_high_stress,130,365,87965,82125,5840,0.93361,46630.846824,46630846.824,12087.0,0.0,21947.9,915.946824,11680.0,3903,4431,1917,1312,1202,0,0,0,0,0,16883,0.671591,0.703855,0.734267,0.722976,0.950599,1.49851,0.940721,32120,27375,22630
