policy_id,regime,seed,days,total_demand,completed_loads,unmet_demand,demand_fulfillment_rate,effective_output,total_tco,total_tco_report_value,pm_cost,cm_cost,downtime_cost,degradation_cost,unmet_demand_cost,pm_count,pm_component_count,pm_tire,pm_engine,pm_brake,cm_count,cm_tire,cm_engine,cm_brake,failure_count,total_downtime_hours,avg_truck_hi,avg_tire_hi,avg_engine_hi,avg_brake_hi,avg_frailty,max_frailty,availability_rate,route_r_a1_loads,route_r_a2_loads,route_r_b1_loads,route_r_b2_loads,route_r_c1_loads,route_r_c2_loads,shovel_a_loads,shovel_b_loads,shovel_c_loads,crusher_1_loads,crusher_2_loads,pm_bay_utilization,max_simultaneous_pm,standby_reserve_activations,avg_selected_route_value,avg_selected_risk_penalty,avg_selected_capacity_score,avg_selected_queue_penalty,shortfall_sensitivity,target_effective_output,effective_output_shortfall,effective_output_shortfall_cost,effective_fulfillment_rate,avg_grade_per_load,total_tco_v1,total_tco_v2,total_tco_v2_report_value,congestion_alpha,congestion_beta,congestion_cost_level,congestion_cost_per_hour,congestion_delay_hours_hard,congestion_cost_hard,total_tco_v3_hard,congestion_delay_hours_total,route_queue_hours_total,shovel_queue_hours_total,crusher_queue_hours_total,congestion_cost,total_tco_v3,total_tco_v3_report_value,soft_congestion_start,soft_congestion_alpha,soft_congestion_beta,congestion_delay_hours_soft,congestion_cost_soft,total_tco_v4_soft_congestion,total_tco_v4_soft_congestion_report_value,avg_realized_cycle_time_min,avg_base_cycle_time_min,avg_realized_cycle_time_hours,avg_base_cycle_time_hours,completed_loads_per_hour,route_hhi,max_route_share,max_route_utilization,max_shovel_utilization,max_crusher_utilization,route_fallback_loads,route_rejected_loads,route_r_a1_attempts,route_r_a2_attempts,route_r_b1_attempts,route_r_b2_attempts,route_r_c1_attempts,route_r_c2_attempts,shovel_a_attempts,shovel_b_attempts,shovel_c_attempts,crusher_1_attempts,crusher_2_attempts,guard_skip_count,fallback_to_h4_count,route_guard_violation_count,shovel_guard_violation_count,crusher_guard_violation_count,risk_guard_violation_count
H0,heterogeneous_condition,101,90,18900,18900,0,1.0,5435640.0,9163.306803,9163306.803,3349.0,211.2,5445.6,157.506803,0.0,394,1182,394,394,394,22,22,0,0,22,4538,0.857074,0.887814,0.908946,0.951529,0.937723,2.4518,0.72363,4178,4145,4145,2213,2186,2033,8323,6358,4219,10509,8391,0.908796,2,0,0.652972,0.821473,47.764507,0.319824,base,5292000.0,0.0,0.0,1.027143,0.821714,9163.306803,9163.306803,9163306.803,1.0,2.0,base,0.5,1.531769,0.765885,9164.072688,1.531769,0.0,0.912857,0.618912,0.765885,9164.072688,9164072.688,0.85,0.1,2.0,27.731567,13.865784,9177.172587,9177172.587,24.91676,24.911897,0.415279,0.415198,8.75,0.18372,0.221058,0.810345,1.305556,1.242105,0,0,4178,4156,4151,2218,2186,2033,8334,6369,4219,10515,8407,0,0,0,0,0,0
H0,heterogeneous_condition,102,90,18900,18900,0,1.0,5433610.0,9618.806105,9618806.105,3349.0,412.8,5697.6,159.406105,0.0,394,1182,394,394,394,43,43,0,0,43,4748,0.82367,0.856644,0.912723,0.95227,0.873249,2.345799,0.72013,4146,4142,4119,2251,2209,2033,8288,6370,4242,10474,8426,0.908796,2,0,0.652901,0.805475,47.841261,0.318345,base,5292000.0,0.0,0.0,1.026759,0.821407,9618.806105,9618.806105,9618806.105,1.0,2.0,base,0.5,1.505705,0.752852,9619.558958,1.505705,0.0,0.904192,0.601512,0.752852,9619.558958,9619558.958,0.85,0.1,2.0,27.381004,13.690502,9632.496608,9632496.608,24.900752,24.895972,0.415013,0.414933,8.75,0.183062,0.219365,0.810345,1.305556,1.252632,0,0,4165,4164,4121,2251,2209,2033,8329,6372,4242,10495,8448,0,0,0,0,0,0
H0,heterogeneous_condition,103,90,18900,18899,1,0.999947,5433610.0,10136.063606,10136063.606,3349.0,633.6,5956.8,194.663606,2.0,394,1182,394,394,394,59,45,14,0,59,4964,0.805144,0.869247,0.857461,0.951318,0.992559,2.718937,0.716426,4144,4136,4148,2245,2190,2036,8280,6393,4226,10482,8417,0.908796,2,0,0.652911,1.018742,47.810212,0.318961,base,5292000.0,0.0,0.0,1.026759,0.821451,10136.063606,10136.063606,10136063.606,1.0,2.0,base,0.5,1.519269,0.759634,10136.823241,1.519269,0.0,0.903697,0.615572,0.759634,10136.823241,10136823.241,0.85,0.1,2.0,27.577916,13.788958,10149.852565,10149852.565,24.899751,24.894928,0.414996,0.414915,8.749537,0.183291,0.219483,0.810345,1.305556,1.242105,0,0,4170,4161,4154,2247,2190,2036,8331,6401,4226,10514,8444,0,0,0,0,0,0
H0,heterogeneous_condition,104,90,18900,18898,2,0.999894,5434380.0,9288.733081,9288733.081,3349.0,260.4,5508.0,167.333081,4.0,394,1182,394,394,394,27,26,0,1,27,4590,0.833531,0.843167,0.924642,0.940313,0.94391,2.700947,0.722759,4168,4144,4143,2215,2208,2020,8312,6358,4228,10519,8379,0.908796,2,0,0.653089,0.842127,47.769194,0.319687,base,5292000.0,0.0,0.0,1.026905,0.821611,9288.733081,9288.733081,9288733.081,1.0,2.0,base,0.5,1.530559,0.76528,9289.498361,1.530559,0.0,0.898624,0.631935,0.76528,9289.498361,9289498.361,0.85,0.1,2.0,27.735206,13.867603,9302.600684,9302600.684,24.907304,24.902445,0.415122,0.415041,8.749074,0.183604,0.220552,0.810345,1.305556,1.242105,0,0,4174,4152,4150,2217,2208,2024,8326,6367,4232,10532,8393,0,0,0,0,0,0
H0,heterogeneous_condition,105,90,18900,18900,0,1.0,5434870.0,9759.82732,9759827.32,3349.0,475.2,5758.8,176.82732,0.0,394,1182,394,394,394,43,30,13,0,43,4799,0.831131,0.872256,0.914811,0.931722,1.020715,2.576161,0.719167,4147,4154,4133,2247,2190,2029,8301,6380,4219,10470,8430,0.908796,2,0,0.652901,0.90341,47.838938,0.318481,base,5292000.0,0.0,0.0,1.026997,0.821598,9759.82732,9759.82732,9759827.32,1.0,2.0,base,0.5,1.494162,0.747081,9760.574401,1.494162,0.0,0.89267,0.601492,0.747081,9760.574401,9760574.401,0.85,0.1,2.0,27.28505,13.642525,9773.469845,9773469.845,24.915277,24.910533,0.415255,0.415176,8.75,0.183357,0.219788,0.810345,1.305556,1.242105,0,0,4166,4155,4134,2251,2196,2041,8321,6385,4237,10496,8447,0,0,0,0,0,0
H0,heterogeneous_condition,106,90,18900,18898,2,0.999894,5434660.0,8955.70351,8955703.51,3349.0,115.2,5325.6,161.90351,4.0,394,1182,394,394,394,12,12,0,0,12,4438,0.869419,0.915544,0.894515,0.947598,0.982959,2.36643,0.725296,4159,4158,4138,2218,2191,2034,8317,6356,4225,10488,8410,0.908796,2,0,0.652942,0.74702,47.783184,0.319351,base,5292000.0,0.0,0.0,1.026958,0.821653,8955.70351,8955.70351,8955703.51,1.0,2.0,base,0.5,1.50321,0.751605,8956.455115,1.50321,0.0,0.901884,0.601326,0.751605,8956.455115,8956455.115,0.85,0.1,2.0,27.372919,13.68646,8969.389969,8969389.969,24.917376,24.912603,0.41529,0.41521,8.749074,0.18359,0.220076,0.810345,1.305556,1.242105,0,0,4169,4160,4138,2218,2191,2034,8329,6356,4225,10498,8412,0,0,0,0,0,0
H0,heterogeneous_condition,107,90,18900,18899,1,0.999947,5434030.0,9945.055866,9945055.866,3349.0,548.4,5870.4,175.255866,2.0,394,1182,394,394,394,54,41,4,9,54,4892,0.803706,0.850981,0.911198,0.925312,0.96149,2.78374,0.717667,4154,4146,4139,2226,2203,2031,8300,6365,4234,10496,8403,0.908796,2,0,0.652972,0.924701,47.825146,0.318862,base,5292000.0,0.0,0.0,1.026839,0.821514,9945.055866,9945.055866,9945055.866,1.0,2.0,base,0.5,1.506411,0.753205,9945.809071,1.506411,0.0,0.89112,0.615291,0.753205,9945.809071,9945809.071,0.85,0.1,2.0,27.427777,13.713888,9958.769754,9958769.754,24.904468,24.899686,0.415074,0.414995,8.749537,0.183412,0.2198,0.810345,1.305556,1.252632,0,0,4163,4157,4145,2243,2205,2040,8320,6388,4245,10513,8440,0,0,0,0,0,0
H0,heterogeneous_condition,108,90,18900,18897,3,0.999841,5430215.0,10930.450219,10930450.219,3349.0,972.0,6396.0,207.450219,6.0,394,1182,394,394,394,92,60,14,18,92,5330,0.775449,0.869233,0.871492,0.893517,1.128587,3.150683,0.710259,4105,4128,4141,2263,2216,2044,8233,6404,4260,10462,8435,0.908796,2,0,0.653033,1.000046,47.889884,0.317576,base,5292000.0,0.0,0.0,1.026118,0.821025,10930.450219,10930.450219,10930450.219,1.0,2.0,base,0.5,1.498913,0.749456,10931.199676,1.498913,0.0,0.867171,0.631741,0.749456,10931.199676,10931199.676,0.85,0.1,2.0,27.331442,13.665721,10944.11594,10944115.94,24.871369,24.86661,0.414523,0.414443,8.748611,0.182721,0.219135,0.827586,1.305556,1.263158,0,0,4163,4145,4151,2266,2217,2047,8308,6417,4264,10531,8458,0,0,0,0,0,0
H0,heterogeneous_condition,109,90,18900,18900,0,1.0,5434485.0,8960.353569,8960353.569,3349.0,124.8,5334.0,152.553569,0.0,394,1182,394,394,394,13,13,0,0,13,4445,0.867919,0.878033,0.9489,0.939497,0.909119,2.084195,0.725167,4159,4148,4134,2223,2206,2030,8307,6357,4236,10499,8401,0.908796,2,0,0.653037,0.70722,47.802358,0.319079,base,5292000.0,0.0,0.0,1.026925,0.82154,8960.353569,8960.353569,8960353.569,1.0,2.0,base,0.5,1.501477,0.750738,8961.104307,1.501477,0.0,0.888352,0.613125,0.750738,8961.104307,8961104.307,0.85,0.1,2.0,27.372045,13.686022,8974.039591,8974039.591,24.906594,24.901827,0.41511,0.41503,8.75,0.183428,0.220053,0.810345,1.305556,1.242105,0,0,4168,4149,4136,2224,2206,2030,8317,6360,4236,10510,8403,0,0,0,0,0,0
H0,heterogeneous_condition,110,90,18900,18897,3,0.999841,5434170.0,10940.120382,10940120.382,3349.0,997.2,6378.0,209.920382,6.0,394,1182,394,394,394,87,51,33,3,87,5315,0.747663,0.794246,0.857606,0.929901,1.167516,3.047173,0.710407,4156,4151,4129,2240,2196,2025,8307,6369,4221,10481,8416,0.908796,2,0,0.652936,1.11411,47.832324,0.318658,base,5292000.0,0.0,0.0,1.026865,0.821622,10940.120382,10940.120382,10940120.382,1.0,2.0,base,0.5,1.547117,0.773559,10940.893941,1.547117,0.0,0.920702,0.626416,0.773559,10940.893941,10940893.941,0.85,0.1,2.0,27.905986,13.952993,10954.073375,10954073.375,24.915353,24.91044,0.415256,0.415174,8.748611,0.183403,0.219929,0.827586,1.333333,1.252632,0,0,4180,4161,4140,2252,2205,2045,8341,6392,4250,10525,8458,0,0,0,0,0,0
H_TIME,heterogeneous_condition,101,90,18900,18900,0,1.0,5434975.0,8629.543999,8629543.999,3298.0,28.8,5145.6,157.143999,0.0,388,1164,388,388,388,3,3,0,0,3,4288,0.900236,0.910353,0.962533,0.962576,0.937723,2.4518,0.727796,4171,4150,4172,2171,2195,2041,8321,6343,4236,10538,8362,0.896296,2,0,0.653158,0.503646,47.728138,0.320488,base,5292000.0,0.0,0.0,1.027017,0.821614,8629.543999,8629.543999,8629543.999,1.0,2.0,base,0.5,1.536444,0.768222,8630.312221,1.536444,0.0,0.893837,0.642608,0.768222,8630.312221,8630312.221,0.85,0.1,2.0,27.813615,13.906807,8643.450806,8643450.806,24.904926,24.900048,0.415082,0.415001,8.75,0.183988,0.220741,0.810345,1.305556,1.252632,0,0,4171,4152,4173,2171,2195,2041,8323,6344,4236,10539,8364,0,0,0,0,0,0
H_TIME,heterogeneous_condition,102,90,18900,18899,1,0.999947,5432735.0,9022.119998,9022119.998,3298.0,201.6,5361.6,158.919998,2.0,388,1164,388,388,388,21,21,0,0,21,4468,0.727179,0.782506,0.92212,0.948933,0.873249,2.345799,0.724796,4154,4125,4157,2213,2200,2050,8279,6370,4250,10511,8388,0.896296,2,0,0.653072,0.763691,47.826691,0.31892,base,5292000.0,0.0,0.0,1.026594,0.821319,9022.119998,9022.119998,9022119.998,1.0,2.0,base,0.5,1.480474,0.740237,9022.860235,1.480474,0.0,0.86259,0.617884,0.740237,9022.860235,9022860.235,0.85,0.1,2.0,27.152736,13.576368,9035.696366,9035696.366,24.884924,24.880223,0.414749,0.41467,8.749537,0.183362,0.219959,0.810345,1.305556,1.252632,0,0,4156,4144,4157,2213,2200,2050,8300,6370,4250,10513,8407,0,0,0,0,0,0
H_TIME,heterogeneous_condition,103,90,18900,18899,1,0.999947,5433925.0,9684.685195,9684685.195,3298.0,480.0,5709.6,195.085195,2.0,388,1164,388,388,388,50,50,0,0,50,4758,0.691556,0.809611,0.814862,0.91372,0.992559,2.718937,0.719963,4144,4150,4159,2215,2198,2033,8294,6374,4231,10501,8398,0.896296,2,0,0.65297,1.120405,47.785107,0.319307,base,5292000.0,0.0,0.0,1.026819,0.821498,9684.685195,9684.685195,9684685.195,1.0,2.0,base,0.5,1.542957,0.771478,9685.456674,1.542957,0.0,0.916194,0.626763,0.771478,9685.456674,9685456.674,0.85,0.1,2.0,27.848597,13.924299,9698.609494,9698609.494,24.901888,24.896989,0.415031,0.41495,8.749537,0.183561,0.220065,0.810345,1.305556,1.252632,0,0,4167,4174,4159,2215,2198,2036,8341,6374,4234,10524,8425,0,0,0,0,0,0
H_TIME,heterogeneous_condition,104,90,18900,18900,0,1.0,5434765.0,8834.298707,8834298.707,3298.0,115.2,5253.6,167.498707,0.0,388,1164,388,388,388,12,12,0,0,12,4378,0.735236,0.810918,0.928859,0.894606,0.94391,2.700947,0.726296,4161,4159,4160,2179,2210,2031,8320,6339,4241,10531,8369,0.896296,2,0,0.653148,0.976886,47.745876,0.320024,base,5292000.0,0.0,0.0,1.026978,0.821582,8834.298707,8834.298707,8834298.707,1.0,2.0,base,0.5,1.538414,0.769207,8835.067914,1.538414,0.0,0.899315,0.639099,0.769207,8835.067914,8835067.914,0.85,0.1,2.0,27.83002,13.91501,8848.213717,8848213.717,24.905312,24.900429,0.415089,0.415007,8.75,0.183852,0.220159,0.810345,1.305556,1.252632,0,0,4166,4160,4161,2182,2210,2033,8326,6343,4243,10537,8375,0,0,0,0,0,0
H_TIME,heterogeneous_condition,105,90,18900,18900,0,1.0,5433610.0,9123.397136,9123397.136,3298.0,244.8,5404.8,175.797136,0.0,388,1164,388,388,388,21,12,9,0,21,4504,0.703419,0.837202,0.855409,0.911422,1.020715,2.576161,0.72413,4131,4154,4153,2223,2190,2049,8285,6376,4239,10474,8426,0.896296,2,0,0.652962,0.928894,47.843243,0.318429,base,5292000.0,0.0,0.0,1.026759,0.821407,9123.397136,9123.397136,9123397.136,1.0,2.0,base,0.5,1.454463,0.727231,9124.124368,1.454463,0.0,0.858433,0.59603,0.727231,9124.124368,9124124.368,0.85,0.1,2.0,26.821126,13.410563,9136.807699,9136807.699,24.900461,24.895844,0.415008,0.414931,8.75,0.183378,0.219788,0.810345,1.305556,1.242105,0,0,4144,4154,4153,2223,2193,2054,8298,6376,4247,10490,8431,0,0,0,0,0,0
H_TIME,heterogeneous_condition,106,90,18900,18900,0,1.0,5434520.0,8590.679998,8590679.998,3298.0,9.6,5121.6,161.479998,0.0,388,1164,388,388,388,1,1,0,0,1,4268,0.91003,0.922824,0.947223,0.966939,0.982959,2.36643,0.72813,4154,4153,4164,2194,2194,2041,8307,6358,4235,10512,8388,0.896296,2,0,0.653071,0.477551,47.775462,0.319618,base,5292000.0,0.0,0.0,1.026931,0.821545,8590.679998,8590.679998,8590679.998,1.0,2.0,base,0.5,1.487804,0.743902,8591.423899,1.487804,0.0,0.87166,0.616144,0.743902,8591.423899,8591423.899,0.85,0.1,2.0,27.240839,13.62042,8604.300417,8604300.417,24.904191,24.899468,0.41507,0.414991,8.75,0.183743,0.220317,0.810345,1.305556,1.242105,0,0,4154,4153,4164,2194,2194,2042,8307,6358,4236,10512,8389,0,0,0,0,0,0
H_TIME,heterogeneous_condition,107,90,18900,18900,0,1.0,5433505.0,9500.761458,9500761.458,3298.0,414.0,5613.6,175.161458,0.0,388,1164,388,388,388,43,42,0,1,43,4678,0.711841,0.799022,0.865756,0.940056,0.96149,2.78374,0.721278,4145,4139,4156,2219,2203,2038,8284,6375,4241,10504,8396,0.896296,2,0,0.653035,1.107143,47.821253,0.318853,base,5292000.0,0.0,0.0,1.026739,0.821392,9500.761458,9500.761458,9500761.458,1.0,2.0,base,0.5,1.497354,0.748677,9501.510135,1.497354,0.0,0.874579,0.622776,0.748677,9501.510135,9501510.135,0.85,0.1,2.0,27.355625,13.677812,9514.43927,9514439.27,24.892637,24.887884,0.414877,0.414798,8.75,0.183408,0.219894,0.810345,1.305556,1.252632,0,0,4152,4157,4161,2228,2206,2039,8309,6389,4245,10519,8424,0,0,0,0,0,0
H_TIME,heterogeneous_condition,108,90,18900,18899,1,0.999947,5430530.0,10554.226884,10554226.884,3298.0,864.0,6182.4,207.826884,2.0,388,1164,388,388,388,83,63,12,8,83,5152,0.692311,0.854127,0.841257,0.849987,1.128587,3.150683,0.713278,4110,4124,4157,2240,2234,2034,8234,6397,4268,10501,8398,0.896296,2,0,0.653176,1.068472,47.851544,0.318189,base,5292000.0,0.0,0.0,1.026177,0.820985,10554.226884,10554.226884,10554226.884,1.0,2.0,base,0.5,1.531624,0.765812,10554.992696,1.531624,0.0,0.872447,0.659176,0.765812,10554.992696,10554992.696,0.85,0.1,2.0,27.747348,13.873674,10568.100558,10568100.558,24.861439,24.856577,0.414357,0.414276,8.749537,0.182897,0.219959,0.827586,1.305556,1.263158,0,0,4165,4148,4159,2241,2234,2035,8313,6400,4269,10558,8424,0,0,0,0,0,0
H_TIME,heterogeneous_condition,109,90,18900,18900,0,1.0,5434065.0,8581.235284,8581235.284,3298.0,9.6,5121.6,152.035284,0.0,388,1164,388,388,388,1,1,0,0,1,4268,0.927711,0.928546,0.971647,0.967487,0.909119,2.084195,0.72813,4151,4162,4140,2193,2222,2032,8313,6333,4254,10513,8387,0.896296,2,0,0.653116,0.472405,47.791493,0.319165,base,5292000.0,0.0,0.0,1.026845,0.821476,8581.235284,8581.235284,8581235.284,1.0,2.0,base,0.5,1.499953,0.749977,8581.985261,1.499953,0.0,0.881848,0.618105,0.749977,8581.985261,8581985.261,0.85,0.1,2.0,27.362596,13.681298,8594.916582,8594916.582,24.902,24.897238,0.415033,0.414954,8.75,0.183556,0.220212,0.810345,1.305556,1.252632,0,0,4152,4162,4140,2193,2222,2032,8314,6333,4254,10514,8387,0,0,0,0,0,0
H_TIME,heterogeneous_condition,110,90,18900,18900,0,1.0,5433995.0,10108.415206,10108415.206,3298.0,667.2,5932.8,210.415206,0.0,388,1164,388,388,388,63,47,12,4,63,4944,0.651398,0.767207,0.798609,0.89454,1.167516,3.047173,0.716759,4130,4169,4149,2210,2208,2034,8299,6359,4242,10487,8413,0.896296,2,0,0.652982,1.301713,47.818752,0.3187,base,5292000.0,0.0,0.0,1.026832,0.821466,10108.415206,10108.415206,10108415.206,1.0,2.0,base,0.5,1.521841,0.760921,10109.176127,1.521841,0.0,0.900222,0.62162,0.760921,10109.176127,10109176.127,0.85,0.1,2.0,27.604804,13.802402,10122.217608,10122217.608,24.904968,24.900137,0.415083,0.415002,8.75,0.1835,0.220582,0.810345,1.305556,1.252632,0,0,4150,4178,4154,2220,2214,2047,8328,6374,4261,10518,8445,0,0,0,0,0,0
H1,heterogeneous_condition,101,90,18900,18900,0,1.0,4826430.0,3680.946547,3680946.547,1426.0,0.0,2126.4,128.546547,0.0,530,532,252,148,132,0,0,0,0,0,1772,0.500257,0.529428,0.564286,0.559325,0.937723,2.4518,0.777,18,0,3423,2139,5940,7380,18,5562,13320,9381,9519,0.2875,2,0,0.676335,1.517255,41.496931,0.417453,base,5292000.0,465570.0,3325.56651,0.912024,0.729619,3680.946547,7006.513057,7006513.057,1.0,2.0,base,0.5,503.57838,251.78919,7258.302247,503.57838,291.471977,142.853819,69.252584,251.78919,7258.302247,7258302.247,0.85,0.1,2.0,3389.542162,1694.771081,8701.284138,8701284.138,19.789093,18.190431,0.329818,0.303174,8.75,0.296858,0.390476,3.181818,2.5,2.210526,12351,0,18,0,0,0,18073,809,18,0,18882,18091,809,0,0,0,0,0,0
H1,heterogeneous_condition,102,90,18900,18900,0,1.0,4826325.0,3576.347403,3576347.403,1392.0,0.0,2060.4,123.947403,0.0,495,496,221,175,100,0,0,0,0,0,1717,0.469155,0.498333,0.517467,0.576606,0.873249,2.345799,0.77737,15,0,3786,1779,5940,7380,15,5565,13320,9741,9159,0.28287,2,0,0.677868,1.52147,40.982328,0.426219,base,5292000.0,465675.0,3326.316525,0.912004,0.729603,3576.347403,6902.663928,6902663.928,1.0,2.0,base,0.5,513.59837,256.799185,7159.463113,513.59837,299.138977,142.939567,71.519826,256.799185,7159.463113,7159463.113,0.85,0.1,2.0,3452.40835,1726.204175,8628.868103,8628868.103,19.745083,18.114612,0.329085,0.30191,8.75,0.300235,0.390476,3.181818,2.5,2.210526,12456,0,15,0,0,0,18190,695,15,0,18885,18205,695,0,0,0,0,0,0
H1,heterogeneous_condition,103,90,18900,18900,0,1.0,4826570.0,4210.888544,4210888.544,1627.0,0.0,2442.0,141.888544,0.0,580,582,244,196,142,0,0,0,0,0,2035,0.473079,0.515254,0.529149,0.543187,0.992559,2.718937,0.773056,22,0,3686,1872,5940,7380,22,5558,13320,9648,9252,0.336806,2,0,0.677463,1.564412,41.134815,0.42361,base,5292000.0,465430.0,3324.56649,0.91205,0.72964,4210.888544,7535.455034,7535455.034,1.0,2.0,base,0.5,532.321973,266.160987,7801.616021,532.321973,313.80101,142.746644,75.774319,266.160987,7801.616021,7801616.021,0.85,0.1,2.0,3570.720419,1785.36021,9320.815244,9320815.244,19.82698,18.137069,0.33045,0.302284,8.75,0.299094,0.390476,3.181818,2.5,2.210526,12603,0,22,0,0,0,18431,447,22,0,18878,18453,447,0,0,0,0,0,0
H1,heterogeneous_condition,104,90,18900,18900,0,1.0,4826395.0,3868.586039,3868586.039,1480.0,0.0,2257.2,131.386039,0.0,533,534,208,166,160,0,0,0,0,0,1881,0.477231,0.518947,0.565679,0.543569,0.94391,2.700947,0.775,17,0,3396,2167,5940,7380,17,5563,13320,9353,9547,0.3125,2,0,0.676218,1.546165,41.557249,0.416467,base,5292000.0,465605.0,3325.816515,0.912017,0.729614,3868.586039,7194.402554,7194402.554,1.0,2.0,base,0.5,501.478308,250.739154,7445.141708,501.478308,289.623913,142.881883,68.972512,250.739154,7445.141708,7445141.708,0.85,0.1,2.0,3374.262757,1687.131378,8881.533932,8881533.932,19.787755,18.19576,0.329796,0.303263,8.75,0.29668,0.390476,3.181818,2.5,2.210526,12307,0,17,0,0,0,17981,902,17,0,18883,17998,902,0,0,0,0,0,0
H1,heterogeneous_condition,105,90,18900,18900,0,1.0,4826465.0,4248.57614,4248576.14,1639.0,0.0,2468.4,141.17614,0.0,579,580,231,203,146,0,0,0,0,0,2057,0.47362,0.525395,0.564622,0.551265,1.020715,2.576161,0.772611,19,0,3560,2001,5940,7380,19,5561,13320,9519,9381,0.342361,2,0,0.67692,1.558669,41.340635,0.420174,base,5292000.0,465535.0,3325.316505,0.91203,0.729624,4248.57614,7573.892645,7573892.645,1.0,2.0,base,0.5,516.469238,258.234619,7832.127264,516.469238,301.362244,142.826268,72.280726,258.234619,7832.127264,7832127.264,0.85,0.1,2.0,3469.622291,1734.811145,9308.703791,9308703.791,19.801943,18.162359,0.330032,0.302706,8.75,0.297937,0.390476,3.181818,2.5,2.210526,12439,0,19,0,0,0,18199,682,19,0,18881,18218,682,0,0,0,0,0,0
H1,heterogeneous_condition,106,90,18900,18900,0,1.0,4826185.0,4121.62835,4121628.35,1588.5,0.0,2395.2,137.92835,0.0,552,557,214,202,141,0,0,0,0,0,1996,0.476464,0.494479,0.545721,0.534416,0.982959,2.36643,0.773222,11,0,3537,2032,5940,7380,11,5569,13320,9488,9412,0.334722,2,0,0.6768,1.568983,41.424921,0.41885,base,5292000.0,465815.0,3327.316545,0.911978,0.729582,4121.62835,7448.944895,7448944.895,1.0,2.0,base,0.5,510.612853,255.306427,7704.251321,510.612853,296.695416,143.061293,70.856144,255.306427,7704.251321,7704251.321,0.85,0.1,2.0,3433.165273,1716.582636,9165.527531,9165527.531,19.786074,18.165081,0.329768,0.302751,8.75,0.297829,0.390476,3.181818,2.5,2.210526,12407,0,11,0,0,0,18139,750,11,0,18889,18150,750,0,0,0,0,0,0
H1,heterogeneous_condition,107,90,18900,18900,0,1.0,4826395.0,3809.257481,3809257.481,1478.0,0.0,2199.6,131.657481,0.0,545,546,254,160,132,0,0,0,0,0,1833,0.459783,0.491685,0.561245,0.602771,0.96149,2.78374,0.776111,17,0,3785,1778,5940,7380,17,5563,13320,9742,9158,0.298611,2,0,0.67787,1.532087,40.985132,0.426172,base,5292000.0,465605.0,3325.816515,0.912017,0.729614,3809.257481,7135.073996,7135073.996,1.0,2.0,base,0.5,530.480755,265.240377,7400.314374,530.480755,312.289241,142.881883,75.309631,265.240377,7400.314374,7400314.374,0.85,0.1,2.0,3559.368339,1779.684169,8914.758166,8914758.166,19.799393,18.115328,0.32999,0.301922,8.75,0.300204,0.390476,3.181818,2.5,2.210526,12600,0,17,0,0,0,18416,467,17,0,18883,18433,467,0,0,0,0,0,0
H1,heterogeneous_condition,108,90,18900,18900,0,1.0,4826325.0,4717.910119,4717910.119,1797.5,0.0,2764.8,155.610119,0.0,652,652,247,194,211,0,0,0,0,0,2304,0.474011,0.523289,0.532577,0.586148,1.128587,3.150683,0.76937,15,0,3253,2312,5940,7380,15,5565,13320,9208,9692,0.38287,2,0,0.675605,1.570246,41.807725,0.412305,base,5292000.0,465675.0,3326.316525,0.912004,0.729603,4717.910119,8044.226644,8044226.644,1.0,2.0,base,0.5,485.004155,242.502077,8286.728721,485.004155,276.449761,142.939567,65.614827,242.502077,8286.728721,8286728.721,0.85,0.1,2.0,3267.141684,1633.570842,9677.797485,9677797.485,19.764515,18.224819,0.329409,0.303747,8.75,0.295836,0.390476,3.181818,2.5,2.210526,12069,0,15,0,0,0,17655,1230,15,0,18885,17670,1230,0,0,0,0,0,0
H1,heterogeneous_condition,109,90,18900,18900,0,1.0,4826535.0,3470.121738,3470121.738,1331.0,0.0,2016.0,123.121738,0.0,500,500,222,128,150,0,0,0,0,0,1680,0.483417,0.515561,0.543466,0.542295,0.909119,2.084195,0.77813,21,0,3541,2018,5940,7380,21,5559,13320,9502,9398,0.27338,2,0,0.676844,1.530974,41.335079,0.420218,base,5292000.0,465465.0,3324.816495,0.912044,0.729635,3470.121738,6794.938233,6794938.233,1.0,2.0,base,0.5,517.356123,258.678061,7053.616295,517.356123,302.226064,142.772685,72.357374,258.678061,7053.616295,7053616.295,0.85,0.1,2.0,3476.517699,1738.25885,8533.197083,8533197.083,19.809196,18.166796,0.330153,0.30278,8.75,0.29775,0.390476,3.181818,2.5,2.210526,12475,0,21,0,0,0,18247,632,21,0,18879,18268,632,0,0,0,0,0,0
H1,heterogeneous_condition,110,90,18900,18900,0,1.0,4826185.0,5163.348668,5163348.668,1995.5,0.0,2998.8,169.048668,0.0,711,712,292,241,179,0,0,0,0,0,2499,0.460375,0.500239,0.525478,0.547919,1.167516,3.047173,0.766852,11,0,3555,2014,5940,7380,11,5569,13320,9506,9394,0.414352,2,0,0.676877,1.593742,41.321217,0.420489,base,5292000.0,465815.0,3327.316545,0.911978,0.729582,5163.348668,8490.665213,8490665.213,1.0,2.0,base,0.5,518.640631,259.320315,8749.985528,518.640631,302.887936,143.061293,72.691402,259.320315,8749.985528,8749985.528,0.85,0.1,2.0,3483.420385,1741.710193,10232.375405,10232375.405,19.807837,18.161359,0.330131,0.302689,8.75,0.297983,0.390476,3.181818,2.5,2.210526,12461,0,11,0,0,0,18228,661,11,0,18889,18239,661,0,0,0,0,0,0
H2,heterogeneous_condition,101,90,18900,18900,0,1.0,4828880.0,3678.813268,3678813.268,1423.5,0.0,2126.4,128.913268,0.0,526,527,244,152,131,0,0,0,0,0,1772,0.462418,0.494984,0.552018,0.536605,0.937723,2.4518,0.776926,44,0,5580,0,5940,7336,44,5580,13276,11564,7336,0.288426,2,0,0.685517,1.562978,36.074815,0.506136,base,5292000.0,463120.0,3308.06616,0.912487,0.729989,3678.813268,6986.879428,6986879.428,1.0,2.0,base,0.5,575.125497,287.562749,7274.442177,575.125497,346.322314,143.441964,85.361219,287.562749,7274.442177,7274442.177,0.85,0.1,2.0,3838.342285,1919.171143,8906.050571,8906050.571,19.591111,17.765316,0.326519,0.296089,8.75,0.336605,0.388148,3.181818,2.5,2.210526,12960,0,0,0,0,0,18900,0,0,0,18900,18900,0,0,0,0,0,0,0
H2,heterogeneous_condition,102,90,18900,18900,0,1.0,4829160.0,3697.975296,3697975.296,1440.0,0.0,2130.0,127.975296,0.0,513,515,232,179,104,0,0,0,0,0,1775,0.454596,0.464858,0.551471,0.538971,0.873249,2.345799,0.77663,48,0,5580,0,5940,7332,48,5580,13272,11568,7332,0.29213,2,0,0.685524,1.56733,36.068466,0.506257,base,5292000.0,462840.0,3306.06612,0.91254,0.730032,3697.975296,7004.041416,7004041.416,1.0,2.0,base,0.5,575.125497,287.562749,7291.604164,575.125497,346.322314,143.441964,85.361219,287.562749,7291.604164,7291604.164,0.85,0.1,2.0,3838.342285,1919.171143,8923.212558,8923212.558,19.593426,17.76763,0.326557,0.296127,8.75,0.336442,0.387937,3.181818,2.5,2.210526,12960,0,0,0,0,0,18900,0,0,0,18900,18900,0,0,0,0,0,0,0
H2,heterogeneous_condition,103,90,18900,18900,0,1.0,4828530.0,4170.763675,4170763.675,1608.0,0.0,2421.6,141.163675,0.0,572,574,236,194,144,0,0,0,0,0,2018,0.454804,0.497653,0.514586,0.528263,0.992559,2.718937,0.773222,39,0,5580,0,5940,7341,39,5580,13281,11559,7341,0.334722,2,0,0.685509,1.614995,36.07254,0.506144,base,5292000.0,463470.0,3310.56621,0.912421,0.729937,4170.763675,7481.329885,7481329.885,1.0,2.0,base,0.5,575.125497,287.562749,7768.892633,575.125497,346.322314,143.441964,85.361219,287.562749,7768.892633,7768892.633,0.85,0.1,2.0,3838.342285,1919.171143,9400.501027,9400501.027,19.588219,17.762423,0.32647,0.29604,8.75,0.33681,0.388413,3.181818,2.5,2.210526,12960,0,0,0,0,0,18900,0,0,0,18900,18900,0,0,0,0,0,0,0
H2,heterogeneous_condition,104,90,18900,18900,0,1.0,4829090.0,3819.27035,3819270.35,1457.5,0.0,2230.8,130.97035,0.0,523,525,202,164,159,0,0,0,0,0,1859,0.456279,0.51393,0.532512,0.503686,0.94391,2.700947,0.775259,47,0,5580,0,5940,7333,47,5580,13273,11567,7333,0.309259,2,0,0.685522,1.594795,36.065556,0.506297,base,5292000.0,462910.0,3306.56613,0.912526,0.730021,3819.27035,7125.83648,7125836.48,1.0,2.0,base,0.5,575.125497,287.562749,7413.399229,575.125497,346.322314,143.441964,85.361219,287.562749,7413.399229,7413399.229,0.85,0.1,2.0,3838.342285,1919.171143,9045.007623,9045007.623,19.592847,17.767052,0.326547,0.296118,8.75,0.336483,0.387989,3.181818,2.5,2.210526,12960,0,0,0,0,0,18900,0,0,0,18900,18900,0,0,0,0,0,0,0
H2,heterogeneous_condition,105,90,18900,18900,0,1.0,4828880.0,4208.161575,4208161.575,1621.5,0.0,2445.6,141.061575,0.0,572,574,227,200,147,0,0,0,0,0,2038,0.454213,0.483968,0.544062,0.540173,1.020715,2.576161,0.772815,44,0,5580,0,5940,7336,44,5580,13276,11564,7336,0.339815,2,0,0.685517,1.60453,36.070476,0.506204,base,5292000.0,463120.0,3308.06616,0.912487,0.729989,4208.161575,7516.227735,7516227.735,1.0,2.0,base,0.5,575.125497,287.562749,7803.790484,575.125497,346.322314,143.441964,85.361219,287.562749,7803.790484,7803790.484,0.85,0.1,2.0,3838.342285,1919.171143,9435.398878,9435398.878,19.591111,17.765316,0.326519,0.296089,8.75,0.336605,0.388148,3.181818,2.5,2.210526,12960,0,0,0,0,0,18900,0,0,0,18900,18900,0,0,0,0,0,0,0
H2,heterogeneous_condition,106,90,18900,18900,0,1.0,4828880.0,4134.42232,4134422.32,1592.5,0.0,2403.6,138.32232,0.0,556,558,214,203,141,0,0,0,0,0,2003,0.470498,0.507733,0.536314,0.525649,0.982959,2.36643,0.773185,44,0,5580,0,5940,7336,44,5580,13276,11564,7336,0.335185,2,0,0.685517,1.61773,36.070476,0.506204,base,5292000.0,463120.0,3308.06616,0.912487,0.729989,4134.42232,7442.48848,7442488.48,1.0,2.0,base,0.5,575.125497,287.562749,7730.051228,575.125497,346.322314,143.441964,85.361219,287.562749,7730.051228,7730051.228,0.85,0.1,2.0,3838.342285,1919.171143,9361.659622,9361659.622,19.591111,17.765316,0.326519,0.296089,8.75,0.336605,0.388148,3.181818,2.5,2.210526,12960,0,0,0,0,0,18900,0,0,0,18900,18900,0,0,0,0,0,0,0
H2,heterogeneous_condition,107,90,18900,18900,0,1.0,4828600.0,3651.137699,3651137.699,1417.5,0.0,2104.8,128.837699,0.0,525,526,248,151,127,0,0,0,0,0,1754,0.47124,0.513073,0.5426,0.513792,0.96149,2.78374,0.777204,40,0,5580,0,5940,7340,40,5580,13280,11560,7340,0.284954,2,0,0.685511,1.57657,36.071429,0.506167,base,5292000.0,463400.0,3310.0662,0.912434,0.729947,3651.137699,6961.203899,6961203.899,1.0,2.0,base,0.5,575.125497,287.562749,7248.766648,575.125497,346.322314,143.441964,85.361219,287.562749,7248.766648,7248766.648,0.85,0.1,2.0,3838.342285,1919.171143,8880.375042,8880375.042,19.588797,17.763002,0.32648,0.29605,8.75,0.336769,0.38836,3.181818,2.5,2.210526,12960,0,0,0,0,0,18900,0,0,0,18900,18900,0,0,0,0,0,0,0
H2,heterogeneous_condition,108,90,18900,18900,0,1.0,4828670.0,4743.539222,4743539.222,1803.5,0.0,2782.8,157.239222,0.0,652,653,243,195,215,0,0,0,0,0,2319,0.457436,0.509965,0.517259,0.534403,1.128587,3.150683,0.769111,41,0,5580,0,5940,7339,41,5580,13279,11561,7339,0.386111,2,0,0.685513,1.622883,36.070212,0.506192,base,5292000.0,463330.0,3309.56619,0.912447,0.729958,4743.539222,8053.105412,8053105.412,1.0,2.0,base,0.5,575.125497,287.562749,8340.66816,575.125497,346.322314,143.441964,85.361219,287.562749,8340.66816,8340668.16,0.85,0.1,2.0,3838.342285,1919.171143,9972.276554,9972276.554,19.589376,17.76358,0.32649,0.29606,8.75,0.336728,0.388307,3.181818,2.5,2.210526,12960,0,0,0,0,0,18900,0,0,0,18900,18900,0,0,0,0,0,0,0
H2,heterogeneous_condition,109,90,18900,18900,0,1.0,4829020.0,3480.806853,3480806.853,1336.0,0.0,2020.8,124.006853,0.0,499,502,222,128,152,0,0,0,0,0,1684,0.462552,0.526826,0.524017,0.527831,0.909119,2.084195,0.778019,46,0,5580,0,5940,7334,46,5580,13274,11566,7334,0.274769,2,0,0.685521,1.579558,36.06254,0.506339,base,5292000.0,462980.0,3307.06614,0.912513,0.730011,3480.806853,6787.872993,6787872.993,1.0,2.0,base,0.5,575.125497,287.562749,7075.435742,575.125497,346.322314,143.441964,85.361219,287.562749,7075.435742,7075435.742,0.85,0.1,2.0,3838.342285,1919.171143,8707.044136,8707044.136,19.592268,17.766473,0.326538,0.296108,8.75,0.336524,0.388042,3.181818,2.5,2.210526,12960,0,0,0,0,0,18900,0,0,0,18900,18900,0,0,0,0,0,0,0
H2,heterogeneous_condition,110,90,18900,18900,0,1.0,4828040.0,5134.89217,5134892.17,1985.5,0.0,2982.0,167.39217,0.0,703,709,291,239,179,0,0,0,0,0,2485,0.472718,0.507642,0.579272,0.536791,1.167516,3.047173,0.766963,32,0,5580,0,5940,7348,32,5580,13288,11552,7348,0.412963,2,0,0.685498,1.633972,36.077354,0.506031,base,5292000.0,463960.0,3314.06628,0.912328,0.729862,5134.89217,8448.95845,8448958.45,1.0,2.0,base,0.5,575.125497,287.562749,8736.521198,575.125497,346.322314,143.441964,85.361219,287.562749,8736.521198,8736521.198,0.85,0.1,2.0,3838.342285,1919.171143,10368.129592,10368129.592,19.584169,17.758373,0.326403,0.295973,8.75,0.337096,0.388783,3.181818,2.5,2.210526,12960,0,0,0,0,0,18900,0,0,0,18900,18900,0,0,0,0,0,0,0
H3,heterogeneous_condition,101,90,18900,18900,0,1.0,5191200.0,4665.002947,4665002.947,1799.5,0.0,2720.4,145.102947,0.0,651,658,279,196,183,0,0,0,0,0,2267,0.737828,0.785522,0.765985,0.770221,0.937723,2.4518,0.770074,5220,0,5580,0,5940,2160,5220,5580,8100,16740,2160,0.374074,2,0,0.693816,1.78192,36.033333,0.534727,base,5292000.0,100800.0,720.0144,0.980952,0.784762,4665.002947,5385.017347,5385017.347,1.0,2.0,base,0.5,575.125497,287.562749,5672.580096,575.125497,346.322314,143.441964,85.361219,287.562749,5672.580096,5672580.096,0.85,0.1,2.0,3838.342285,1919.171143,7304.18849,7304188.49,22.585722,20.759926,0.376429,0.345999,8.75,0.275283,0.314286,3.181818,2.5,2.210526,12960,0,0,0,0,0,18900,0,0,0,18900,18900,0,0,0,0,0,0,0
H3,heterogeneous_condition,102,90,18900,18900,0,1.0,5191200.0,4623.560295,4623560.295,1817.0,0.0,2660.4,146.160295,0.0,657,669,332,207,130,0,0,0,0,0,2217,0.734905,0.764543,0.760785,0.776481,0.873249,2.345799,0.771111,5220,0,5580,0,5940,2160,5220,5580,8100,16740,2160,0.361111,2,0,0.693816,1.786707,36.033333,0.534727,base,5292000.0,100800.0,720.0144,0.980952,0.784762,4623.560295,5343.574695,5343574.695,1.0,2.0,base,0.5,575.125497,287.562749,5631.137443,575.125497,346.322314,143.441964,85.361219,287.562749,5631.137443,5631137.443,0.85,0.1,2.0,3838.342285,1919.171143,7262.745837,7262745.837,22.585722,20.759926,0.376429,0.345999,8.75,0.275283,0.314286,3.181818,2.5,2.210526,12960,0,0,0,0,0,18900,0,0,0,18900,18900,0,0,0,0,0,0,0
H3,heterogeneous_condition,103,90,18900,18900,0,1.0,5191200.0,5957.062617,5957062.617,2317.0,0.0,3459.6,180.462617,0.0,803,820,339,291,190,0,0,0,0,0,2883,0.721423,0.749221,0.767369,0.759316,0.992559,2.718937,0.761444,5220,0,5580,0,5940,2160,5220,5580,8100,16740,2160,0.481944,2,0,0.693816,1.841548,36.033333,0.534727,base,5292000.0,100800.0,720.0144,0.980952,0.784762,5957.062617,6677.077017,6677077.017,1.0,2.0,base,0.5,575.125497,287.562749,6964.639765,575.125497,346.322314,143.441964,85.361219,287.562749,6964.639765,6964639.765,0.85,0.1,2.0,3838.342285,1919.171143,8596.248159,8596248.159,22.585722,20.759926,0.376429,0.345999,8.75,0.275283,0.314286,3.181818,2.5,2.210526,12960,0,0,0,0,0,18900,0,0,0,18900,18900,0,0,0,0,0,0,0
H3,heterogeneous_condition,104,90,18900,18900,0,1.0,5191200.0,5089.986066,5089986.066,1971.0,0.0,2958.0,160.986066,0.0,725,744,345,189,210,0,0,0,0,0,2465,0.727939,0.772211,0.748347,0.781957,0.94391,2.700947,0.767741,5220,0,5580,0,5940,2160,5220,5580,8100,16740,2160,0.403241,2,0,0.693816,1.81029,36.033333,0.534727,base,5292000.0,100800.0,720.0144,0.980952,0.784762,5089.986066,5810.000466,5810000.466,1.0,2.0,base,0.5,575.125497,287.562749,6097.563215,575.125497,346.322314,143.441964,85.361219,287.562749,6097.563215,6097563.215,0.85,0.1,2.0,3838.342285,1919.171143,7729.171609,7729171.609,22.585722,20.759926,0.376429,0.345999,8.75,0.275283,0.314286,3.181818,2.5,2.210526,12960,0,0,0,0,0,18900,0,0,0,18900,18900,0,0,0,0,0,0,0
H3,heterogeneous_condition,105,90,18900,18900,0,1.0,5191200.0,5415.33486,5415334.86,2099.5,0.0,3150.0,165.83486,0.0,744,759,322,242,195,0,0,0,0,0,2625,0.740784,0.774168,0.781529,0.782497,1.020715,2.576161,0.765148,5220,0,5580,0,5940,2160,5220,5580,8100,16740,2160,0.435648,2,0,0.693816,1.813691,36.033333,0.534727,base,5292000.0,100800.0,720.0144,0.980952,0.784762,5415.33486,6135.34926,6135349.26,1.0,2.0,base,0.5,575.125497,287.562749,6422.912008,575.125497,346.322314,143.441964,85.361219,287.562749,6422.912008,6422912.008,0.85,0.1,2.0,3838.342285,1919.171143,8054.520402,8054520.402,22.585722,20.759926,0.376429,0.345999,8.75,0.275283,0.314286,3.181818,2.5,2.210526,12960,0,0,0,0,0,18900,0,0,0,18900,18900,0,0,0,0,0,0,0
H3,heterogeneous_condition,106,90,18900,18900,0,1.0,5191200.0,4908.604903,4908604.903,1896.0,0.0,2864.4,148.204903,0.0,649,658,245,249,164,0,0,0,0,0,2387,0.727054,0.77558,0.754517,0.772335,0.982959,2.36643,0.767796,5220,0,5580,0,5940,2160,5220,5580,8100,16740,2160,0.402546,2,0,0.693816,1.814946,36.033333,0.534727,base,5292000.0,100800.0,720.0144,0.980952,0.784762,4908.604903,5628.619303,5628619.303,1.0,2.0,base,0.5,575.125497,287.562749,5916.182052,575.125497,346.322314,143.441964,85.361219,287.562749,5916.182052,5916182.052,0.85,0.1,2.0,3838.342285,1919.171143,7547.790446,7547790.446,22.585722,20.759926,0.376429,0.345999,8.75,0.275283,0.314286,3.181818,2.5,2.210526,12960,0,0,0,0,0,18900,0,0,0,18900,18900,0,0,0,0,0,0,0
H3,heterogeneous_condition,107,90,18900,18900,0,1.0,5191200.0,5173.850823,5173850.823,2010.5,0.0,3000.0,163.350823,0.0,736,758,360,197,201,0,0,0,0,0,2500,0.734553,0.769848,0.768247,0.776742,0.96149,2.78374,0.767296,5220,0,5580,0,5940,2160,5220,5580,8100,16740,2160,0.408796,2,0,0.693816,1.80464,36.033333,0.534727,base,5292000.0,100800.0,720.0144,0.980952,0.784762,5173.850823,5893.865223,5893865.223,1.0,2.0,base,0.5,575.125497,287.562749,6181.427972,575.125497,346.322314,143.441964,85.361219,287.562749,6181.427972,6181427.972,0.85,0.1,2.0,3838.342285,1919.171143,7813.036366,7813036.366,22.585722,20.759926,0.376429,0.345999,8.75,0.275283,0.314286,3.181818,2.5,2.210526,12960,0,0,0,0,0,18900,0,0,0,18900,18900,0,0,0,0,0,0,0
H3,heterogeneous_condition,108,90,18900,18900,0,1.0,5191200.0,6452.597884,6452597.884,2477.0,0.0,3781.2,194.397884,0.0,868,890,342,282,266,0,0,0,0,0,3151,0.738364,0.770705,0.754382,0.784711,1.128587,3.150683,0.757685,5220,0,5580,0,5940,2160,5220,5580,8100,16740,2160,0.528935,2,0,0.693816,1.832581,36.033333,0.534727,base,5292000.0,100800.0,720.0144,0.980952,0.784762,6452.597884,7172.612284,7172612.284,1.0,2.0,base,0.5,575.125497,287.562749,7460.175032,575.125497,346.322314,143.441964,85.361219,287.562749,7460.175032,7460175.032,0.85,0.1,2.0,3838.342285,1919.171143,9091.783426,9091783.426,22.585722,20.759926,0.376429,0.345999,8.75,0.275283,0.314286,3.181818,2.5,2.210526,12960,0,0,0,0,0,18900,0,0,0,18900,18900,0,0,0,0,0,0,0
H3,heterogeneous_condition,109,90,18900,18900,0,1.0,5191200.0,4631.817192,4631817.192,1798.0,0.0,2685.6,148.217192,0.0,675,683,332,171,180,0,0,0,0,0,2238,0.727998,0.765314,0.756761,0.768077,0.909119,2.084195,0.771056,5220,0,5580,0,5940,2160,5220,5580,8100,16740,2160,0.361806,2,0,0.693816,1.796778,36.033333,0.534727,base,5292000.0,100800.0,720.0144,0.980952,0.784762,4631.817192,5351.831592,5351831.592,1.0,2.0,base,0.5,575.125497,287.562749,5639.394341,575.125497,346.322314,143.441964,85.361219,287.562749,5639.394341,5639394.341,0.85,0.1,2.0,3838.342285,1919.171143,7271.002735,7271002.735,22.585722,20.759926,0.376429,0.345999,8.75,0.275283,0.314286,3.181818,2.5,2.210526,12960,0,0,0,0,0,18900,0,0,0,18900,18900,0,0,0,0,0,0,0
H3,heterogeneous_condition,110,90,18900,18900,0,1.0,5191200.0,6421.138732,6421138.732,2509.0,0.0,3717.6,194.538732,0.0,858,893,389,314,190,0,0,0,0,0,3098,0.720484,0.785748,0.743533,0.773584,1.167516,3.047173,0.7585,5220,0,5580,0,5940,2160,5220,5580,8100,16740,2160,0.51875,2,0,0.693816,1.849792,36.033333,0.534727,base,5292000.0,100800.0,720.0144,0.980952,0.784762,6421.138732,7141.153132,7141153.132,1.0,2.0,base,0.5,575.125497,287.562749,7428.715881,575.125497,346.322314,143.441964,85.361219,287.562749,7428.715881,7428715.881,0.85,0.1,2.0,3838.342285,1919.171143,9060.324275,9060324.275,22.585722,20.759926,0.376429,0.345999,8.75,0.275283,0.314286,3.181818,2.5,2.210526,12960,0,0,0,0,0,18900,0,0,0,18900,18900,0,0,0,0,0,0,0
H4,heterogeneous_condition,101,90,18900,18900,0,1.0,5254200.0,4801.762282,4801762.282,1861.5,0.0,2791.2,149.062282,0.0,660,680,295,206,179,0,0,0,0,0,2326,0.750665,0.788265,0.771995,0.786633,0.937723,2.4518,0.769111,2430,3240,2430,4050,2700,4050,5670,6480,6750,7560,11340,0.386111,2,0,0.648189,1.743885,52.314286,0.243593,base,5292000.0,37800.0,270.0054,0.992857,0.794286,4801.762282,5071.767682,5071767.682,1.0,2.0,base,0.5,0.0,0.0,5071.767682,0.0,0.0,0.0,0.0,0.0,5071.767682,5071767.682,0.85,0.1,2.0,0.35052,0.17526,5071.942941,5071942.941,23.43127,23.43127,0.390521,0.390521,8.75,0.174694,0.214286,0.6,0.96,0.9,0,0,2430,3240,2430,4050,2700,4050,5670,6480,6750,7560,11340,0,0,0,0,0,0
H4,heterogeneous_condition,102,90,18900,18900,0,1.0,5254200.0,4792.161615,4792161.615,1890.5,0.0,2750.4,151.261615,0.0,679,696,353,218,125,0,0,0,0,0,2292,0.741651,0.781789,0.762057,0.771326,0.873249,2.345799,0.77013,2430,3240,2430,4050,2700,4050,5670,6480,6750,7560,11340,0.37338,2,0,0.648189,1.750909,52.314286,0.243593,base,5292000.0,37800.0,270.0054,0.992857,0.794286,4792.161615,5062.167015,5062167.015,1.0,2.0,base,0.5,0.0,0.0,5062.167015,0.0,0.0,0.0,0.0,0.0,5062.167015,5062167.015,0.85,0.1,2.0,0.35052,0.17526,5062.342275,5062342.275,23.43127,23.43127,0.390521,0.390521,8.75,0.174694,0.214286,0.6,0.96,0.9,0,0,2430,3240,2430,4050,2700,4050,5670,6480,6750,7560,11340,0,0,0,0,0,0
H4,heterogeneous_condition,103,90,18900,18900,0,1.0,5254200.0,6170.840806,6170840.806,2408.5,0.0,3576.0,186.340806,0.0,822,851,359,307,185,0,0,0,0,0,2980,0.719785,0.756054,0.772774,0.773869,0.992559,2.718937,0.76,2430,3240,2430,4050,2700,4050,5670,6480,6750,7560,11340,0.5,2,0,0.648189,1.807673,52.314286,0.243593,base,5292000.0,37800.0,270.0054,0.992857,0.794286,6170.840806,6440.846206,6440846.206,1.0,2.0,base,0.5,0.0,0.0,6440.846206,0.0,0.0,0.0,0.0,0.0,6440.846206,6440846.206,0.85,0.1,2.0,0.35052,0.17526,6441.021466,6441021.466,23.43127,23.43127,0.390521,0.390521,8.75,0.174694,0.214286,0.6,0.96,0.9,0,0,2430,3240,2430,4050,2700,4050,5670,6480,6750,7560,11340,0,0,0,0,0,0
H4,heterogeneous_condition,104,90,18900,18900,0,1.0,5254200.0,5230.518704,5230518.704,2029.5,0.0,3036.0,165.018704,0.0,754,765,363,199,203,0,0,0,0,0,2530,0.73156,0.77091,0.755041,0.777273,0.94391,2.700947,0.767093,2430,3240,2430,4050,2700,4050,5670,6480,6750,7560,11340,0.411343,2,0,0.648189,1.774984,52.314286,0.243593,base,5292000.0,37800.0,270.0054,0.992857,0.794286,5230.518704,5500.524104,5500524.104,1.0,2.0,base,0.5,0.0,0.0,5500.524104,0.0,0.0,0.0,0.0,0.0,5500.524104,5500524.104,0.85,0.1,2.0,0.35052,0.17526,5500.699363,5500699.363,23.43127,23.43127,0.390521,0.390521,8.75,0.174694,0.214286,0.6,0.96,0.9,0,0,2430,3240,2430,4050,2700,4050,5670,6480,6750,7560,11340,0,0,0,0,0,0
H4,heterogeneous_condition,105,90,18900,18900,0,1.0,5254200.0,5578.668509,5578668.509,2170.5,0.0,3237.6,170.568509,0.0,767,783,339,255,189,0,0,0,0,0,2698,0.749999,0.769501,0.787747,0.784852,1.020715,2.576161,0.764204,2430,3240,2430,4050,2700,4050,5670,6480,6750,7560,11340,0.447454,2,0,0.648189,1.774376,52.314286,0.243593,base,5292000.0,37800.0,270.0054,0.992857,0.794286,5578.668509,5848.673909,5848673.909,1.0,2.0,base,0.5,0.0,0.0,5848.673909,0.0,0.0,0.0,0.0,0.0,5848.673909,5848673.909,0.85,0.1,2.0,0.35052,0.17526,5848.849169,5848849.169,23.43127,23.43127,0.390521,0.390521,8.75,0.174694,0.214286,0.6,0.96,0.9,0,0,2430,3240,2430,4050,2700,4050,5670,6480,6750,7560,11340,0,0,0,0,0,0
H4,heterogeneous_condition,106,90,18900,18900,0,1.0,5254200.0,5073.505128,5073505.128,1967.5,0.0,2953.2,152.805128,0.0,668,681,259,263,159,0,0,0,0,0,2461,0.741168,0.778621,0.759847,0.773345,0.982959,2.36643,0.766759,2430,3240,2430,4050,2700,4050,5670,6480,6750,7560,11340,0.415509,2,0,0.648189,1.775906,52.314286,0.243593,base,5292000.0,37800.0,270.0054,0.992857,0.794286,5073.505128,5343.510528,5343510.528,1.0,2.0,base,0.5,0.0,0.0,5343.510528,0.0,0.0,0.0,0.0,0.0,5343.510528,5343510.528,0.85,0.1,2.0,0.35052,0.17526,5343.685788,5343685.788,23.43127,23.43127,0.390521,0.390521,8.75,0.174694,0.214286,0.6,0.96,0.9,0,0,2430,3240,2430,4050,2700,4050,5670,6480,6750,7560,11340,0,0,0,0,0,0
H4,heterogeneous_condition,107,90,18900,18900,0,1.0,5254200.0,5340.383529,5340383.529,2080.0,0.0,3092.4,167.983529,0.0,763,784,381,207,196,0,0,0,0,0,2577,0.742974,0.798929,0.754718,0.7967,0.96149,2.78374,0.76637,2430,3240,2430,4050,2700,4050,5670,6480,6750,7560,11340,0.42037,2,0,0.648189,1.765317,52.314286,0.243593,base,5292000.0,37800.0,270.0054,0.992857,0.794286,5340.383529,5610.388929,5610388.929,1.0,2.0,base,0.5,0.0,0.0,5610.388929,0.0,0.0,0.0,0.0,0.0,5610.388929,5610388.929,0.85,0.1,2.0,0.35052,0.17526,5610.564189,5610564.189,23.43127,23.43127,0.390521,0.390521,8.75,0.174694,0.214286,0.6,0.96,0.9,0,0,2430,3240,2430,4050,2700,4050,5670,6480,6750,7560,11340,0,0,0,0,0,0
H4,heterogeneous_condition,108,90,18900,18900,0,1.0,5254200.0,6608.474924,6608474.924,2551.0,0.0,3858.0,199.474924,0.0,878,915,361,296,258,0,0,0,0,0,3215,0.728966,0.773913,0.749588,0.783627,1.128587,3.150683,0.756685,2430,3240,2430,4050,2700,4050,5670,6480,6750,7560,11340,0.541435,2,0,0.648189,1.805525,52.314286,0.243593,base,5292000.0,37800.0,270.0054,0.992857,0.794286,6608.474924,6878.480324,6878480.324,1.0,2.0,base,0.5,0.0,0.0,6878.480324,0.0,0.0,0.0,0.0,0.0,6878.480324,6878480.324,0.85,0.1,2.0,0.35052,0.17526,6878.655583,6878655.583,23.43127,23.43127,0.390521,0.390521,8.75,0.174694,0.214286,0.6,0.96,0.9,0,0,2430,3240,2430,4050,2700,4050,5670,6480,6750,7560,11340,0,0,0,0,0,0
H4,heterogeneous_condition,109,90,18900,18900,0,1.0,5254200.0,4788.253645,4788253.645,1867.5,0.0,2768.4,152.353645,0.0,699,708,351,182,175,0,0,0,0,0,2307,0.740051,0.777128,0.781174,0.777585,0.909119,2.084195,0.770185,2430,3240,2430,4050,2700,4050,5670,6480,6750,7560,11340,0.372685,2,0,0.648189,1.759217,52.314286,0.243593,base,5292000.0,37800.0,270.0054,0.992857,0.794286,4788.253645,5058.259045,5058259.045,1.0,2.0,base,0.5,0.0,0.0,5058.259045,0.0,0.0,0.0,0.0,0.0,5058.259045,5058259.045,0.85,0.1,2.0,0.35052,0.17526,5058.434304,5058434.304,23.43127,23.43127,0.390521,0.390521,8.75,0.174694,0.214286,0.6,0.96,0.9,0,0,2430,3240,2430,4050,2700,4050,5670,6480,6750,7560,11340,0,0,0,0,0,0
H4,heterogeneous_condition,110,90,18900,18900,0,1.0,5254200.0,6663.34565,6663345.65,2611.5,0.0,3850.8,201.04565,0.0,889,927,408,332,187,0,0,0,0,0,3209,0.725912,0.762931,0.767868,0.794023,1.167516,3.047173,0.757,2430,3240,2430,4050,2700,4050,5670,6480,6750,7560,11340,0.5375,2,0,0.648189,1.814709,52.314286,0.243593,base,5292000.0,37800.0,270.0054,0.992857,0.794286,6663.34565,6933.35105,6933351.05,1.0,2.0,base,0.5,0.0,0.0,6933.35105,0.0,0.0,0.0,0.0,0.0,6933.35105,6933351.05,0.85,0.1,2.0,0.35052,0.17526,6933.52631,6933526.31,23.43127,23.43127,0.390521,0.390521,8.75,0.174694,0.214286,0.6,0.96,0.9,0,0,2430,3240,2430,4050,2700,4050,5670,6480,6750,7560,11340,0,0,0,0,0,0
H5,heterogeneous_condition,101,90,18900,18900,0,1.0,5242055.0,4480.352897,4480352.897,1742.0,0.0,2589.6,148.752897,0.0,631,637,292,197,148,0,0,0,0,0,2158,0.516305,0.578613,0.579125,0.626129,0.937723,2.4518,0.771685,2909,2671,2465,3848,2790,4217,5580,6313,7007,8164,10736,0.353935,2,0,0.0,0.0,0.0,0.0,base,5292000.0,49945.0,356.757135,0.990562,0.79245,4480.352897,4837.110032,4837110.032,1.0,2.0,base,0.5,2.1e-05,1e-05,4837.110043,2.1e-05,0.0,2.1e-05,0.0,1e-05,4837.110043,4837110.043,0.85,0.1,2.0,0.63162,0.31581,4837.425842,4837425.842,23.145886,23.145886,0.385765,0.385765,8.75,0.173699,0.223122,0.626667,1.013333,0.989474,0,0,2909,2671,2465,3848,2790,4217,5580,6313,7007,8164,10736,84490,6856,0,35986,20592,41648
H5,heterogeneous_condition,102,90,18900,18900,0,1.0,5239045.0,4516.606702,4516606.702,1774.5,0.0,2592.0,150.106702,0.0,641,645,315,213,117,0,0,0,0,0,2160,0.52432,0.605608,0.567697,0.61895,0.873249,2.345799,0.771852,2836,2688,2500,3839,2802,4235,5524,6339,7037,8138,10762,0.351852,2,0,0.0,0.0,0.0,0.0,base,5292000.0,52955.0,378.257565,0.989993,0.791995,4516.606702,4894.864267,4894864.267,1.0,2.0,base,0.5,3e-05,1.5e-05,4894.864282,3e-05,0.0,3e-05,0.0,1.5e-05,4894.864282,4894864.282,0.85,0.1,2.0,0.656312,0.328156,4895.192423,4895192.423,23.117186,23.117186,0.385286,0.385286,8.75,0.173687,0.224074,0.672414,1.013333,0.989474,0,0,2836,2688,2500,3839,2802,4235,5524,6339,7037,8138,10762,83731,6852,0,35140,20700,41661
H5,heterogeneous_condition,103,90,18900,18900,0,1.0,5242930.0,5420.768652,5420768.652,2109.5,0.0,3136.8,174.468652,0.0,738,754,325,258,171,0,0,0,0,0,2614,0.513112,0.58107,0.588004,0.58086,0.992559,2.718937,0.765222,2907,2687,2473,3837,2770,4226,5594,6310,6996,8150,10750,0.434722,2,0,0.0,0.0,0.0,0.0,base,5292000.0,49070.0,350.50701,0.990728,0.792582,5420.768652,5771.275662,5771275.662,1.0,2.0,base,0.5,1.8e-05,9e-06,5771.275671,1.8e-05,0.0,1.8e-05,0.0,9e-06,5771.275671,5771275.671,0.85,0.1,2.0,0.609837,0.304918,5771.580581,5771580.581,23.159324,23.159323,0.385989,0.385989,8.75,0.173682,0.223598,0.64,1.013333,0.989474,0,0,2907,2687,2473,3837,2770,4226,5594,6310,6996,8150,10750,83501,6803,0,35404,20427,41294
H5,heterogeneous_condition,104,90,18900,18900,0,1.0,5240725.0,4816.84428,4816844.28,1862.5,0.0,2796.0,158.34428,0.0,676,686,302,199,185,0,0,0,0,0,2330,0.55823,0.588422,0.589554,0.63129,0.94391,2.700947,0.769333,2918,2655,2470,3819,2788,4250,5573,6289,7038,8176,10724,0.383333,2,0,0.0,0.0,0.0,0.0,base,5292000.0,51275.0,366.257325,0.990311,0.792249,4816.84428,5183.101605,5183101.605,1.0,2.0,base,0.5,2.1e-05,1e-05,5183.101615,2.1e-05,0.0,2.1e-05,0.0,1e-05,5183.101615,5183101.615,0.85,0.1,2.0,0.647774,0.323887,5183.425492,5183425.492,23.128996,23.128996,0.385483,0.385483,8.75,0.173805,0.224868,0.672414,1.013333,0.989474,0,0,2918,2655,2470,3819,2788,4250,5573,6289,7038,8176,10724,83771,6788,0,35452,20397,41531
H5,heterogeneous_condition,105,90,18900,18900,0,1.0,5241250.0,5248.733289,5248733.289,2036.5,0.0,3044.4,167.833289,0.0,714,726,304,249,173,0,0,0,0,0,2537,0.533882,0.576185,0.600022,0.650264,1.020715,2.576161,0.766204,2906,2670,2487,3811,2784,4242,5576,6298,7026,8177,10723,0.422454,2,0,0.0,0.0,0.0,0.0,base,5292000.0,50750.0,362.50725,0.99041,0.792328,5248.733289,5611.240539,5611240.539,1.0,2.0,base,0.5,2.7e-05,1.3e-05,5611.240552,2.7e-05,0.0,2.7e-05,0.0,1.3e-05,5611.240552,5611240.552,0.85,0.1,2.0,0.653834,0.326917,5611.567456,5611567.456,23.134959,23.134959,0.385583,0.385583,8.75,0.173645,0.224444,0.672414,1.013333,0.989474,0,0,2906,2670,2487,3811,2784,4242,5576,6298,7026,8177,10723,83629,6811,0,35466,20481,41352
H5,heterogeneous_condition,106,90,18900,18900,0,1.0,5239990.0,4856.667184,4856667.184,1881.0,0.0,2820.0,155.667184,0.0,649,658,260,244,154,0,0,0,0,0,2350,0.515129,0.549399,0.604425,0.618456,0.982959,2.36643,0.768481,2857,2686,2466,3862,2801,4228,5543,6328,7029,8124,10776,0.393981,2,0,0.0,0.0,0.0,0.0,base,5292000.0,52010.0,371.50743,0.990172,0.792138,4856.667184,5228.174614,5228174.614,1.0,2.0,base,0.5,2.7e-05,1.3e-05,5228.174628,2.7e-05,0.0,2.7e-05,0.0,1.3e-05,5228.174628,5228174.628,0.85,0.1,2.0,0.632955,0.316477,5228.491092,5228491.092,23.131273,23.131273,0.385521,0.385521,8.75,0.173833,0.223704,0.626667,1.013333,0.989474,0,0,2857,2686,2466,3862,2801,4228,5543,6328,7029,8124,10776,83825,6859,0,35482,20577,41484
H5,heterogeneous_condition,107,90,18900,18900,0,1.0,5241250.0,4801.502797,4801502.797,1873.0,0.0,2768.4,160.102797,0.0,696,704,347,191,166,0,0,0,0,0,2307,0.536701,0.602606,0.613041,0.601921,0.96149,2.78374,0.77013,2890,2678,2490,3824,2779,4239,5568,6314,7018,8159,10741,0.37338,2,0,0.0,0.0,0.0,0.0,base,5292000.0,50750.0,362.50725,0.99041,0.792328,4801.502797,5164.010047,5164010.047,1.0,2.0,base,0.5,2.7e-05,1.3e-05,5164.01006,2.7e-05,0.0,2.7e-05,0.0,1.3e-05,5164.01006,5164010.06,0.85,0.1,2.0,0.642722,0.321361,5164.331408,5164331.408,23.137986,23.137986,0.385633,0.385633,8.75,0.173676,0.224286,0.646341,1.013333,0.989474,0,0,2890,2678,2490,3824,2779,4239,5568,6314,7018,8159,10741,83954,6832,0,35518,20604,41565
H5,heterogeneous_condition,108,90,18900,18900,0,1.0,5241670.0,6091.390095,6091390.095,2347.5,0.0,3550.8,193.090095,0.0,831,847,344,268,235,0,0,0,0,0,2959,0.515143,0.58689,0.609215,0.583966,1.128587,3.150683,0.760556,2896,2673,2468,3856,2777,4230,5569,6324,7007,8141,10759,0.493056,2,0,0.0,0.0,0.0,0.0,base,5292000.0,50330.0,359.50719,0.990489,0.792392,6091.390095,6450.897285,6450897.285,1.0,2.0,base,0.5,1.2e-05,6e-06,6450.897291,1.2e-05,0.0,1.2e-05,0.0,6e-06,6450.897291,6450897.291,0.85,0.1,2.0,0.614781,0.30739,6451.204675,6451204.675,23.145347,23.145347,0.385756,0.385756,8.75,0.173836,0.22381,0.672414,1.013333,0.989474,0,0,2896,2673,2468,3856,2777,4230,5569,6324,7007,8141,10759,83158,6742,0,35280,20382,41056
H5,heterogeneous_condition,109,90,18900,18900,0,1.0,5239010.0,4506.721968,4506721.968,1747.0,0.0,2608.8,150.921968,0.0,646,657,313,174,170,0,0,0,0,0,2174,0.540375,0.635958,0.597415,0.594351,0.909119,2.084195,0.771685,2887,2652,2482,3826,2803,4250,5539,6308,7053,8172,10728,0.353935,2,0,0.0,0.0,0.0,0.0,base,5292000.0,52990.0,378.50757,0.989987,0.791989,4506.721968,4885.229538,4885229.538,1.0,2.0,base,0.5,3e-05,1.5e-05,4885.229552,3e-05,0.0,3e-05,0.0,1.5e-05,4885.229552,4885229.552,0.85,0.1,2.0,0.671506,0.335753,4885.56529,4885565.29,23.109496,23.109496,0.385158,0.385158,8.75,0.173808,0.224868,0.672414,1.013333,0.989474,0,0,2887,2652,2482,3826,2803,4250,5539,6308,7053,8172,10728,83697,6784,0,35226,20415,41649
H5,heterogeneous_condition,110,90,18900,18900,0,1.0,5241215.0,6153.00834,6153008.34,2399.0,0.0,3559.2,194.80834,0.0,828,858,374,294,190,0,0,0,0,0,2966,0.537941,0.618869,0.568315,0.6333,1.167516,3.047173,0.76037,2872,2701,2463,3840,2796,4228,5573,6303,7024,8131,10769,0.49537,2,0,0.0,0.0,0.0,0.0,base,5292000.0,50785.0,362.757255,0.990403,0.792323,6153.00834,6515.765595,6515765.595,1.0,2.0,base,0.5,1.2e-05,6e-06,6515.765601,1.2e-05,0.0,1.2e-05,0.0,6e-06,6515.765601,6515765.601,0.85,0.1,2.0,0.600967,0.300484,6516.066078,6516066.078,23.146144,23.146144,0.385769,0.385769,8.75,0.173706,0.223704,0.64,1.013333,0.989474,0,0,2872,2701,2463,3840,2796,4228,5573,6303,7024,8131,10769,83026,6803,0,35134,20481,41049
BALANCED_RR_H4_PM,heterogeneous_condition,101,90,18900,18900,0,1.0,5291930.0,4845.708224,4845708.224,1876.5,0.0,2818.8,150.408224,0.0,674,685,296,208,181,0,0,0,0,0,2349,0.740681,0.766179,0.77785,0.779169,0.937723,2.4518,0.768944,3136,3135,3160,3196,3167,3106,6271,6356,6273,9463,9437,0.388194,2,0,0.0,0.0,0.0,0.0,base,5292000.0,70.0,0.50001,0.999987,0.799989,4845.708224,4846.208234,4846208.234,1.0,2.0,base,0.5,0.100457,0.050229,4846.258463,0.100457,0.0,0.003205,0.097252,0.050229,4846.258463,4846258.463,0.85,0.1,2.0,4.981947,2.490974,4848.699208,4848699.208,23.475691,23.475372,0.391262,0.391256,8.75,0.16668,0.169101,0.706897,1.111111,1.231579,0,0,3136,3135,3160,3196,3167,3106,6271,6356,6273,9463,9437,0,0,0,0,0,0
BALANCED_RR_H4_PM,heterogeneous_condition,102,90,18900,18900,0,1.0,5292560.0,4836.91614,4836916.14,1907.5,0.0,2776.8,152.61614,0.0,691,703,357,219,127,0,0,0,0,0,2314,0.733283,0.78648,0.755918,0.775967,0.873249,2.345799,0.769926,3149,3166,3144,3142,3146,3153,6315,6286,6299,9439,9461,0.375926,2,0,0.0,0.0,0.0,0.0,base,5292000.0,0.0,0.0,1.000106,0.800085,4836.91614,4836.91614,4836916.14,1.0,2.0,base,0.5,0.09458,0.04729,4836.96343,0.09458,0.0,0.002545,0.092035,0.04729,4836.96343,4836963.43,0.85,0.1,2.0,4.866071,2.433036,4839.349176,4839349.176,23.493983,23.493683,0.391566,0.391561,8.75,0.166668,0.167513,0.724138,1.111111,1.231579,0,0,3149,3166,3144,3142,3146,3153,6315,6286,6299,9439,9461,0,0,0,0,0,0
BALANCED_RR_H4_PM,heterogeneous_condition,103,90,18900,18900,0,1.0,5293890.0,6247.30843,6247308.43,2436.5,0.0,3622.8,188.00843,0.0,834,862,364,309,189,0,0,0,0,0,3019,0.737565,0.779217,0.767637,0.796574,0.992559,2.718937,0.759519,3208,3155,3114,3114,3168,3141,6363,6228,6309,9490,9410,0.506019,2,0,0.0,0.0,0.0,0.0,base,5292000.0,0.0,0.0,1.000357,0.800286,6247.30843,6247.30843,6247308.43,1.0,2.0,base,0.5,0.100334,0.050167,6247.358597,0.100334,0.0,0.002203,0.098131,0.050167,6247.358597,6247358.597,0.85,0.1,2.0,5.075554,2.537777,6249.846207,6249846.207,23.502208,23.501889,0.391703,0.391698,8.75,0.166685,0.169735,0.706897,1.111111,1.231579,0,0,3208,3155,3114,3114,3168,3141,6363,6228,6309,9490,9410,0,0,0,0,0,0
BALANCED_RR_H4_PM,heterogeneous_condition,104,90,18900,18900,0,1.0,5294975.0,5314.845783,5314845.783,2065.5,0.0,3082.8,166.545783,0.0,762,777,366,204,207,0,0,0,0,0,2569,0.737657,0.767473,0.795782,0.79501,0.94391,2.700947,0.7665,3190,3169,3146,3121,3147,3127,6359,6267,6274,9483,9417,0.41875,2,0,0.0,0.0,0.0,0.0,base,5292000.0,0.0,0.0,1.000562,0.80045,5314.845783,5314.845783,5314845.783,1.0,2.0,base,0.5,0.098332,0.049166,5314.894949,0.098332,0.0,0.002602,0.09573,0.049166,5314.894949,5314894.949,0.85,0.1,2.0,5.05135,2.525675,5317.371458,5317371.458,23.513518,23.513205,0.391892,0.391887,8.75,0.166676,0.168783,0.689655,1.125,1.231579,0,0,3190,3169,3146,3121,3147,3127,6359,6267,6274,9483,9417,0,0,0,0,0,0
BALANCED_RR_H4_PM,heterogeneous_condition,105,90,18900,18900,0,1.0,5293260.0,5618.625407,5618625.407,2181.5,0.0,3265.2,171.925407,0.0,769,788,342,255,191,0,0,0,0,0,2721,0.734229,0.778046,0.765777,0.779565,1.020715,2.576161,0.763852,3174,3137,3158,3156,3132,3143,6311,6314,6275,9464,9436,0.451852,2,0,0.0,0.0,0.0,0.0,base,5292000.0,0.0,0.0,1.000238,0.80019,5618.625407,5618.625407,5618625.407,1.0,2.0,base,0.5,0.093014,0.046507,5618.671914,0.093014,0.0,0.002418,0.090596,0.046507,5618.671914,5618671.914,0.85,0.1,2.0,4.927081,2.46354,5621.088947,5621088.947,23.492421,23.492126,0.39154,0.391535,8.75,0.16667,0.167937,0.689655,1.097222,1.231579,0,0,3174,3137,3158,3156,3132,3143,6311,6314,6275,9464,9436,0,0,0,0,0,0
BALANCED_RR_H4_PM,heterogeneous_condition,106,90,18900,18900,0,1.0,5291580.0,5150.361523,5150361.523,1995.0,0.0,3001.2,154.161523,0.0,677,691,263,266,162,0,0,0,0,0,2501,0.743426,0.803773,0.770008,0.785076,0.982959,2.36643,0.766204,3196,3110,3159,3117,3176,3142,6306,6276,6318,9531,9369,0.422454,2,0,0.0,0.0,0.0,0.0,base,5292000.0,420.0,3.00006,0.999921,0.799937,5150.361523,5153.361583,5153361.583,1.0,2.0,base,0.5,0.10942,0.05471,5153.416292,0.10942,0.0,0.001538,0.107882,0.05471,5153.416292,5153416.292,0.85,0.1,2.0,5.248643,2.624321,5155.985904,5155985.904,23.46177,23.461423,0.391029,0.391024,8.75,0.166682,0.169101,0.724138,1.083333,1.231579,0,0,3196,3110,3159,3117,3176,3142,6306,6276,6318,9531,9369,0,0,0,0,0,0
BALANCED_RR_H4_PM,heterogeneous_condition,107,90,18900,18900,0,1.0,5290775.0,5386.466756,5386466.756,2097.0,0.0,3120.0,169.466756,0.0,765,789,381,210,198,0,0,0,0,0,2600,0.738944,0.754206,0.77203,0.788004,0.96149,2.78374,0.766,3162,3146,3109,3140,3165,3178,6308,6249,6343,9436,9464,0.425,2,0,0.0,0.0,0.0,0.0,base,5292000.0,1225.0,8.750175,0.999769,0.799815,5386.466756,5395.216931,5395216.931,1.0,2.0,base,0.5,0.087387,0.043694,5395.260625,0.087387,0.0,0.001295,0.086092,0.043694,5395.260625,5395260.625,0.85,0.1,2.0,4.675869,2.337934,5397.554865,5397554.865,23.476265,23.475988,0.391271,0.391266,8.75,0.166675,0.168148,0.672414,1.069444,1.231579,0,0,3162,3146,3109,3140,3165,3178,6308,6249,6343,9436,9464,0,0,0,0,0,0
BALANCED_RR_H4_PM,heterogeneous_condition,108,90,18900,18900,0,1.0,5292280.0,6692.058823,6692058.823,2577.5,0.0,3913.2,201.358823,0.0,880,925,364,298,263,0,0,0,0,0,3261,0.729536,0.771242,0.745846,0.802248,1.128587,3.150683,0.755889,3199,3117,3175,3101,3149,3159,6316,6276,6308,9523,9377,0.551389,2,0,0.0,0.0,0.0,0.0,base,5292000.0,0.0,0.0,1.000053,0.800042,6692.058823,6692.058823,6692058.823,1.0,2.0,base,0.5,0.109156,0.054578,6692.113401,0.109156,0.0,0.001442,0.107714,0.054578,6692.113401,6692113.401,0.85,0.1,2.0,5.227031,2.613516,6694.672339,6694672.339,23.471002,23.470656,0.391183,0.391178,8.75,0.166685,0.169259,0.724138,1.097222,1.231579,0,0,3199,3117,3175,3101,3149,3159,6316,6276,6308,9523,9377,0,0,0,0,0,0
BALANCED_RR_H4_PM,heterogeneous_condition,109,90,18900,18900,0,1.0,5296340.0,4843.968159,4843968.159,1889.5,0.0,2800.8,153.668159,0.0,704,717,355,183,179,0,0,0,0,0,2334,0.755706,0.794369,0.776821,0.800055,0.909119,2.084195,0.769796,3250,3149,3145,3081,3136,3139,6399,6226,6275,9531,9369,0.377546,2,0,0.0,0.0,0.0,0.0,base,5292000.0,0.0,0.0,1.00082,0.800656,4843.968159,4843.968159,4843968.159,1.0,2.0,base,0.5,0.116265,0.058132,4844.026291,0.116265,0.0,0.003118,0.113147,0.058132,4844.026291,4844026.291,0.85,0.1,2.0,5.419241,2.70962,4846.677779,4846677.779,23.520121,23.519752,0.392002,0.391996,8.75,0.166709,0.171958,0.706897,1.125,1.231579,0,0,3250,3149,3145,3081,3136,3139,6399,6226,6275,9531,9369,0,0,0,0,0,0
BALANCED_RR_H4_PM,heterogeneous_condition,110,90,18900,18900,0,1.0,5292735.0,6735.567807,6735567.807,2634.0,0.0,3898.8,202.767807,0.0,909,935,412,335,188,0,0,0,0,0,3249,0.733911,0.776139,0.773533,0.769319,1.167516,3.047173,0.756648,3169,3173,3119,3118,3172,3149,6342,6237,6321,9460,9440,0.541898,2,0,0.0,0.0,0.0,0.0,base,5292000.0,0.0,0.0,1.000139,0.800111,6735.567807,6735.567807,6735567.807,1.0,2.0,base,0.5,0.092512,0.046256,6735.614063,0.092512,0.0,0.002648,0.089863,0.046256,6735.614063,6735614.063,0.85,0.1,2.0,4.881296,2.440648,6738.008455,6738008.455,23.49613,23.495836,0.391602,0.391597,8.75,0.166676,0.167884,0.706897,1.111111,1.231579,0,0,3169,3173,3119,3118,3172,3149,6342,6237,6321,9460,9440,0,0,0,0,0,0
H5_AGGRESSIVE,heterogeneous_condition,101,90,18900,18900,0,1.0,5244575.0,4508.018091,4508018.091,1751.5,0.0,2607.6,148.918091,0.0,635,641,293,197,151,0,0,0,0,0,2173,0.545504,0.597071,0.598326,0.6278,0.937723,2.4518,0.7715,2432,3237,2517,3690,2740,4284,5669,6207,7024,7689,11211,0.35625,2,0,0.0,0.0,0.0,0.0,base,5292000.0,47425.0,338.756775,0.991038,0.792831,4508.018091,4846.774866,4846774.866,1.0,2.0,base,0.5,0.0,0.0,4846.774866,0.0,0.0,0.0,0.0,0.0,4846.774866,4846774.866,0.85,0.1,2.0,0.441076,0.220538,4846.995403,4846995.403,23.316162,23.316162,0.388603,0.388603,8.75,0.17414,0.226667,0.634146,0.988095,0.957895,0,0,2432,3237,2517,3690,2740,4284,5669,6207,7024,7689,11211,142178,13868,0,62396,12648,83228
H5_AGGRESSIVE,heterogeneous_condition,102,90,18900,18900,0,1.0,5243070.0,4564.589222,4564589.222,1794.5,0.0,2619.6,150.489222,0.0,647,652,319,216,117,0,0,0,0,0,2183,0.5458,0.590844,0.62392,0.625454,0.873249,2.345799,0.771537,2425,3240,2522,3650,2775,4288,5665,6172,7063,7722,11178,0.355787,2,0,0.0,0.0,0.0,0.0,base,5292000.0,48930.0,349.50699,0.990754,0.792603,4564.589222,4914.096212,4914096.212,1.0,2.0,base,0.5,0.000215,0.000107,4914.096319,0.000215,0.0,0.000215,0.0,0.000107,4914.096319,4914096.319,0.85,0.1,2.0,0.462394,0.231197,4914.327409,4914327.409,23.29601,23.296009,0.388267,0.388267,8.75,0.173984,0.226878,0.646341,1.071429,0.957895,0,0,2425,3240,2522,3650,2775,4288,5665,6172,7063,7722,11178,142111,13856,0,62300,12147,83246
H5_AGGRESSIVE,heterogeneous_condition,103,90,18900,18900,0,1.0,5242580.0,5522.534445,5522534.445,2147.0,0.0,3199.2,176.334445,0.0,749,767,330,263,174,0,0,0,0,0,2666,0.532084,0.626782,0.561678,0.633815,0.992559,2.718937,0.764481,2431,3239,2457,3691,2810,4272,5670,6148,7082,7698,11202,0.443981,2,0,0.0,0.0,0.0,0.0,base,5292000.0,49420.0,353.00706,0.990661,0.792529,5522.534445,5875.541505,5875541.505,1.0,2.0,base,0.5,0.0,0.0,5875.541505,0.0,0.0,0.0,0.0,0.0,5875.541505,5875541.505,0.85,0.1,2.0,0.440122,0.220061,5875.761566,5875761.566,23.29801,23.29801,0.3883,0.3883,8.75,0.174148,0.226032,0.634146,0.988095,0.957895,0,0,2431,3239,2457,3691,2810,4272,5670,6148,7082,7698,11202,140874,13740,0,61780,12954,82467
H5_AGGRESSIVE,heterogeneous_condition,104,90,18900,18900,0,1.0,5243770.0,4871.0279,4871027.9,1886.5,0.0,2824.8,159.7279,0.0,686,696,310,201,185,0,0,0,0,0,2354,0.522859,0.579756,0.635432,0.610434,0.94391,2.700947,0.769074,2426,3243,2486,3698,2797,4250,5669,6184,7047,7709,11191,0.386574,2,0,0.0,0.0,0.0,0.0,base,5292000.0,48230.0,344.50689,0.990886,0.792709,4871.0279,5215.53479,5215534.79,1.0,2.0,base,0.5,0.0,0.0,5215.53479,0.0,0.0,0.0,0.0,0.0,5215.53479,5215534.79,0.85,0.1,2.0,0.461411,0.230705,5215.765495,5215765.495,23.306538,23.306538,0.388442,0.388442,8.75,0.173969,0.224868,0.646341,0.988095,0.957895,0,0,2426,3243,2486,3698,2797,4250,5669,6184,7047,7709,11191,141748,13832,0,62170,11469,82982
H5_AGGRESSIVE,heterogeneous_condition,105,90,18900,18900,0,1.0,5243420.0,5280.928353,5280928.353,2050.5,0.0,3061.2,169.228353,0.0,715,733,314,250,169,0,0,0,0,0,2551,0.544866,0.630725,0.600081,0.588397,1.020715,2.576161,0.766,2430,3244,2502,3662,2774,4288,5674,6164,7062,7706,11194,0.425,2,0,0.0,0.0,0.0,0.0,base,5292000.0,48580.0,347.00694,0.99082,0.792656,5280.928353,5627.935293,5627935.293,1.0,2.0,base,0.5,0.0,0.0,5627.935293,0.0,0.0,0.0,0.0,0.0,5627.935293,5627935.293,0.85,0.1,2.0,0.465393,0.232697,5628.16799,5628167.99,23.304031,23.304031,0.388401,0.388401,8.75,0.174073,0.226878,0.634146,0.988095,0.957895,0,0,2430,3244,2502,3662,2774,4288,5674,6164,7062,7706,11194,141331,13809,0,62146,11637,82625
H5_AGGRESSIVE,heterogeneous_condition,106,90,18900,18900,0,1.0,5244540.0,4854.796461,4854796.461,1880.5,0.0,2818.8,155.496461,0.0,652,658,261,244,153,0,0,0,0,0,2349,0.529777,0.596777,0.581989,0.617937,0.982959,2.36643,0.768537,2432,3238,2522,3682,2707,4319,5670,6204,7026,7661,11239,0.393287,2,0,0.0,0.0,0.0,0.0,base,5292000.0,47460.0,339.00678,0.991032,0.792825,4854.796461,5193.803241,5193803.241,1.0,2.0,base,0.5,0.0,0.0,5193.803241,0.0,0.0,0.0,0.0,0.0,5193.803241,5193803.241,0.85,0.1,2.0,0.437164,0.218582,5194.021824,5194021.824,23.320922,23.320922,0.388682,0.388682,8.75,0.174403,0.228519,0.646341,0.988095,0.947368,0,0,2432,3238,2522,3682,2707,4319,5670,6204,7026,7661,11239,141658,13816,0,62094,12876,82954
H5_AGGRESSIVE,heterogeneous_condition,107,90,18900,18900,0,1.0,5245625.0,4876.507664,4876507.664,1901.5,0.0,2812.8,162.207664,0.0,702,716,353,192,171,0,0,0,0,0,2344,0.537924,0.609789,0.605472,0.621702,0.96149,2.78374,0.769574,2431,3245,2497,3726,2726,4275,5676,6223,7001,7654,11246,0.380324,2,0,0.0,0.0,0.0,0.0,base,5292000.0,46375.0,331.256625,0.991237,0.792989,4876.507664,5207.764289,5207764.289,1.0,2.0,base,0.5,0.0,0.0,5207.764289,0.0,0.0,0.0,0.0,0.0,5207.764289,5207764.289,0.85,0.1,2.0,0.426126,0.213063,5207.977352,5207977.352,23.334236,23.334236,0.388904,0.388904,8.75,0.174308,0.22619,0.634146,0.988095,0.957895,0,0,2431,3245,2497,3726,2726,4275,5676,6223,7001,7654,11246,141797,13831,0,62210,12129,83035
H5_AGGRESSIVE,heterogeneous_condition,108,90,18900,18900,0,1.0,5243140.0,6131.611898,6131611.898,2365.0,0.0,3572.4,194.211898,0.0,823,854,347,269,238,0,0,0,0,0,2977,0.520464,0.595218,0.586714,0.625241,1.128587,3.150683,0.760074,2431,3243,2515,3641,2792,4278,5674,6156,7070,7738,11162,0.499074,2,0,0.0,0.0,0.0,0.0,base,5292000.0,48860.0,349.00698,0.990767,0.792614,6131.611898,6480.618878,6480618.878,1.0,2.0,base,0.5,0.0,0.0,6480.618878,0.0,0.0,0.0,0.0,0.0,6480.618878,6480618.878,0.85,0.1,2.0,0.449954,0.224977,6480.843855,6480843.855,23.295248,23.295248,0.388254,0.388254,8.75,0.173863,0.226349,0.634146,0.988095,0.957895,0,0,2431,3243,2515,3641,2792,4278,5674,6156,7070,7738,11162,140089,13655,0,61458,12021,82016
H5_AGGRESSIVE,heterogeneous_condition,109,90,18900,18900,0,1.0,5245065.0,4541.042323,4541042.323,1762.5,0.0,2626.8,151.742323,0.0,658,664,320,175,169,0,0,0,0,0,2189,0.557853,0.634269,0.617483,0.597977,0.909119,2.084195,0.771648,2425,3243,2512,3711,2758,4251,5668,6223,7009,7695,11205,0.354398,2,0,0.0,0.0,0.0,0.0,base,5292000.0,46935.0,335.256705,0.991131,0.792905,4541.042323,4876.299028,4876299.028,1.0,2.0,base,0.5,2e-06,1e-06,4876.299029,2e-06,0.0,2e-06,0.0,1e-06,4876.299029,4876299.029,0.85,0.1,2.0,0.433306,0.216653,4876.515681,4876515.681,23.320223,23.320223,0.38867,0.38867,8.75,0.174007,0.224921,0.634146,1.011905,0.957895,0,0,2425,3243,2512,3711,2758,4251,5668,6223,7009,7695,11205,142141,13846,0,62316,11799,83249
H5_AGGRESSIVE,heterogeneous_condition,110,90,18900,18900,0,1.0,5243455.0,6198.856208,6198856.208,2417.0,0.0,3585.6,196.256208,0.0,841,864,380,298,186,0,0,0,0,0,2988,0.530226,0.615681,0.57246,0.611906,1.167516,3.047173,0.760204,2431,3243,2491,3674,2838,4223,5674,6165,7061,7760,11140,0.497454,2,0,0.0,0.0,0.0,0.0,base,5292000.0,48545.0,346.756935,0.990827,0.792661,6198.856208,6545.613143,6545613.143,1.0,2.0,base,0.5,0.0,0.0,6545.613143,0.0,0.0,0.0,0.0,0.0,6545.613143,6545613.143,0.85,0.1,2.0,0.469959,0.23498,6545.848122,6545848.122,23.294885,23.294885,0.388248,0.388248,8.75,0.173618,0.223439,0.634146,0.988095,0.957895,0,0,2431,3243,2491,3674,2838,4223,5674,6165,7061,7760,11140,140073,13658,0,61412,11778,82053
H0,high_stress,101,90,18900,18899,1,0.999947,5434380.0,10472.924692,10472924.692,3060.0,703.3,6503.9,203.724692,2.0,360,1080,360,360,360,64,56,7,1,64,5003,0.747551,0.788443,0.855077,0.872116,0.94495,1.789128,0.715167,4158,4152,4131,2224,2202,2032,8310,6355,4234,10491,8408,0.916667,2,0,0.652928,1.12252,47.794073,0.319183,base,5292000.0,0.0,0.0,1.026905,0.821567,10472.924692,10472.924692,10472924.692,1.0,2.0,base,0.5,1.537139,0.76857,10473.693262,1.537139,0.0,0.916393,0.620746,0.76857,10473.693262,10473693.262,0.85,0.1,2.0,27.765569,13.882784,10486.807476,10486807.476,24.910584,24.905704,0.415176,0.415095,8.749537,0.183433,0.220012,0.810345,1.305556,1.252632,0,0,4170,4173,4147,2234,2202,2037,8343,6381,4239,10519,8444,0,0,0,0,0,0
H0,high_stress,102,90,18900,18895,5,0.999735,5431755.0,11043.990109,11043990.109,3060.0,941.2,6823.7,209.090109,10.0,360,1080,360,360,360,83,62,13,8,83,5249,0.714463,0.824387,0.839355,0.86284,0.943556,1.737806,0.710944,4145,4129,4134,2246,2190,2051,8274,6380,4241,10469,8426,0.916667,2,0,0.652902,1.155059,47.842133,0.31849,base,5292000.0,0.0,0.0,1.026409,0.821344,11043.990109,11043.990109,11043990.109,1.0,2.0,base,0.5,1.522295,0.761148,11044.751257,1.522295,0.0,0.907186,0.61511,0.761148,11044.751257,11044751.257,0.85,0.1,2.0,27.578387,13.789193,11057.779303,11057779.303,24.894478,24.889644,0.414908,0.414827,8.747685,0.18309,0.21937,0.810345,1.305556,1.252632,0,0,4179,4160,4145,2249,2194,2051,8339,6394,4245,10518,8460,0,0,0,0,0,0
H0,high_stress,103,90,18900,18899,1,0.999947,5432700.0,11493.826575,11493826.575,3060.0,1151.8,7048.6,231.426575,2.0,360,1080,360,360,360,97,68,27,2,97,5422,0.662108,0.734242,0.780829,0.888199,0.997821,1.916314,0.707963,4139,4124,4145,2256,2202,2033,8263,6401,4235,10486,8413,0.916667,2,0,0.652994,1.3902,47.817311,0.318885,base,5292000.0,0.0,0.0,1.026587,0.821313,11493.826575,11493.826575,11493826.575,1.0,2.0,base,0.5,1.539984,0.769992,11494.596567,1.539984,0.0,0.896505,0.643479,0.769992,11494.596567,11494596.567,0.85,0.1,2.0,27.810541,13.90527,11507.731845,11507731.845,24.88776,24.882871,0.414796,0.414715,8.749537,0.18308,0.219324,0.827586,1.319444,1.252632,0,0,4180,4152,4162,2262,2202,2036,8332,6424,4238,10544,8450,0,0,0,0,0,0
H0,high_stress,104,90,18900,18900,0,1.0,5434275.0,10503.130539,10503130.539,3060.0,720.2,6511.7,211.230539,0.0,360,1080,360,360,360,68,64,2,2,68,5009,0.690584,0.734835,0.850337,0.87962,0.957645,1.907839,0.715111,4158,4135,4141,2238,2196,2032,8293,6379,4228,10495,8405,0.916667,2,0,0.652984,1.221755,47.800453,0.3192,base,5292000.0,0.0,0.0,1.026885,0.821508,10503.130539,10503.130539,10503130.539,1.0,2.0,base,0.5,1.535452,0.767726,10503.898265,1.535452,0.0,0.903485,0.631967,0.767726,10503.898265,10503898.265,0.85,0.1,2.0,27.764195,13.882098,10517.012637,10517012.637,24.902524,24.897649,0.415042,0.414961,8.75,0.183352,0.22,0.810345,1.305556,1.252632,0,0,4177,4156,4151,2246,2202,2036,8333,6397,4238,10530,8438,0,0,0,0,0,0
H0,high_stress,105,90,18900,18898,2,0.999894,5433190.0,10746.187714,10746187.714,3060.0,828.1,6640.4,213.687714,4.0,360,1080,360,360,360,72,56,15,1,72,5108,0.732006,0.791062,0.813472,0.873756,1.00073,1.848704,0.713315,4146,4135,4147,2239,2196,2035,8281,6386,4231,10489,8409,0.916667,2,0,0.652975,1.216142,47.830785,0.318766,base,5292000.0,0.0,0.0,1.02668,0.821431,10746.187714,10746.187714,10746187.714,1.0,2.0,base,0.5,1.509344,0.754672,10746.942387,1.509344,0.0,0.886336,0.623008,0.754672,10746.942387,10746942.387,0.85,0.1,2.0,27.449832,13.724916,10759.91263,10759912.63,24.897242,24.89245,0.414954,0.414874,8.749074,0.183298,0.219441,0.810345,1.305556,1.252632,0,0,4173,4150,4150,2250,2200,2047,8323,6400,4247,10523,8447,0,0,0,0,0,0
H0,high_stress,106,90,18900,18899,1,0.999947,5435290.0,10231.004103,10231004.103,3060.0,594.1,6366.1,208.804103,2.0,360,1080,360,360,360,50,35,14,1,50,4897,0.723606,0.80855,0.759061,0.866974,0.994688,1.747836,0.716852,4154,4154,4146,2239,2187,2019,8308,6385,4206,10487,8412,0.916667,2,0,0.652925,1.212447,47.777666,0.319454,base,5292000.0,0.0,0.0,1.027077,0.821705,10231.004103,10231.004103,10231004.103,1.0,2.0,base,0.5,1.536761,0.768381,10231.772484,1.536761,0.0,0.916824,0.619937,0.768381,10231.772484,10231772.484,0.85,0.1,2.0,27.778466,13.889233,10244.893336,10244893.336,24.919292,24.914413,0.415322,0.41524,8.749537,0.18359,0.2198,0.810345,1.305556,1.252632,0,0,4180,4161,4150,2240,2189,2029,8341,6390,4218,10519,8430,0,0,0,0,0,0
H0,high_stress,107,90,18900,18898,2,0.999894,5433260.0,11185.047235,11185047.235,3060.0,1012.7,6891.3,217.047235,4.0,360,1080,360,360,360,92,76,9,7,92,5301,0.729453,0.768835,0.848613,0.877313,0.972834,1.946739,0.71013,4158,4135,4132,2232,2204,2037,8293,6364,4241,10494,8404,0.916667,2,0,0.653012,1.296018,47.823855,0.318921,base,5292000.0,0.0,0.0,1.026693,0.821441,11185.047235,11185.047235,11185047.235,1.0,2.0,base,0.5,1.536825,0.768412,11185.815647,1.536825,0.0,0.899248,0.637577,0.768412,11185.815647,11185815.647,0.85,0.1,2.0,27.79365,13.896825,11198.94406,11198944.06,24.898804,24.893925,0.41498,0.414899,8.749074,0.183263,0.220023,0.827586,1.319444,1.252632,0,0,4173,4155,4159,2251,2208,2044,8328,6410,4252,10540,8450,0,0,0,0,0,0
H0,high_stress,108,90,18900,18898,2,0.999894,5430600.0,12081.687849,12081687.849,3060.0,1400.1,7377.5,240.087849,4.0,360,1080,360,360,360,123,93,21,9,123,5675,0.707149,0.770957,0.82106,0.859329,1.054453,2.116225,0.703759,4121,4115,4148,2254,2226,2034,8236,6402,4260,10495,8403,0.916667,2,0,0.653147,1.413641,47.857932,0.318261,base,5292000.0,0.0,0.0,1.02619,0.821039,12081.687849,12081.687849,12081687.849,1.0,2.0,base,0.5,1.54416,0.77208,12082.459929,1.54416,0.0,0.882928,0.661232,0.77208,12082.459929,12082459.929,0.85,0.1,2.0,27.852872,13.926436,12095.614285,12095614.285,24.865445,24.860542,0.414424,0.414342,8.749074,0.182829,0.219494,0.827586,1.319444,1.263158,0,0,4172,4148,4157,2256,2237,2049,8320,6413,4286,10566,8453,0,0,0,0,0,0
H0,high_stress,109,90,18900,18900,0,1.0,5434275.0,10010.480799,10010480.799,3060.0,504.4,6245.2,200.880799,0.0,360,1080,360,360,360,48,47,1,0,48,4804,0.733175,0.741214,0.88425,0.910074,0.947255,1.608784,0.718556,4155,4140,4146,2229,2199,2031,8295,6375,4230,10500,8400,0.916667,2,0,0.653042,1.171487,47.789951,0.319357,base,5292000.0,0.0,0.0,1.026885,0.821508,10010.480799,10010.480799,10010480.799,1.0,2.0,base,0.5,1.52404,0.76202,10011.242819,1.52404,0.0,0.892384,0.631657,0.76202,10011.242819,10011242.819,0.85,0.1,2.0,27.647793,13.823897,10024.304696,10024304.696,24.902144,24.897306,0.415036,0.414955,8.75,0.183427,0.219841,0.810345,1.305556,1.252632,0,0,4174,4149,4154,2232,2202,2037,8323,6386,4239,10530,8418,0,0,0,0,0,0
H0,high_stress,110,90,18900,18897,3,0.999841,5432455.0,12342.816247,12342816.247,3060.0,1497.6,7537.4,241.816247,6.0,360,1080,360,360,360,125,81,36,8,125,5798,0.648488,0.692987,0.784008,0.876187,1.097465,2.06887,0.701556,4129,4144,4137,2251,2200,2036,8273,6388,4236,10466,8431,0.916667,2,0,0.652944,1.465476,47.847703,0.318417,base,5292000.0,0.0,0.0,1.026541,0.821363,12342.816247,12342.816247,12342816.247,1.0,2.0,base,0.5,1.537654,0.768827,12343.585075,1.537654,0.0,0.902074,0.635581,0.768827,12343.585075,12343585.075,0.85,0.1,2.0,27.784206,13.892103,12356.70835,12356708.35,24.897524,24.892642,0.414959,0.414877,8.748611,0.183111,0.219294,0.827586,1.305556,1.252632,0,0,4175,4161,4154,2270,2210,2052,8336,6424,4262,10539,8483,0,0,0,0,0,0
H_TIME,high_stress,101,90,18900,18899,1,0.999947,5434100.0,9839.557344,9839557.344,3026.0,475.8,6132.1,203.657344,2.0,356,1068,356,356,356,45,42,1,2,45,4717,0.724149,0.780865,0.867755,0.890299,0.94495,1.789128,0.720019,4161,4143,4156,2203,2193,2043,8304,6359,4236,10510,8389,0.903704,2,0,0.653036,1.308083,47.786318,0.31948,base,5292000.0,0.0,0.0,1.026852,0.821525,9839.557344,9839.557344,9839557.344,1.0,2.0,base,0.5,1.52993,0.764965,9840.322309,1.52993,0.0,0.896689,0.633241,0.764965,9840.322309,9840322.309,0.85,0.1,2.0,27.735721,13.86786,9853.425205,9853425.205,24.902367,24.89751,0.415039,0.414958,8.749537,0.183629,0.22017,0.810345,1.305556,1.252632,0,0,4167,4160,4168,2207,2195,2047,8327,6375,4242,10530,8414,0,0,0,0,0,0
H_TIME,high_stress,102,90,18900,18899,1,0.999947,5432945.0,10304.846955,10304846.955,3026.0,677.3,6390.8,208.746955,2.0,356,1068,356,356,356,63,55,3,5,63,4916,0.657377,0.788363,0.803695,0.84546,0.943556,1.737806,0.716667,4146,4135,4152,2220,2200,2046,8281,6372,4246,10498,8401,0.903704,2,0,0.65298,1.275971,47.824808,0.318767,base,5292000.0,0.0,0.0,1.026634,0.82135,10304.846955,10304.846955,10304846.955,1.0,2.0,base,0.5,1.529131,0.764565,10305.61152,1.529131,0.0,0.901672,0.627459,0.764565,10305.61152,10305611.52,0.85,0.1,2.0,27.703606,13.851803,10318.698758,10318698.758,24.890656,24.885801,0.414844,0.414763,8.749537,0.183332,0.219694,0.827586,1.319444,1.252632,0,0,4165,4166,4158,2225,2201,2047,8331,6383,4248,10524,8438,0,0,0,0,0,0
H_TIME,high_stress,103,90,18900,18898,2,0.999894,5432455.0,11113.614532,11113614.532,3026.0,1017.9,6834.1,231.614532,4.0,356,1068,356,356,356,90,72,15,3,90,5257,0.661167,0.752265,0.742677,0.882243,0.997821,1.916314,0.71087,4140,4132,4152,2231,2211,2032,8272,6383,4243,10503,8395,0.903704,2,0,0.653029,1.530632,47.824731,0.318639,base,5292000.0,0.0,0.0,1.026541,0.82132,11113.614532,11113.614532,11113614.532,1.0,2.0,base,0.5,1.557137,0.778568,11114.3931,1.557137,0.0,0.909227,0.64791,0.778568,11114.3931,11114393.1,0.85,0.1,2.0,28.056309,14.028155,11127.642686,11127642.686,24.886669,24.881725,0.414778,0.414695,8.749074,0.183256,0.219706,0.810345,1.305556,1.263158,0,0,4169,4169,4167,2236,2212,2035,8338,6403,4247,10548,8440,0,0,0,0,0,0
H_TIME,high_stress,104,90,18900,18900,0,1.0,5434240.0,10366.565209,10366565.209,3026.0,704.6,6424.6,211.365209,0.0,356,1068,356,356,356,66,61,3,2,66,4942,0.657574,0.737429,0.860346,0.859064,0.957645,1.907839,0.716259,4154,4149,4149,2209,2210,2029,8303,6358,4239,10513,8387,0.903704,2,0,0.653089,1.407146,47.785564,0.319335,base,5292000.0,0.0,0.0,1.026878,0.821503,10366.565209,10366.565209,10366565.209,1.0,2.0,base,0.5,1.570296,0.785148,10367.350356,1.570296,0.0,0.917323,0.652973,0.785148,10367.350356,10367350.356,0.85,0.1,2.0,28.212278,14.106139,10380.671348,10380671.348,24.901278,24.896293,0.415021,0.414938,8.75,0.183547,0.219788,0.810345,1.305556,1.263158,0,0,4174,4167,4160,2216,2217,2032,8341,6376,4249,10551,8415,0,0,0,0,0,0
H_TIME,high_stress,105,90,18900,18900,0,1.0,5433295.0,10324.343392,10324343.392,3026.0,678.6,6406.4,213.343392,0.0,356,1068,356,356,356,58,42,14,2,58,4928,0.664071,0.726746,0.778808,0.881989,1.00073,1.848704,0.71637,4141,4137,4166,2215,2198,2043,8278,6381,4241,10505,8395,0.903704,2,0,0.653062,1.373461,47.826247,0.318883,base,5292000.0,0.0,0.0,1.0267,0.82136,10324.343392,10324.343392,10324343.392,1.0,2.0,base,0.5,1.51176,0.75588,10325.099272,1.51176,0.0,0.877601,0.634159,0.75588,10325.099272,10325099.272,0.85,0.1,2.0,27.552037,13.776019,10338.119411,10338119.411,24.889439,24.884639,0.414824,0.414744,8.75,0.183448,0.220423,0.810345,1.305556,1.252632,0,0,4158,4153,4167,2223,2205,2052,8311,6390,4257,10530,8428,0,0,0,0,0,0
H_TIME,high_stress,106,90,18900,18900,0,1.0,5434660.0,9534.359546,9534359.546,3026.0,338.0,5961.8,208.559546,0.0,356,1068,356,356,356,31,28,3,0,31,4586,0.667506,0.802042,0.712324,0.871285,0.994688,1.747836,0.722204,4147,4159,4160,2204,2192,2038,8306,6364,4230,10499,8401,0.903704,2,0,0.653019,1.36451,47.782526,0.319408,base,5292000.0,0.0,0.0,1.026958,0.821566,9534.359546,9534.359546,9534359.546,1.0,2.0,base,0.5,1.517129,0.758565,9535.118111,1.517129,0.0,0.894396,0.622733,0.758565,9535.118111,9535118.111,0.85,0.1,2.0,27.562695,13.781348,9548.140894,9548140.894,24.90848,24.903664,0.415141,0.415061,8.75,0.183691,0.220106,0.810345,1.305556,1.252632,0,0,4161,4163,4161,2206,2197,2043,8324,6367,4240,10519,8412,0,0,0,0,0,0
H_TIME,high_stress,107,90,18900,18899,1,0.999947,5432805.0,10853.878152,10853878.152,3026.0,915.2,6693.7,216.978152,2.0,356,1068,356,356,356,84,73,7,4,84,5149,0.653376,0.733884,0.810916,0.844312,0.972834,1.946739,0.712741,4146,4136,4148,2218,2211,2040,8282,6366,4251,10505,8394,0.903704,2,0,0.653061,1.435277,47.841384,0.318537,base,5292000.0,0.0,0.0,1.026607,0.821329,10853.878152,10853.878152,10853878.152,1.0,2.0,base,0.5,1.537301,0.768651,10854.646803,1.537301,0.0,0.892917,0.644384,0.768651,10854.646803,10854646.803,0.85,0.1,2.0,27.834206,13.917103,10867.795255,10867795.255,24.888443,24.883563,0.414807,0.414726,8.749537,0.183305,0.219483,0.827586,1.319444,1.263158,0,0,4162,4162,4164,2235,2217,2043,8324,6399,4260,10543,8440,0,0,0,0,0,0
H_TIME,high_stress,108,90,18900,18900,0,1.0,5430635.0,11924.321927,11924321.927,3026.0,1374.1,7283.9,240.321927,0.0,356,1068,356,356,356,122,95,18,9,122,5603,0.641877,0.737934,0.770006,0.864267,1.054453,2.116225,0.705037,4107,4128,4149,2242,2233,2041,8235,6391,4274,10489,8411,0.903704,2,0,0.653126,1.526821,47.902581,0.31739,base,5292000.0,0.0,0.0,1.026197,0.820958,11924.321927,11924.321927,11924321.927,1.0,2.0,base,0.5,1.556525,0.778263,11925.10019,1.556525,0.0,0.892921,0.663605,0.778263,11925.10019,11925100.19,0.85,0.1,2.0,28.06143,14.030715,11938.352642,11938352.642,24.862724,24.857783,0.414379,0.414296,8.75,0.182807,0.219524,0.827586,1.305556,1.263158,0,0,4166,4158,4160,2247,2237,2053,8324,6407,4290,10563,8458,0,0,0,0,0,0
H_TIME,high_stress,109,90,18900,18899,1,0.999947,5433540.0,9793.912029,9793912.029,3026.0,457.6,6107.4,200.912029,2.0,356,1068,356,356,356,44,44,0,0,44,4698,0.690659,0.722036,0.868053,0.925581,0.947255,1.608784,0.72037,4146,4155,4138,2211,2215,2034,8301,6349,4249,10499,8400,0.903704,2,0,0.653056,1.291243,47.814074,0.318775,base,5292000.0,0.0,0.0,1.026746,0.82144,9793.912029,9793.912029,9793912.029,1.0,2.0,base,0.5,1.533223,0.766611,9794.678641,1.533223,0.0,0.902678,0.630545,0.766611,9794.678641,9794678.641,0.85,0.1,2.0,27.753167,13.876584,9807.788613,9807788.613,24.900462,24.895594,0.415008,0.414927,8.749537,0.183408,0.219853,0.810345,1.305556,1.252632,0,0,4164,4166,4146,2213,2217,2037,8330,6359,4254,10527,8416,0,0,0,0,0,0
H_TIME,high_stress,110,90,18900,18898,2,0.999894,5431335.0,11773.619243,11773619.243,3026.0,1300.0,7202.0,241.619243,4.0,356,1068,356,356,356,111,77,26,8,111,5540,0.59693,0.744923,0.71309,0.816809,1.097465,2.06887,0.706,4122,4143,4152,2213,2225,2043,8265,6365,4268,10499,8399,0.903704,2,0,0.653128,1.632199,47.862434,0.318077,base,5292000.0,0.0,0.0,1.026329,0.82115,11773.619243,11773.619243,11773619.243,1.0,2.0,base,0.5,1.546271,0.773136,11774.392378,1.546271,0.0,0.887828,0.658443,0.773136,11774.392378,11774392.378,0.85,0.1,2.0,27.930167,13.965084,11787.584327,11787584.327,24.877247,24.872338,0.414621,0.414539,8.749074,0.18317,0.219706,0.827586,1.305556,1.273684,0,0,4155,4168,4164,2228,2238,2056,8323,6392,4294,10557,8452,0,0,0,0,0,0
H1,high_stress,101,90,18900,18900,0,1.0,4826360.0,5662.694507,5662694.507,1936.0,0.0,3560.7,165.994507,0.0,700,700,273,215,212,0,0,0,0,0,2739,0.473093,0.517041,0.545724,0.534867,0.94495,1.789128,0.762204,16,0,3377,2187,5940,7380,16,5564,13320,9333,9567,0.472454,2,0,0.676134,1.622679,41.621481,0.415458,base,5292000.0,465640.0,3326.06652,0.912011,0.729608,5662.694507,8988.761027,8988761.027,1.0,2.0,base,0.5,522.496595,261.248298,9250.009324,522.496595,305.991965,142.910464,73.594166,261.248298,9250.009324,9250009.324,0.85,0.1,2.0,3507.647392,1753.823696,10742.584723,10742584.723,19.858154,18.199434,0.330969,0.303324,8.75,0.296563,0.390476,3.181818,2.5,2.210526,12502,0,16,0,0,0,18273,611,16,0,18884,18289,611,0,0,0,0,0,0
H1,high_stress,102,90,18900,18900,0,1.0,4826360.0,5793.282184,5793282.184,1975.5,0.0,3647.8,169.982184,0.0,714,718,278,213,227,0,0,0,0,0,2806,0.45628,0.484359,0.53573,0.545915,0.943556,1.737806,0.761259,16,0,3399,2165,5940,7380,16,5564,13320,9355,9545,0.484259,2,0,0.676228,1.623232,41.583598,0.416092,base,5292000.0,465640.0,3326.06652,0.912011,0.729608,5793.282184,9119.348704,9119348.704,1.0,2.0,base,0.5,510.946758,255.473379,9374.822083,510.946758,296.893423,142.910464,71.142872,255.473379,9374.822083,9374822.083,0.85,0.1,2.0,3433.495591,1716.747795,10836.096499,10836096.499,19.816939,18.194885,0.330282,0.303248,8.75,0.296713,0.390476,3.181818,2.5,2.210526,12361,0,16,0,0,0,18086,798,16,0,18884,18102,798,0,0,0,0,0,0
H1,high_stress,103,90,18900,18900,0,1.0,4826430.0,6287.054364,6287054.364,2162.5,0.0,3942.9,181.654364,0.0,772,775,315,255,205,0,0,0,0,0,3033,0.466514,0.509162,0.543223,0.532777,0.997821,1.916314,0.758093,18,0,3591,1971,5940,7380,18,5562,13320,9549,9351,0.523843,2,0,0.677048,1.644957,41.207831,0.422279,base,5292000.0,465570.0,3325.56651,0.912024,0.729619,6287.054364,9612.620874,9612620.874,1.0,2.0,base,0.5,541.67056,270.83528,9883.456154,541.67056,320.948083,142.853819,77.868657,270.83528,9883.456154,9883456.154,0.85,0.1,2.0,3629.405633,1814.702816,11427.32369,11427323.69,19.875284,18.155695,0.331255,0.302595,8.75,0.298224,0.390476,3.181818,2.5,2.210526,12676,0,18,0,0,0,18540,342,18,0,18882,18558,342,0,0,0,0,0,0
H1,high_stress,104,90,18900,18900,0,1.0,4826465.0,5933.091336,5933091.336,2031.0,0.0,3729.7,172.391336,0.0,730,733,290,229,214,0,0,0,0,0,2869,0.478785,0.53349,0.548152,0.5418,0.957645,1.907839,0.76037,19,0,3468,2093,5940,7380,19,5561,13320,9427,9473,0.49537,2,0,0.676529,1.630604,41.478519,0.417838,base,5292000.0,465535.0,3325.316505,0.91203,0.729624,5933.091336,9258.407841,9258407.841,1.0,2.0,base,0.5,531.879958,265.939979,9524.34782,531.879958,313.393496,142.826268,75.660194,265.939979,9524.34782,9524347.82,0.85,0.1,2.0,3567.35998,1783.67999,11042.087832,11042087.832,19.869889,18.181381,0.331165,0.303023,8.75,0.297181,0.390476,3.181818,2.5,2.210526,12581,0,19,0,0,0,18406,475,19,0,18881,18425,475,0,0,0,0,0,0
H1,high_stress,105,90,18900,18900,0,1.0,4826290.0,6153.714421,6153714.421,2119.5,0.0,3857.1,177.114421,0.0,747,751,296,260,195,0,0,0,0,0,2967,0.466361,0.501426,0.547784,0.554139,1.00073,1.848704,0.758889,14,0,3664,1902,5940,7380,14,5566,13320,9618,9282,0.513889,2,0,0.677348,1.643513,41.122011,0.423796,base,5292000.0,465710.0,3326.56653,0.911997,0.729598,6153.714421,9480.280951,9480280.951,1.0,2.0,base,0.5,535.869257,267.934629,9748.215579,535.869257,316.395367,142.969196,76.504694,267.934629,9748.215579,9748215.579,0.85,0.1,2.0,3592.694281,1796.347141,11276.628091,11276628.091,19.840756,18.139584,0.330679,0.302326,8.75,0.298958,0.390476,3.181818,2.5,2.210526,12637,0,14,0,0,0,18462,424,14,0,18886,18476,424,0,0,0,0,0,0
H1,high_stress,106,90,18900,18900,0,1.0,4826080.0,6248.013478,6248013.478,2151.5,0.0,3916.9,179.613478,0.0,760,764,300,261,203,0,0,0,0,0,3013,0.45809,0.503884,0.542788,0.566814,0.994688,1.747836,0.758241,8,0,3508,2064,5940,7380,8,5572,13320,9456,9444,0.521991,2,0,0.676669,1.648957,41.493122,0.417747,base,5292000.0,465920.0,3328.06656,0.911958,0.729566,6248.013478,9576.080038,9576080.038,1.0,2.0,base,0.5,543.248175,271.624088,9847.704126,543.248175,321.962737,143.1583,78.127138,271.624088,9847.704126,9847704.126,0.85,0.1,2.0,3639.175458,1819.587729,11395.667767,11395667.767,19.894912,18.170314,0.331582,0.302839,8.75,0.297624,0.390476,3.181818,2.5,2.210526,12691,0,8,0,0,0,18554,338,8,0,18892,18562,338,0,0,0,0,0,0
H1,high_stress,107,90,18900,18900,0,1.0,4826290.0,5865.84135,5865841.35,2005.5,0.0,3688.1,172.24135,0.0,734,738,327,216,195,0,0,0,0,0,2837,0.462868,0.476189,0.537642,0.57123,0.972834,1.946739,0.761019,14,0,3660,1906,5940,7380,14,5566,13320,9614,9286,0.487269,2,0,0.677331,1.627821,41.086984,0.424323,base,5292000.0,465710.0,3326.56653,0.911997,0.729598,5865.84135,9192.40788,9192407.88,1.0,2.0,base,0.5,532.844786,266.422393,9458.830273,532.844786,314.090247,142.969196,75.785343,266.422393,9458.830273,9458830.273,0.85,0.1,2.0,3574.482065,1787.241032,10979.648912,10979648.912,19.831982,18.140411,0.330533,0.30234,8.75,0.298918,0.390476,3.181818,2.5,2.210526,12637,0,14,0,0,0,18451,435,14,0,18886,18465,435,0,0,0,0,0,0
H1,high_stress,108,90,18900,18900,0,1.0,4826325.0,6461.287453,6461287.453,2210.0,0.0,4063.8,187.487453,0.0,799,808,337,239,232,0,0,0,0,0,3126,0.44814,0.462366,0.566019,0.531174,1.054453,2.116225,0.75687,15,0,3433,2132,5940,7380,15,5565,13320,9388,9512,0.53912,2,0,0.676369,1.653649,41.440476,0.418373,base,5292000.0,465675.0,3326.316525,0.912004,0.729603,6461.287453,9787.603978,9787603.978,1.0,2.0,base,0.5,519.98813,259.994065,10047.598042,519.98813,304.071499,142.939567,72.977064,259.994065,10047.598042,10047598.042,0.85,0.1,2.0,3492.487101,1746.24355,11533.847528,11533847.528,19.838357,18.187601,0.330639,0.303127,8.75,0.296966,0.390476,3.181818,2.5,2.210526,12509,0,15,0,0,0,18263,622,15,0,18885,18278,622,0,0,0,0,0,0
H1,high_stress,109,90,18900,18900,0,1.0,4826360.0,5772.600769,5772600.769,1972.0,0.0,3630.9,169.700769,0.0,720,723,301,210,212,0,0,0,0,0,2793,0.450001,0.47231,0.543627,0.574521,0.947255,1.608784,0.761574,16,0,3608,1956,5940,7380,16,5564,13320,9564,9336,0.480324,2,0,0.677115,1.629727,41.261058,0.421527,base,5292000.0,465640.0,3326.06652,0.912011,0.729608,5772.600769,9098.667289,9098667.289,1.0,2.0,base,0.5,534.459234,267.229617,9365.896906,534.459234,315.32438,142.910464,76.22439,267.229617,9365.896906,9365896.906,0.85,0.1,2.0,3583.737245,1791.868623,10890.535912,10890535.912,19.848367,18.151671,0.330806,0.302528,8.75,0.298401,0.390476,3.181818,2.5,2.210526,12600,0,16,0,0,0,18443,441,16,0,18884,18459,441,0,0,0,0,0,0
H1,high_stress,110,90,18900,18900,0,1.0,4826185.0,6976.437254,6976437.254,2399.0,0.0,4378.4,199.037254,0.0,849,860,348,282,230,0,0,0,0,0,3368,0.46627,0.510082,0.539414,0.545229,1.097465,2.06887,0.753333,11,0,3459,2110,5940,7380,11,5569,13320,9410,9490,0.583333,2,0,0.676469,1.671523,41.580476,0.416295,base,5292000.0,465815.0,3327.316545,0.911978,0.729582,6976.437254,10303.753799,10303753.799,1.0,2.0,base,0.5,531.329488,265.664744,10569.418542,531.329488,312.851886,143.061293,75.416308,265.664744,10569.418542,10569418.542,0.85,0.1,2.0,3564.612405,1782.306203,12086.060001,12086060.001,19.867969,18.181208,0.331133,0.30302,8.75,0.297206,0.390476,3.181818,2.5,2.210526,12610,0,11,0,0,0,18422,467,11,0,18889,18433,467,0,0,0,0,0,0
H2,high_stress,101,90,18900,18900,0,1.0,4827620.0,5673.60058,5673600.58,1939.5,0.0,3567.2,166.90058,0.0,699,701,271,215,215,0,0,0,0,0,2744,0.457234,0.497513,0.539154,0.518162,0.94495,1.789128,0.762093,26,0,5580,0,5940,7354,26,5580,13294,11546,7354,0.473843,2,0,0.685489,1.673703,36.077354,0.505999,base,5292000.0,464380.0,3317.06634,0.912249,0.729799,5673.60058,8990.66692,8990666.92,1.0,2.0,base,0.5,575.125497,287.562749,9278.229668,575.125497,346.322314,143.441964,85.361219,287.562749,9278.229668,9278229.668,0.85,0.1,2.0,3838.342285,1919.171143,10909.838062,10909838.062,19.580697,17.754902,0.326345,0.295915,8.75,0.337342,0.389101,3.181818,2.5,2.210526,12960,0,0,0,0,0,18900,0,0,0,18900,18900,0,0,0,0,0,0,0
H2,high_stress,102,90,18900,18900,0,1.0,4828110.0,5761.871779,5761871.779,1964.0,0.0,3628.3,169.571779,0.0,712,714,272,210,232,0,0,0,0,0,2791,0.452778,0.490706,0.541151,0.512758,0.943556,1.737806,0.761481,33,0,5580,0,5940,7347,33,5580,13287,11553,7347,0.481481,2,0,0.6855,1.672606,36.076984,0.506042,base,5292000.0,463890.0,3313.56627,0.912341,0.729873,5761.871779,9075.438049,9075438.049,1.0,2.0,base,0.5,575.125497,287.562749,9363.000798,575.125497,346.322314,143.441964,85.361219,287.562749,9363.000798,9363000.798,0.85,0.1,2.0,3838.342285,1919.171143,10994.609192,10994609.192,19.584747,17.758952,0.326412,0.295983,8.75,0.337055,0.38873,3.181818,2.5,2.210526,12960,0,0,0,0,0,18900,0,0,0,18900,18900,0,0,0,0,0,0,0
H2,high_stress,103,90,18900,18900,0,1.0,4827060.0,6277.00331,6277003.31,2156.0,0.0,3939.0,182.00331,0.0,769,776,318,250,208,0,0,0,0,0,3030,0.450867,0.504665,0.535028,0.521188,0.997821,1.916314,0.758093,18,0,5580,0,5940,7362,18,5580,13302,11538,7362,0.523843,2,0,0.685476,1.69864,36.071429,0.506048,base,5292000.0,464940.0,3321.06642,0.912143,0.729714,6277.00331,9598.06973,9598069.73,1.0,2.0,base,0.5,575.125497,287.562749,9885.632478,575.125497,346.322314,143.441964,85.361219,287.562749,9885.632478,9885632.478,0.85,0.1,2.0,3838.342285,1919.171143,11517.240872,11517240.872,19.576069,17.750274,0.326268,0.295838,8.75,0.337671,0.389524,3.181818,2.5,2.210526,12960,0,0,0,0,0,18900,0,0,0,18900,18900,0,0,0,0,0,0,0
H2,high_stress,104,90,18900,18900,0,1.0,4827270.0,5878.894534,5878894.534,2015.0,0.0,3692.0,171.894534,0.0,721,727,286,227,214,0,0,0,0,0,2840,0.46004,0.475831,0.558316,0.53075,0.957645,1.907839,0.760722,21,0,5580,0,5940,7359,21,5580,13299,11541,7359,0.490972,2,0,0.68548,1.682193,36.074444,0.506017,base,5292000.0,464730.0,3319.56639,0.912183,0.729746,5878.894534,9198.460924,9198460.924,1.0,2.0,base,0.5,575.125497,287.562749,9486.023672,575.125497,346.322314,143.441964,85.361219,287.562749,9486.023672,9486023.672,0.85,0.1,2.0,3838.342285,1919.171143,11117.632066,11117632.066,19.577805,17.752009,0.326297,0.295867,8.75,0.337547,0.389365,3.181818,2.5,2.210526,12960,0,0,0,0,0,18900,0,0,0,18900,18900,0,0,0,0,0,0,0
H2,high_stress,105,90,18900,18900,0,1.0,4827620.0,6154.172345,6154172.345,2122.5,0.0,3853.2,178.472345,0.0,741,750,291,262,197,0,0,0,0,0,2964,0.436587,0.460604,0.528687,0.524757,1.00073,1.848704,0.758815,26,0,5580,0,5940,7354,26,5580,13294,11546,7354,0.514815,2,0,0.685489,1.69192,36.077354,0.505999,base,5292000.0,464380.0,3317.06634,0.912249,0.729799,6154.172345,9471.238685,9471238.685,1.0,2.0,base,0.5,575.125497,287.562749,9758.801434,575.125497,346.322314,143.441964,85.361219,287.562749,9758.801434,9758801.434,0.85,0.1,2.0,3838.342285,1919.171143,11390.409828,11390409.828,19.580697,17.754902,0.326345,0.295915,8.75,0.337342,0.389101,3.181818,2.5,2.210526,12960,0,0,0,0,0,18900,0,0,0,18900,18900,0,0,0,0,0,0,0
H2,high_stress,106,90,18900,18900,0,1.0,4827480.0,6234.873151,6234873.151,2147.0,0.0,3907.8,180.073151,0.0,756,763,301,260,202,0,0,0,0,0,3006,0.459613,0.494086,0.549171,0.517491,0.994688,1.747836,0.758296,24,0,5580,0,5940,7356,24,5580,13296,11544,7356,0.521296,2,0,0.685485,1.700242,36.078942,0.505963,base,5292000.0,464520.0,3318.06636,0.912222,0.729778,6234.873151,9552.939511,9552939.511,1.0,2.0,base,0.5,575.125497,287.562749,9840.502259,575.125497,346.322314,143.441964,85.361219,287.562749,9840.502259,9840502.259,0.85,0.1,2.0,3838.342285,1919.171143,11472.110653,11472110.653,19.57954,17.753745,0.326326,0.295896,8.75,0.337424,0.389206,3.181818,2.5,2.210526,12960,0,0,0,0,0,18900,0,0,0,18900,18900,0,0,0,0,0,0,0
H2,high_stress,107,90,18900,18900,0,1.0,4827340.0,5811.808166,5811808.166,1989.0,0.0,3651.7,171.108166,0.0,728,730,323,217,190,0,0,0,0,0,2809,0.463251,0.493266,0.54071,0.527787,0.972834,1.946739,0.761426,22,0,5580,0,5940,7358,22,5580,13298,11542,7358,0.482176,2,0,0.685482,1.680169,36.075238,0.50601,base,5292000.0,464660.0,3319.06638,0.912196,0.729757,5811.808166,9130.874546,9130874.546,1.0,2.0,base,0.5,575.125497,287.562749,9418.437295,575.125497,346.322314,143.441964,85.361219,287.562749,9418.437295,9418437.295,0.85,0.1,2.0,3838.342285,1919.171143,11050.045689,11050045.689,19.578383,17.752588,0.326306,0.295876,8.75,0.337506,0.389312,3.181818,2.5,2.210526,12960,0,0,0,0,0,18900,0,0,0,18900,18900,0,0,0,0,0,0,0
H2,high_stress,108,90,18900,18900,0,1.0,4827270.0,6475.403366,6475403.366,2211.5,0.0,4075.5,188.403366,0.0,801,812,348,237,227,0,0,0,0,0,3135,0.460514,0.504932,0.539271,0.496637,1.054453,2.116225,0.756778,21,0,5580,0,5940,7359,21,5580,13299,11541,7359,0.540278,2,0,0.68548,1.702024,36.074444,0.506017,base,5292000.0,464730.0,3319.56639,0.912183,0.729746,6475.403366,9794.969756,9794969.756,1.0,2.0,base,0.5,575.125497,287.562749,10082.532505,575.125497,346.322314,143.441964,85.361219,287.562749,10082.532505,10082532.505,0.85,0.1,2.0,3838.342285,1919.171143,11714.140899,11714140.899,19.577805,17.752009,0.326297,0.295867,8.75,0.337547,0.389365,3.181818,2.5,2.210526,12960,0,0,0,0,0,18900,0,0,0,18900,18900,0,0,0,0,0,0,0
H2,high_stress,109,90,18900,18900,0,1.0,4827270.0,5781.442664,5781442.664,1974.5,0.0,3636.1,170.842664,0.0,720,725,303,209,213,0,0,0,0,0,2797,0.455402,0.483356,0.539166,0.516472,0.947255,1.608784,0.7615,21,0,5580,0,5940,7359,21,5580,13299,11541,7359,0.48125,2,0,0.68548,1.678695,36.074444,0.506017,base,5292000.0,464730.0,3319.56639,0.912183,0.729746,5781.442664,9101.009054,9101009.054,1.0,2.0,base,0.5,575.125497,287.562749,9388.571802,575.125497,346.322314,143.441964,85.361219,287.562749,9388.571802,9388571.802,0.85,0.1,2.0,3838.342285,1919.171143,11020.180196,11020180.196,19.577805,17.752009,0.326297,0.295867,8.75,0.337547,0.389365,3.181818,2.5,2.210526,12960,0,0,0,0,0,18900,0,0,0,18900,18900,0,0,0,0,0,0,0
H2,high_stress,110,90,18900,18900,0,1.0,4826780.0,6956.379687,6956379.687,2389.5,0.0,4366.7,200.179687,0.0,850,859,347,277,235,0,0,0,0,0,3359,0.430457,0.448995,0.522133,0.521347,1.097465,2.06887,0.7535,14,0,5580,0,5940,7366,14,5580,13306,11534,7366,0.58125,2,0,0.685469,1.716777,36.065926,0.506113,base,5292000.0,465220.0,3323.06646,0.91209,0.729672,6956.379687,10279.446147,10279446.147,1.0,2.0,base,0.5,575.125497,287.562749,10567.008896,575.125497,346.322314,143.441964,85.361219,287.562749,10567.008896,10567008.896,0.85,0.1,2.0,3838.342285,1919.171143,12198.61729,12198617.29,19.573755,17.747959,0.326229,0.295799,8.75,0.337835,0.389735,3.181818,2.5,2.210526,12960,0,0,0,0,0,18900,0,0,0,18900,18900,0,0,0,0,0,0,0
H3,high_stress,101,90,18900,18900,0,1.0,5191200.0,6921.953316,6921953.316,2378.5,0.0,4355.0,188.453316,0.0,836,870,367,258,245,0,0,0,0,0,3350,0.726592,0.785274,0.761094,0.773592,0.94495,1.789128,0.753407,5220,0,5580,0,5940,2160,5220,5580,8100,16740,2160,0.582407,2,0,0.693816,1.809096,36.033333,0.534727,base,5292000.0,100800.0,720.0144,0.980952,0.784762,6921.953316,7641.967716,7641967.716,1.0,2.0,base,0.5,575.125497,287.562749,7929.530465,575.125497,346.322314,143.441964,85.361219,287.562749,7929.530465,7929530.465,0.85,0.1,2.0,3838.342285,1919.171143,9561.138859,9561138.859,22.585722,20.759926,0.376429,0.345999,8.75,0.275283,0.314286,3.181818,2.5,2.210526,12960,0,0,0,0,0,18900,0,0,0,18900,18900,0,0,0,0,0,0,0
H3,high_stress,102,90,18900,18900,0,1.0,5191200.0,7061.920517,7061920.517,2427.5,0.0,4443.4,191.020517,0.0,844,877,349,273,255,0,0,0,0,0,3418,0.7364,0.778905,0.771163,0.764328,0.943556,1.737806,0.752315,5220,0,5580,0,5940,2160,5220,5580,8100,16740,2160,0.596065,2,0,0.693816,1.818156,36.033333,0.534727,base,5292000.0,100800.0,720.0144,0.980952,0.784762,7061.920517,7781.934917,7781934.917,1.0,2.0,base,0.5,575.125497,287.562749,8069.497666,575.125497,346.322314,143.441964,85.361219,287.562749,8069.497666,8069497.666,0.85,0.1,2.0,3838.342285,1919.171143,9701.106059,9701106.059,22.585722,20.759926,0.376429,0.345999,8.75,0.275283,0.314286,3.181818,2.5,2.210526,12960,0,0,0,0,0,18900,0,0,0,18900,18900,0,0,0,0,0,0,0
H3,high_stress,103,90,18900,18900,0,1.0,5191200.0,8036.795567,8036795.567,2786.5,0.0,5034.9,215.395567,0.0,905,991,405,341,245,0,0,0,0,0,3873,0.731375,0.774861,0.761671,0.756683,0.997821,1.916314,0.745,5220,0,5580,0,5940,2160,5220,5580,8100,16740,2160,0.6875,2,0,0.693816,1.87292,36.033333,0.534727,base,5292000.0,100800.0,720.0144,0.980952,0.784762,8036.795567,8756.809967,8756809.967,1.0,2.0,base,0.5,575.125497,287.562749,9044.372716,575.125497,346.322314,143.441964,85.361219,287.562749,9044.372716,9044372.716,0.85,0.1,2.0,3838.342285,1919.171143,10675.98111,10675981.11,22.585722,20.759926,0.376429,0.345999,8.75,0.275283,0.314286,3.181818,2.5,2.210526,12960,0,0,0,0,0,18900,0,0,0,18900,18900,0,0,0,0,0,0,0
H3,high_stress,104,90,18900,18900,0,1.0,5191200.0,7258.944323,7258944.323,2489.5,0.0,4570.8,198.644323,0.0,885,924,409,256,259,0,0,0,0,0,3516,0.720941,0.779172,0.759352,0.755599,0.957645,1.907839,0.751241,5220,0,5580,0,5940,2160,5220,5580,8100,16740,2160,0.609491,2,0,0.693816,1.820682,36.033333,0.534727,base,5292000.0,100800.0,720.0144,0.980952,0.784762,7258.944323,7978.958723,7978958.723,1.0,2.0,base,0.5,575.125497,287.562749,8266.521472,575.125497,346.322314,143.441964,85.361219,287.562749,8266.521472,8266521.472,0.85,0.1,2.0,3838.342285,1919.171143,9898.129866,9898129.866,22.585722,20.759926,0.376429,0.345999,8.75,0.275283,0.314286,3.181818,2.5,2.210526,12960,0,0,0,0,0,18900,0,0,0,18900,18900,0,0,0,0,0,0,0
H3,high_stress,105,90,18900,18900,0,1.0,5191200.0,7348.166306,7348166.306,2536.0,0.0,4613.7,198.466306,0.0,869,915,379,292,244,0,0,0,0,0,3549,0.731336,0.797862,0.747564,0.783609,1.00073,1.848704,0.750333,5220,0,5580,0,5940,2160,5220,5580,8100,16740,2160,0.620833,2,0,0.693816,1.824835,36.033333,0.534727,base,5292000.0,100800.0,720.0144,0.980952,0.784762,7348.166306,8068.180706,8068180.706,1.0,2.0,base,0.5,575.125497,287.562749,8355.743455,575.125497,346.322314,143.441964,85.361219,287.562749,8355.743455,8355743.455,0.85,0.1,2.0,3838.342285,1919.171143,9987.351849,9987351.849,22.585722,20.759926,0.376429,0.345999,8.75,0.275283,0.314286,3.181818,2.5,2.210526,12960,0,0,0,0,0,18900,0,0,0,18900,18900,0,0,0,0,0,0,0
H3,high_stress,106,90,18900,18900,0,1.0,5191200.0,7202.936969,7202936.969,2496.5,0.0,4513.6,192.836969,0.0,840,878,336,313,229,0,0,0,0,0,3472,0.732579,0.780512,0.760243,0.780785,0.994688,1.747836,0.751222,5220,0,5580,0,5940,2160,5220,5580,8100,16740,2160,0.609722,2,0,0.693816,1.813999,36.033333,0.534727,base,5292000.0,100800.0,720.0144,0.980952,0.784762,7202.936969,7922.951369,7922951.369,1.0,2.0,base,0.5,575.125497,287.562749,8210.514117,575.125497,346.322314,143.441964,85.361219,287.562749,8210.514117,8210514.117,0.85,0.1,2.0,3838.342285,1919.171143,9842.122511,9842122.511,22.585722,20.759926,0.376429,0.345999,8.75,0.275283,0.314286,3.181818,2.5,2.210526,12960,0,0,0,0,0,18900,0,0,0,18900,18900,0,0,0,0,0,0,0
H3,high_stress,107,90,18900,18900,0,1.0,5191200.0,7346.424201,7346424.201,2522.0,0.0,4624.1,200.324201,0.0,883,931,418,269,244,0,0,0,0,0,3557,0.727561,0.763357,0.757858,0.761779,0.972834,1.946739,0.750444,5220,0,5580,0,5940,2160,5220,5580,8100,16740,2160,0.619444,2,0,0.693816,1.827989,36.033333,0.534727,base,5292000.0,100800.0,720.0144,0.980952,0.784762,7346.424201,8066.438601,8066438.601,1.0,2.0,base,0.5,575.125497,287.562749,8354.001349,575.125497,346.322314,143.441964,85.361219,287.562749,8354.001349,8354001.349,0.85,0.1,2.0,3838.342285,1919.171143,9985.609743,9985609.743,22.585722,20.759926,0.376429,0.345999,8.75,0.275283,0.314286,3.181818,2.5,2.210526,12960,0,0,0,0,0,18900,0,0,0,18900,18900,0,0,0,0,0,0,0
H3,high_stress,108,90,18900,18900,0,1.0,5191200.0,8256.50069,8256500.69,2853.5,0.0,5179.2,223.80069,0.0,924,1038,440,319,279,0,0,0,0,0,3984,0.719228,0.746794,0.742604,0.777487,1.054453,2.116225,0.743296,5220,0,5580,0,5940,2160,5220,5580,8100,16740,2160,0.708796,2,0,0.693816,1.897357,36.033333,0.534727,base,5292000.0,100800.0,720.0144,0.980952,0.784762,8256.50069,8976.51509,8976515.09,1.0,2.0,base,0.5,575.125497,287.562749,9264.077838,575.125497,346.322314,143.441964,85.361219,287.562749,9264.077838,9264077.838,0.85,0.1,2.0,3838.342285,1919.171143,10895.686232,10895686.232,22.585722,20.759926,0.376429,0.345999,8.75,0.275283,0.314286,3.181818,2.5,2.210526,12960,0,0,0,0,0,18900,0,0,0,18900,18900,0,0,0,0,0,0,0
H3,high_stress,109,90,18900,18900,0,1.0,5191200.0,6893.733643,6893733.643,2365.0,0.0,4339.4,189.333643,0.0,833,880,399,243,238,0,0,0,0,0,3338,0.728794,0.797441,0.746859,0.759077,0.947255,1.608784,0.753574,5220,0,5580,0,5940,2160,5220,5580,8100,16740,2160,0.580324,2,0,0.693816,1.80854,36.033333,0.534727,base,5292000.0,100800.0,720.0144,0.980952,0.784762,6893.733643,7613.748043,7613748.043,1.0,2.0,base,0.5,575.125497,287.562749,7901.310792,575.125497,346.322314,143.441964,85.361219,287.562749,7901.310792,7901310.792,0.85,0.1,2.0,3838.342285,1919.171143,9532.919186,9532919.186,22.585722,20.759926,0.376429,0.345999,8.75,0.275283,0.314286,3.181818,2.5,2.210526,12960,0,0,0,0,0,18900,0,0,0,18900,18900,0,0,0,0,0,0,0
H3,high_stress,110,90,18900,18900,0,1.0,5191200.0,8347.526328,8347526.328,2899.5,0.0,5223.4,224.626328,0.0,911,1037,436,350,251,0,0,0,0,0,4018,0.715385,0.758533,0.740488,0.772816,1.097465,2.06887,0.742426,5220,0,5580,0,5940,2160,5220,5580,8100,16740,2160,0.719676,2,0,0.693816,1.91301,36.033333,0.534727,base,5292000.0,100800.0,720.0144,0.980952,0.784762,8347.526328,9067.540728,9067540.728,1.0,2.0,base,0.5,575.125497,287.562749,9355.103477,575.125497,346.322314,143.441964,85.361219,287.562749,9355.103477,9355103.477,0.85,0.1,2.0,3838.342285,1919.171143,10986.711871,10986711.871,22.585722,20.759926,0.376429,0.345999,8.75,0.275283,0.314286,3.181818,2.5,2.210526,12960,0,0,0,0,0,18900,0,0,0,18900,18900,0,0,0,0,0,0,0
H4,high_stress,101,90,18900,18900,0,1.0,5254200.0,7132.342696,7132342.696,2455.0,0.0,4483.7,193.642696,0.0,864,896,386,272,238,0,0,0,0,0,3449,0.740279,0.762308,0.774931,0.775989,0.94495,1.789128,0.752093,2430,3240,2430,4050,2700,4050,5670,6480,6750,7560,11340,0.598843,2,0,0.648189,1.838538,52.314286,0.243593,base,5292000.0,37800.0,270.0054,0.992857,0.794286,7132.342696,7402.348096,7402348.096,1.0,2.0,base,0.5,0.0,0.0,7402.348096,0.0,0.0,0.0,0.0,0.0,7402.348096,7402348.096,0.85,0.1,2.0,0.35052,0.17526,7402.523356,7402523.356,23.43127,23.43127,0.390521,0.390521,8.75,0.174694,0.214286,0.6,0.96,0.9,0,0,2430,3240,2430,4050,2700,4050,5670,6480,6750,7560,11340,0,0,0,0,0,0
H4,high_stress,102,90,18900,18900,0,1.0,5254200.0,7266.137845,7266137.845,2505.5,0.0,4564.3,196.337845,0.0,849,903,368,288,247,0,0,0,0,0,3511,0.737248,0.767599,0.773821,0.765383,0.943556,1.737806,0.750685,2430,3240,2430,4050,2700,4050,5670,6480,6750,7560,11340,0.616435,2,0,0.648189,1.849617,52.314286,0.243593,base,5292000.0,37800.0,270.0054,0.992857,0.794286,7266.137845,7536.143245,7536143.245,1.0,2.0,base,0.5,0.0,0.0,7536.143245,0.0,0.0,0.0,0.0,0.0,7536.143245,7536143.245,0.85,0.1,2.0,0.35052,0.17526,7536.318505,7536318.505,23.43127,23.43127,0.390521,0.390521,8.75,0.174694,0.214286,0.6,0.96,0.9,0,0,2430,3240,2430,4050,2700,4050,5670,6480,6750,7560,11340,0,0,0,0,0,0
H4,high_stress,103,90,18900,18900,0,1.0,5254200.0,8272.00015,8272000.15,2885.0,0.0,5164.9,222.10015,0.0,893,1024,427,359,238,0,0,0,0,0,3973,0.724009,0.762954,0.762728,0.76489,0.997821,1.916314,0.742926,2430,3240,2430,4050,2700,4050,5670,6480,6750,7560,11340,0.713426,2,0,0.648189,1.941945,52.314286,0.243593,base,5292000.0,37800.0,270.0054,0.992857,0.794286,8272.00015,8542.00555,8542005.55,1.0,2.0,base,0.5,0.0,0.0,8542.00555,0.0,0.0,0.0,0.0,0.0,8542.00555,8542005.55,0.85,0.1,2.0,0.35052,0.17526,8542.18081,8542180.81,23.43127,23.43127,0.390521,0.390521,8.75,0.174694,0.214286,0.6,0.96,0.9,0,0,2430,3240,2430,4050,2700,4050,5670,6480,6750,7560,11340,0,0,0,0,0,0
H4,high_stress,104,90,18900,18900,0,1.0,5254200.0,7481.120154,7481120.154,2570.0,0.0,4707.3,203.820154,0.0,888,953,432,269,252,0,0,0,0,0,3621,0.736901,0.798206,0.763497,0.767489,0.957645,1.907839,0.74937,2430,3240,2430,4050,2700,4050,5670,6480,6750,7560,11340,0.63287,2,0,0.648189,1.863889,52.314286,0.243593,base,5292000.0,37800.0,270.0054,0.992857,0.794286,7481.120154,7751.125554,7751125.554,1.0,2.0,base,0.5,0.0,0.0,7751.125554,0.0,0.0,0.0,0.0,0.0,7751.125554,7751125.554,0.85,0.1,2.0,0.35052,0.17526,7751.300814,7751300.814,23.43127,23.43127,0.390521,0.390521,8.75,0.174694,0.214286,0.6,0.96,0.9,0,0,2430,3240,2430,4050,2700,4050,5670,6480,6750,7560,11340,0,0,0,0,0,0
H4,high_stress,105,90,18900,18900,0,1.0,5254200.0,7555.071888,7555071.888,2610.0,0.0,4741.1,203.971888,0.0,893,939,396,307,236,0,0,0,0,0,3647,0.71677,0.75263,0.748702,0.77908,1.00073,1.848704,0.748963,2430,3240,2430,4050,2700,4050,5670,6480,6750,7560,11340,0.637963,2,0,0.648189,1.865561,52.314286,0.243593,base,5292000.0,37800.0,270.0054,0.992857,0.794286,7555.071888,7825.077288,7825077.288,1.0,2.0,base,0.5,0.0,0.0,7825.077288,0.0,0.0,0.0,0.0,0.0,7825.077288,7825077.288,0.85,0.1,2.0,0.35052,0.17526,7825.252547,7825252.547,23.43127,23.43127,0.390521,0.390521,8.75,0.174694,0.214286,0.6,0.96,0.9,0,0,2430,3240,2430,4050,2700,4050,5670,6480,6750,7560,11340,0,0,0,0,0,0
H4,high_stress,106,90,18900,18900,0,1.0,5254200.0,7446.075868,7446075.868,2589.5,0.0,4657.9,198.675868,0.0,850,908,354,331,223,0,0,0,0,0,3583,0.743849,0.770403,0.773603,0.796135,0.994688,1.747836,0.749352,2430,3240,2430,4050,2700,4050,5670,6480,6750,7560,11340,0.633102,2,0,0.648189,1.865416,52.314286,0.243593,base,5292000.0,37800.0,270.0054,0.992857,0.794286,7446.075868,7716.081268,7716081.268,1.0,2.0,base,0.5,0.0,0.0,7716.081268,0.0,0.0,0.0,0.0,0.0,7716.081268,7716081.268,0.85,0.1,2.0,0.35052,0.17526,7716.256528,7716256.528,23.43127,23.43127,0.390521,0.390521,8.75,0.174694,0.214286,0.6,0.96,0.9,0,0,2430,3240,2430,4050,2700,4050,5670,6480,6750,7560,11340,0,0,0,0,0,0
H4,high_stress,107,90,18900,18900,0,1.0,5254200.0,7580.587523,7580587.523,2612.5,0.0,4761.9,206.187523,0.0,893,963,442,284,237,0,0,0,0,0,3663,0.72414,0.779037,0.765199,0.770036,0.972834,1.946739,0.748667,2430,3240,2430,4050,2700,4050,5670,6480,6750,7560,11340,0.641667,2,0,0.648189,1.873395,52.314286,0.243593,base,5292000.0,37800.0,270.0054,0.992857,0.794286,7580.587523,7850.592923,7850592.923,1.0,2.0,base,0.5,0.0,0.0,7850.592923,0.0,0.0,0.0,0.0,0.0,7850.592923,7850592.923,0.85,0.1,2.0,0.35052,0.17526,7850.768183,7850768.183,23.43127,23.43127,0.390521,0.390521,8.75,0.174694,0.214286,0.6,0.96,0.9,0,0,2430,3240,2430,4050,2700,4050,5670,6480,6750,7560,11340,0,0,0,0,0,0
H4,high_stress,108,90,18900,18900,0,1.0,5254200.0,8485.125045,8485125.045,2951.0,0.0,5304.0,230.125045,0.0,873,1072,466,336,270,0,0,0,0,0,4080,0.725722,0.775442,0.752322,0.768367,1.054453,2.116225,0.740574,2430,3240,2430,4050,2700,4050,5670,6480,6750,7560,11340,0.742824,2,0,0.648189,1.971352,52.314286,0.243593,base,5292000.0,37800.0,270.0054,0.992857,0.794286,8485.125045,8755.130445,8755130.445,1.0,2.0,base,0.5,0.0,0.0,8755.130445,0.0,0.0,0.0,0.0,0.0,8755.130445,8755130.445,0.85,0.1,2.0,0.35052,0.17526,8755.305705,8755305.705,23.43127,23.43127,0.390521,0.390521,8.75,0.174694,0.214286,0.6,0.96,0.9,0,0,2430,3240,2430,4050,2700,4050,5670,6480,6750,7560,11340,0,0,0,0,0,0
H4,high_stress,109,90,18900,18900,0,1.0,5254200.0,7101.322557,7101322.557,2439.0,0.0,4468.1,194.222557,0.0,856,905,418,257,230,0,0,0,0,0,3437,0.726075,0.77342,0.768864,0.757495,0.947255,1.608784,0.752167,2430,3240,2430,4050,2700,4050,5670,6480,6750,7560,11340,0.597917,2,0,0.648189,1.851133,52.314286,0.243593,base,5292000.0,37800.0,270.0054,0.992857,0.794286,7101.322557,7371.327957,7371327.957,1.0,2.0,base,0.5,0.0,0.0,7371.327957,0.0,0.0,0.0,0.0,0.0,7371.327957,7371327.957,0.85,0.1,2.0,0.35052,0.17526,7371.503217,7371503.217,23.43127,23.43127,0.390521,0.390521,8.75,0.174694,0.214286,0.6,0.96,0.9,0,0,2430,3240,2430,4050,2700,4050,5670,6480,6750,7560,11340,0,0,0,0,0,0
H4,high_stress,110,90,18900,18900,0,1.0,5254025.0,8620.613488,8620613.488,2978.5,42.9,5367.7,231.513488,0.0,816,1061,452,368,241,4,3,0,1,4,4129,0.706382,0.73133,0.743234,0.751347,1.097465,2.06887,0.738685,2429,3239,2430,4049,2704,4049,5668,6479,6753,7563,11337,0.757407,2,0,0.648208,2.008789,52.313532,0.243622,base,5292000.0,37975.0,271.255425,0.992824,0.794259,8620.613488,8891.868913,8891868.913,1.0,2.0,base,0.5,0.0,0.0,8891.868913,0.0,0.0,0.0,0.0,0.0,8891.868913,8891868.913,0.85,0.1,2.0,0.352001,0.176001,8892.044914,8892044.914,23.428797,23.428797,0.39048,0.39048,8.75,0.174677,0.214233,0.6,0.96,0.9,0,0,2430,3240,2430,4050,2704,4050,5670,6480,6754,7564,11340,0,0,0,0,0,0
H5,high_stress,101,90,18900,18900,0,1.0,5242125.0,6794.758355,6794758.355,2335.0,0.0,4267.9,191.858355,0.0,822,845,350,265,230,0,0,0,0,0,3283,0.532563,0.590822,0.589517,0.641069,0.94495,1.789128,0.754407,2925,2678,2459,3810,2795,4233,5603,6269,7028,8179,10721,0.569907,2,0,0.0,0.0,0.0,0.0,base,5292000.0,49875.0,356.257125,0.990575,0.79246,6794.758355,7151.01548,7151015.48,1.0,2.0,base,0.5,1.2e-05,6e-06,7151.015486,1.2e-05,0.0,1.2e-05,0.0,6e-06,7151.015486,7151015.486,0.85,0.1,2.0,0.617186,0.308593,7151.324073,7151324.073,23.147182,23.147182,0.385786,0.385786,8.75,0.173624,0.223968,0.64,1.013333,0.989474,0,0,2925,2678,2459,3810,2795,4233,5603,6269,7028,8179,10721,82409,6715,0,34940,20217,40714
H5,high_stress,102,90,18900,18900,0,1.0,5243210.0,6881.058135,6881058.135,2361.0,0.0,4325.1,194.958135,0.0,830,858,354,262,242,0,0,0,0,0,3327,0.525174,0.576368,0.590323,0.612054,0.943556,1.737806,0.753741,2942,2670,2470,3812,2771,4235,5612,6282,7006,8183,10717,0.578241,2,0,0.0,0.0,0.0,0.0,base,5292000.0,48790.0,348.50697,0.99078,0.792624,6881.058135,7229.565105,7229565.105,1.0,2.0,base,0.5,1.2e-05,6e-06,7229.565111,1.2e-05,0.0,1.2e-05,0.0,6e-06,7229.565111,7229565.111,0.85,0.1,2.0,0.626044,0.313022,7229.878128,7229878.128,23.156442,23.156442,0.385941,0.385941,8.75,0.173652,0.224074,0.672414,1.013333,0.989474,0,0,2942,2670,2470,3812,2771,4235,5612,6282,7006,8183,10717,82299,6675,0,34862,20166,40682
H5,high_stress,103,90,18900,18900,0,1.0,5240305.0,7573.854754,7573854.754,2623.0,0.0,4738.5,212.354754,0.0,895,939,397,316,226,0,0,0,0,0,3645,0.512938,0.566135,0.601481,0.587596,0.997821,1.916314,0.749037,2857,2673,2495,3868,2782,4225,5530,6363,7007,8134,10766,0.637037,2,0,0.0,0.0,0.0,0.0,base,5292000.0,51695.0,369.257385,0.990231,0.792185,7573.854754,7943.112139,7943112.139,1.0,2.0,base,0.5,4.4e-05,2.2e-05,7943.112161,4.4e-05,0.0,4.4e-05,0.0,2.2e-05,7943.112161,7943112.161,0.85,0.1,2.0,0.674679,0.337339,7943.449478,7943449.478,23.128954,23.128954,0.385483,0.385483,8.75,0.173802,0.223545,0.64,1.013333,0.989474,0,0,2857,2673,2495,3868,2782,4225,5530,6363,7007,8134,10766,81526,6662,0,34394,20055,40430
H5,high_stress,104,90,18900,18900,0,1.0,5241250.0,7033.619763,7033619.763,2418.0,0.0,4416.1,199.519763,0.0,848,883,380,267,236,0,0,0,0,0,3397,0.519194,0.590994,0.576678,0.613283,0.957645,1.907839,0.752759,2896,2676,2475,3831,2784,4238,5572,6306,7022,8155,10745,0.590509,2,0,0.0,0.0,0.0,0.0,base,5292000.0,50750.0,362.50725,0.99041,0.792328,7033.619763,7396.127013,7396127.013,1.0,2.0,base,0.5,2.4e-05,1.2e-05,7396.127025,2.4e-05,0.0,2.4e-05,0.0,1.2e-05,7396.127025,7396127.025,0.85,0.1,2.0,0.636861,0.31843,7396.445443,7396445.443,23.139364,23.139363,0.385656,0.385656,8.75,0.173739,0.224233,0.64,1.013333,0.989474,0,0,2896,2676,2475,3831,2784,4238,5572,6306,7022,8155,10745,81930,6668,0,34594,20076,40628
H5,high_stress,105,90,18900,18900,0,1.0,5241110.0,7262.212464,7262212.464,2509.0,0.0,4548.7,204.512464,0.0,867,897,376,303,218,0,0,0,0,0,3499,0.511687,0.580449,0.584168,0.556571,1.00073,1.848704,0.751222,2900,2651,2454,3890,2773,4232,5551,6344,7005,8127,10773,0.609722,2,0,0.0,0.0,0.0,0.0,base,5292000.0,50890.0,363.50727,0.990384,0.792307,7262.212464,7625.719734,7625719.734,1.0,2.0,base,0.5,1.5e-05,7e-06,7625.719742,1.5e-05,0.0,1.5e-05,0.0,7e-06,7625.719742,7625719.742,0.85,0.1,2.0,0.62169,0.310845,7626.030579,7626030.579,23.139009,23.139009,0.38565,0.38565,8.75,0.174103,0.223915,0.634146,1.013333,0.989474,0,0,2900,2651,2454,3890,2773,4232,5551,6344,7005,8127,10773,82076,6633,0,34896,19914,40547
H5,high_stress,106,90,18900,18900,0,1.0,5242335.0,7133.250722,7133250.722,2471.5,0.0,4461.6,200.150722,0.0,836,875,353,307,215,0,0,0,0,0,3432,0.519377,0.575428,0.587794,0.60037,0.994688,1.747836,0.751889,2914,2691,2442,3829,2789,4235,5605,6271,7024,8145,10755,0.601389,2,0,0.0,0.0,0.0,0.0,base,5292000.0,49665.0,354.757095,0.990615,0.792492,7133.250722,7488.007817,7488007.817,1.0,2.0,base,0.5,1.2e-05,6e-06,7488.007823,1.2e-05,0.0,1.2e-05,0.0,6e-06,7488.007823,7488007.823,0.85,0.1,2.0,0.581994,0.290997,7488.298814,7488298.814,23.157137,23.157137,0.385952,0.385952,8.75,0.173767,0.224074,0.653333,1.013333,0.989474,0,0,2914,2691,2442,3829,2789,4235,5605,6271,7024,8145,10755,82265,6722,0,34910,20229,40593
H5,high_stress,107,90,18900,18900,0,1.0,5241845.0,7070.187946,7070187.946,2425.5,0.0,4443.4,201.287946,0.0,872,895,413,263,219,0,0,0,0,0,3418,0.510775,0.551489,0.580126,0.606729,0.972834,1.946739,0.752815,2908,2690,2477,3794,2784,4247,5598,6271,7031,8169,10731,0.589815,2,0,0.0,0.0,0.0,0.0,base,5292000.0,50155.0,358.257165,0.990522,0.792418,7070.187946,7428.445111,7428445.111,1.0,2.0,base,0.5,1.5e-05,7e-06,7428.445119,1.5e-05,0.0,1.5e-05,0.0,7e-06,7428.445119,7428445.119,0.85,0.1,2.0,0.603845,0.301922,7428.747034,7428747.034,23.146473,23.146473,0.385775,0.385775,8.75,0.173596,0.224709,0.626667,1.013333,0.989474,0,0,2908,2690,2477,3794,2784,4247,5598,6271,7031,8169,10731,82124,6711,0,34780,20151,40633
H5,high_stress,108,90,18900,18900,0,1.0,5244645.0,7921.754471,7921754.471,2725.0,0.0,4973.8,222.954471,0.0,933,998,443,301,254,0,0,0,0,0,3826,0.517175,0.597253,0.589588,0.559541,1.054453,2.116225,0.746407,2929,2694,2449,3852,2763,4213,5623,6301,6976,8141,10759,0.669907,2,0,0.0,0.0,0.0,0.0,base,5292000.0,47355.0,338.256765,0.991052,0.792841,7921.754471,8260.011236,8260011.236,1.0,2.0,base,0.5,6e-06,3e-06,8260.011239,6e-06,0.0,6e-06,0.0,3e-06,8260.011239,8260011.239,0.85,0.1,2.0,0.573478,0.286739,8260.297975,8260297.975,23.181316,23.181316,0.386355,0.386355,8.75,0.173723,0.22291,0.626667,1.013333,0.989474,0,0,2929,2694,2449,3852,2763,4213,5623,6301,6976,8141,10759,81953,6667,0,34994,20010,40292
H5,high_stress,109,90,18900,18900,0,1.0,5240375.0,6829.87682,6829876.82,2344.0,0.0,4291.3,194.57682,0.0,836,866,389,249,228,0,0,0,0,0,3301,0.539363,0.608463,0.586978,0.619522,0.947255,1.608784,0.754315,2893,2651,2490,3847,2784,4235,5544,6337,7019,8167,10733,0.571065,2,0,0.0,0.0,0.0,0.0,base,5292000.0,51625.0,368.757375,0.990245,0.792196,6829.87682,7198.634195,7198634.195,1.0,2.0,base,0.5,3.6e-05,1.8e-05,7198.634212,3.6e-05,0.0,3.6e-05,0.0,1.8e-05,7198.634212,7198634.212,0.85,0.1,2.0,0.678725,0.339363,7198.973557,7198973.557,23.123273,23.123273,0.385388,0.385388,8.75,0.173799,0.224074,0.64,1.013333,0.989474,0,0,2893,2651,2490,3847,2784,4235,5544,6337,7019,8167,10733,81858,6635,0,34508,19917,40715
H5,high_stress,110,90,18900,18900,0,1.0,5242090.0,8087.08945,8087089.45,2803.5,0.0,5057.0,226.58945,0.0,918,1005,432,338,235,0,0,0,0,0,3890,0.499927,0.576369,0.588213,0.534111,1.097465,2.06887,0.744926,2905,2682,2462,3838,2777,4236,5587,6300,7013,8144,10756,0.688426,2,0,0.0,0.0,0.0,0.0,base,5292000.0,49910.0,356.50713,0.990569,0.792455,8087.08945,8443.59658,8443596.58,1.0,2.0,base,0.5,1.2e-05,6e-06,8443.596586,1.2e-05,0.0,1.2e-05,0.0,6e-06,8443.596586,8443596.586,0.85,0.1,2.0,0.603267,0.301634,8443.898214,8443898.214,23.151681,23.151681,0.385861,0.385861,8.75,0.173789,0.224127,0.672414,1.013333,0.989474,0,0,2905,2682,2462,3838,2777,4236,5587,6300,7013,8144,10756,81484,6642,0,34626,19929,40216
BALANCED_RR_H4_PM,high_stress,101,90,18900,18900,0,1.0,5289935.0,7204.436276,7204436.276,2476.0,0.0,4533.1,195.336276,0.0,875,903,388,275,240,0,0,0,0,0,3487,0.728873,0.747879,0.787161,0.758134,0.94495,1.789128,0.751593,3161,3122,3161,3114,3174,3168,6283,6275,6342,9496,9404,0.605093,2,0,0.0,0.0,0.0,0.0,base,5292000.0,2065.0,14.750295,0.99961,0.799688,7204.436276,7219.186571,7219186.571,1.0,2.0,base,0.5,0.109641,0.05482,7219.241391,0.109641,0.0,0.002184,0.107457,0.05482,7219.241391,7219241.391,0.85,0.1,2.0,5.170095,2.585047,7221.771618,7221771.618,23.45137,23.451022,0.390856,0.39085,8.75,0.166676,0.167937,0.724138,1.111111,1.231579,0,0,3161,3122,3161,3114,3174,3168,6283,6275,6342,9496,9404,0,0,0,0,0,0
BALANCED_RR_H4_PM,high_stress,102,90,18900,18900,0,1.0,5290390.0,7325.481508,7325481.508,2525.5,0.0,4602.0,197.981508,0.0,865,911,371,289,251,0,0,0,0,0,3540,0.730774,0.773013,0.761101,0.775254,0.943556,1.737806,0.750426,3104,3159,3161,3167,3165,3144,6263,6328,6309,9430,9470,0.619676,2,0,0.0,0.0,0.0,0.0,base,5292000.0,1610.0,11.50023,0.999696,0.799757,7325.481508,7336.981738,7336981.738,1.0,2.0,base,0.5,0.092358,0.046179,7337.027917,0.092358,0.0,0.0013,0.091058,0.046179,7337.027917,7337027.917,0.85,0.1,2.0,4.787917,2.393958,7339.375697,7339375.697,23.468677,23.468384,0.391145,0.39114,8.75,0.166675,0.167566,0.724138,1.069444,1.231579,0,0,3104,3159,3161,3167,3165,3144,6263,6328,6309,9430,9470,0,0,0,0,0,0
BALANCED_RR_H4_PM,high_stress,103,90,18900,18900,0,1.0,5290460.0,8331.392833,8331392.833,2907.5,0.0,5200.0,223.892833,0.0,872,1033,430,360,243,0,0,0,0,0,4000,0.721324,0.75659,0.748429,0.790748,0.997821,1.916314,0.742056,3162,3141,3150,3100,3184,3163,6303,6250,6347,9496,9404,0.724306,2,0,0.0,0.0,0.0,0.0,base,5292000.0,1540.0,11.00022,0.999709,0.799767,8331.392833,8342.393053,8342393.053,1.0,2.0,base,0.5,0.109209,0.054604,8342.447657,0.109209,0.0,0.001705,0.107503,0.054604,8342.447657,8342447.657,0.85,0.1,2.0,5.159896,2.579948,8344.973001,8344973.001,23.460514,23.460168,0.391009,0.391003,8.75,0.166678,0.168466,0.724138,1.097222,1.231579,0,0,3162,3141,3150,3100,3184,3163,6303,6250,6347,9496,9404,0,0,0,0,0,0
BALANCED_RR_H4_PM,high_stress,104,90,18900,18900,0,1.0,5292735.0,7539.234536,7539234.536,2592.5,0.0,4741.1,205.634536,0.0,891,961,433,271,257,0,0,0,0,0,3647,0.741613,0.763245,0.763176,0.789758,0.957645,1.907839,0.748926,3186,3133,3135,3148,3146,3152,6319,6283,6298,9467,9433,0.638426,2,0,0.0,0.0,0.0,0.0,base,5292000.0,0.0,0.0,1.000139,0.800111,7539.234536,7539.234536,7539234.536,1.0,2.0,base,0.5,0.107265,0.053632,7539.288168,0.107265,0.0,0.002127,0.105138,0.053632,7539.288168,7539288.168,0.85,0.1,2.0,5.069023,2.534512,7541.769047,7541769.047,23.488191,23.487851,0.39147,0.391464,8.75,0.166672,0.168571,0.758621,1.097222,1.242105,0,0,3186,3133,3135,3148,3146,3152,6319,6283,6298,9467,9433,0,0,0,0,0,0
BALANCED_RR_H4_PM,high_stress,105,90,18900,18900,0,1.0,5291055.0,7625.107495,7625107.495,2637.0,0.0,4782.7,205.407495,0.0,892,948,399,311,238,0,0,0,0,0,3679,0.726149,0.760245,0.778941,0.763707,1.00073,1.848704,0.748352,3189,3133,3102,3127,3153,3196,6322,6229,6349,9444,9456,0.645602,2,0,0.0,0.0,0.0,0.0,base,5292000.0,945.0,6.750135,0.999821,0.799857,7625.107495,7631.85763,7631857.63,1.0,2.0,base,0.5,0.097245,0.048622,7631.906252,0.097245,0.0,0.003668,0.093577,0.048622,7631.906252,7631906.252,0.85,0.1,2.0,4.951805,2.475902,7634.333532,7634333.532,23.477948,23.47764,0.391299,0.391294,8.75,0.166686,0.169101,0.724138,1.125,1.231579,0,0,3189,3133,3102,3127,3153,3196,6322,6229,6349,9444,9456,0,0,0,0,0,0
BALANCED_RR_H4_PM,high_stress,106,90,18900,18900,0,1.0,5290110.0,7518.992151,7518992.151,2610.0,0.0,4708.6,200.392151,0.0,875,915,357,334,224,0,0,0,0,0,3622,0.74245,0.769306,0.782201,0.768167,0.994688,1.747836,0.749111,3160,3123,3151,3129,3176,3161,6283,6280,6337,9487,9413,0.636111,2,0,0.0,0.0,0.0,0.0,base,5292000.0,1890.0,13.50027,0.999643,0.799714,7518.992151,7532.492421,7532492.421,1.0,2.0,base,0.5,0.102773,0.051387,7532.543807,0.102773,0.0,0.000833,0.101941,0.051387,7532.543807,7532543.807,0.85,0.1,2.0,4.994359,2.497179,7534.9896,7534989.6,23.454953,23.454626,0.390916,0.39091,8.75,0.166672,0.168042,0.706897,1.083333,1.231579,0,0,3160,3123,3151,3129,3176,3161,6283,6280,6337,9487,9413,0,0,0,0,0,0
BALANCED_RR_H4_PM,high_stress,107,90,18900,18900,0,1.0,5288360.0,7625.600882,7625600.882,2632.5,0.0,4785.3,207.800882,0.0,898,970,443,286,241,0,0,0,0,0,3681,0.732476,0.756392,0.766147,0.779752,0.972834,1.946739,0.748426,3155,3094,3140,3158,3191,3162,6249,6298,6353,9486,9414,0.644676,2,0,0.0,0.0,0.0,0.0,base,5292000.0,3640.0,26.00052,0.999312,0.79945,7625.600882,7651.601402,7651601.402,1.0,2.0,base,0.5,0.103866,0.051933,7651.653335,0.103866,0.0,0.001225,0.102641,0.051933,7651.653335,7651653.335,0.85,0.1,2.0,4.99353,2.496765,7654.098168,7654098.168,23.43277,23.43244,0.390546,0.390541,8.75,0.166681,0.168836,0.706897,1.097222,1.231579,0,0,3155,3094,3140,3158,3191,3162,6249,6298,6353,9486,9414,0,0,0,0,0,0
BALANCED_RR_H4_PM,high_stress,108,90,18900,18900,0,1.0,5293610.0,8538.932654,8538932.654,2974.0,0.0,5332.6,232.332654,0.0,849,1080,469,339,272,0,0,0,0,0,4102,0.718148,0.749977,0.756566,0.747754,1.054453,2.116225,0.739722,3187,3153,3167,3099,3163,3131,6340,6266,6294,9517,9383,0.753472,2,0,0.0,0.0,0.0,0.0,base,5292000.0,0.0,0.0,1.000304,0.800243,8538.932654,8538.932654,8538932.654,1.0,2.0,base,0.5,0.117388,0.058694,8538.991348,0.117388,0.0,0.003283,0.114105,0.058694,8538.991348,8538991.348,0.85,0.1,2.0,5.356663,2.678332,8541.610985,8541610.985,23.490671,23.490298,0.391511,0.391505,8.75,0.16668,0.168624,0.741379,1.125,1.231579,0,0,3187,3153,3167,3099,3163,3131,6340,6266,6294,9517,9383,0,0,0,0,0,0
BALANCED_RR_H4_PM,high_stress,109,90,18900,18900,0,1.0,5289725.0,7163.857857,7163857.857,2463.5,0.0,4504.5,195.857857,0.0,866,914,420,259,235,0,0,0,0,0,3465,0.721583,0.758032,0.769624,0.785618,0.947255,1.608784,0.751833,3216,3105,3095,3098,3185,3201,6321,6193,6386,9496,9404,0.602083,2,0,0.0,0.0,0.0,0.0,base,5292000.0,2275.0,16.250325,0.99957,0.799656,7163.857857,7180.108182,7180108.182,1.0,2.0,base,0.5,0.10549,0.052745,7180.160926,0.10549,0.0,0.003682,0.101808,0.052745,7180.160926,7180160.926,0.85,0.1,2.0,5.140457,2.570228,7182.67841,7182678.41,23.453765,23.45343,0.390896,0.390891,8.75,0.166711,0.170159,0.706897,1.125,1.231579,0,0,3216,3105,3095,3098,3185,3201,6321,6193,6386,9496,9404,0,0,0,0,0,0
BALANCED_RR_H4_PM,high_stress,110,90,18900,18900,0,1.0,5290530.0,8664.802987,8664802.987,3002.5,41.6,5387.2,233.502987,0.0,752,1069,453,371,245,4,4,0,0,4,4144,0.682841,0.721564,0.747687,0.732582,1.097465,2.06887,0.737222,3174,3136,3130,3108,3183,3169,6310,6238,6352,9487,9413,0.776389,2,0,0.0,0.0,0.0,0.0,base,5292000.0,1470.0,10.50021,0.999722,0.799778,8664.802987,8675.303197,8675303.197,1.0,2.0,base,0.5,0.11077,0.055385,8675.358581,0.11077,0.0,0.003988,0.106781,0.055385,8675.358581,8675358.581,0.85,0.1,2.0,5.227703,2.613852,8677.917048,8677917.048,23.463623,23.463271,0.39106,0.391055,8.75,0.166679,0.168413,0.741379,1.125,1.231579,0,0,3174,3138,3130,3109,3183,3170,6312,6239,6353,9487,9417,0,0,0,0,0,0
H5_AGGRESSIVE,high_stress,101,90,18900,18900,0,1.0,5245240.0,6794.407582,6794407.582,2338.0,0.0,4264.0,192.407582,0.0,815,847,354,265,228,0,0,0,0,0,3280,0.529945,0.601491,0.587738,0.6166,0.94495,1.789128,0.754315,2430,3239,2527,3699,2767,4238,5669,6226,7005,7724,11176,0.571065,2,0,0.0,0.0,0.0,0.0,base,5292000.0,46760.0,334.00668,0.991164,0.792931,6794.407582,7128.414262,7128414.262,1.0,2.0,base,0.5,0.0,0.0,7128.414262,0.0,0.0,0.0,0.0,0.0,7128.414262,7128414.262,0.85,0.1,2.0,0.430971,0.215486,7128.629748,7128629.748,23.315965,23.315965,0.388599,0.388599,8.75,0.173795,0.224233,0.634146,0.988095,0.957895,0,0,2430,3239,2527,3699,2767,4238,5669,6226,7005,7724,11176,138994,13543,0,60996,11637,81392
H5_AGGRESSIVE,high_stress,102,90,18900,18900,0,1.0,5243210.0,6866.332169,6866332.169,2360.5,0.0,4310.8,195.032169,0.0,823,858,355,262,241,0,0,0,0,0,3316,0.510619,0.590612,0.574732,0.613703,0.943556,1.737806,0.753796,2432,3238,2516,3650,2769,4295,5670,6166,7064,7717,11183,0.577546,2,0,0.0,0.0,0.0,0.0,base,5292000.0,48790.0,348.50697,0.99078,0.792624,6866.332169,7214.839139,7214839.139,1.0,2.0,base,0.5,0.0,0.0,7214.839139,0.0,0.0,0.0,0.0,0.0,7214.839139,7214839.139,0.85,0.1,2.0,0.466278,0.233139,7215.072278,7215072.278,23.298724,23.298724,0.388312,0.388312,8.75,0.174033,0.227249,0.646341,1.0,0.957895,0,0,2432,3238,2516,3650,2769,4295,5670,6166,7064,7717,11183,138972,13560,0,61002,11646,81352
H5_AGGRESSIVE,high_stress,103,90,18900,18900,0,1.0,5243560.0,7627.036274,7627036.274,2639.5,0.0,4773.6,213.936274,0.0,899,945,400,318,227,0,0,0,0,0,3672,0.507719,0.57044,0.563703,0.609945,0.997821,1.916314,0.748611,2430,3237,2481,3701,2756,4295,5667,6182,7051,7667,11233,0.642361,2,0,0.0,0.0,0.0,0.0,base,5292000.0,48440.0,346.00692,0.990847,0.792677,7627.036274,7973.043194,7973043.194,1.0,2.0,base,0.5,0.0,0.0,7973.043194,0.0,0.0,0.0,0.0,0.0,7973.043194,7973043.194,0.85,0.1,2.0,0.444695,0.222347,7973.265541,7973265.541,23.311472,23.311472,0.388525,0.388525,8.75,0.174347,0.227249,0.646341,0.988095,0.957895,0,0,2430,3237,2481,3701,2756,4295,5667,6182,7051,7667,11233,137950,13451,0,60474,12072,80780
H5_AGGRESSIVE,high_stress,104,90,18900,18900,0,1.0,5244260.0,7078.218799,7078218.799,2429.0,0.0,4448.6,200.618799,0.0,861,890,387,265,238,0,0,0,0,0,3422,0.520758,0.573409,0.580237,0.62759,0.957645,1.907839,0.752537,2427,3239,2515,3689,2777,4253,5666,6204,7030,7719,11181,0.593287,2,0,0.0,0.0,0.0,0.0,base,5292000.0,47740.0,341.00682,0.990979,0.792783,7078.218799,7419.225619,7419225.619,1.0,2.0,base,0.5,0.0,0.0,7419.225619,0.0,0.0,0.0,0.0,0.0,7419.225619,7419225.619,0.85,0.1,2.0,0.435,0.2175,7419.443119,7419443.119,23.307782,23.307782,0.388463,0.388463,8.75,0.17389,0.225026,0.646341,0.988095,0.957895,0,0,2427,3239,2515,3689,2777,4253,5666,6204,7030,7719,11181,138637,13511,0,60782,12090,81210
H5_AGGRESSIVE,high_stress,105,90,18900,18900,0,1.0,5243245.0,7298.915947,7298915.947,2523.0,0.0,4570.8,205.115947,0.0,860,903,378,303,222,0,0,0,0,0,3516,0.532963,0.568122,0.581293,0.609778,1.00073,1.848704,0.750778,2431,3241,2491,3672,2831,4234,5672,6163,7065,7753,11147,0.615278,2,0,0.0,0.0,0.0,0.0,base,5292000.0,48755.0,348.256965,0.990787,0.79263,7298.915947,7647.172912,7647172.912,1.0,2.0,base,0.5,0.0,0.0,7647.172912,0.0,0.0,0.0,0.0,0.0,7647.172912,7647172.912,0.85,0.1,2.0,0.443575,0.221788,7647.3947,7647394.7,23.293786,23.293786,0.38823,0.38823,8.75,0.17369,0.224021,0.634146,0.988095,0.957895,0,0,2431,3241,2491,3672,2831,4234,5672,6163,7065,7753,11147,138393,13493,0,60748,11643,81006
H5_AGGRESSIVE,high_stress,106,90,18900,18900,0,1.0,5244435.0,7157.757365,7157757.365,2480.5,0.0,4477.2,200.057365,0.0,837,877,351,309,217,0,0,0,0,0,3444,0.52556,0.58563,0.586095,0.637023,0.994688,1.747836,0.751685,2432,3243,2488,3703,2748,4286,5675,6191,7034,7668,11232,0.603935,2,0,0.0,0.0,0.0,0.0,base,5292000.0,47565.0,339.756795,0.991012,0.79281,7157.757365,7497.51416,7497514.16,1.0,2.0,base,0.5,0.0,0.0,7497.51416,0.0,0.0,0.0,0.0,0.0,7497.51416,7497514.16,0.85,0.1,2.0,0.458777,0.229389,7497.743549,7497743.549,23.320648,23.320648,0.388677,0.388677,8.75,0.174282,0.226772,0.634146,0.988095,0.957895,0,0,2432,3243,2488,3703,2748,4286,5675,6191,7034,7668,11232,138607,13523,0,60876,12528,81141
H5_AGGRESSIVE,high_stress,107,90,18900,18900,0,1.0,5244610.0,7098.619646,7098619.646,2436.0,0.0,4460.3,202.319646,0.0,864,900,417,263,220,0,0,0,0,0,3431,0.505438,0.561238,0.561611,0.615177,0.972834,1.946739,0.752426,2431,3243,2519,3679,2745,4283,5674,6198,7028,7695,11205,0.594676,2,0,0.0,0.0,0.0,0.0,base,5292000.0,47390.0,338.50677,0.991045,0.792836,7098.619646,7437.126416,7437126.416,1.0,2.0,base,0.5,0.0,0.0,7437.126416,0.0,0.0,0.0,0.0,0.0,7437.126416,7437126.416,0.85,0.1,2.0,0.434252,0.217126,7437.343542,7437343.542,23.316468,23.316468,0.388608,0.388608,8.75,0.174089,0.226614,0.634146,0.988095,0.957895,0,0,2431,3243,2519,3679,2745,4283,5674,6198,7028,7695,11205,138678,13526,0,60856,11709,81201
H5_AGGRESSIVE,high_stress,108,90,18900,18900,0,1.0,5243420.0,7935.038414,7935038.414,2732.0,0.0,4979.0,224.038414,0.0,926,998,438,304,256,0,0,0,0,0,3830,0.493276,0.506307,0.578589,0.595398,1.054453,2.116225,0.746185,2430,3239,2496,3678,2789,4268,5669,6174,7057,7715,11185,0.672685,2,0,0.0,0.0,0.0,0.0,base,5292000.0,48580.0,347.00694,0.99082,0.792656,7935.038414,8282.045354,8282045.354,1.0,2.0,base,0.5,0.0,0.0,8282.045354,0.0,0.0,0.0,0.0,0.0,8282.045354,8282045.354,0.85,0.1,2.0,0.451902,0.225951,8282.271305,8282271.305,23.301565,23.301565,0.388359,0.388359,8.75,0.173982,0.22582,0.634146,0.988095,0.968421,0,0,2430,3239,2496,3678,2789,4268,5669,6174,7057,7715,11185,137576,13425,0,60332,11664,80528
H5_AGGRESSIVE,high_stress,109,90,18900,18900,0,1.0,5244995.0,6827.041828,6827041.828,2340.5,0.0,4291.3,195.241828,0.0,840,866,393,248,225,0,0,0,0,0,3301,0.506731,0.582976,0.581454,0.59246,0.947255,1.608784,0.754389,2425,3242,2509,3714,2747,4263,5667,6223,7010,7681,11219,0.570139,2,0,0.0,0.0,0.0,0.0,base,5292000.0,47005.0,335.756715,0.991118,0.792894,6827.041828,7162.798543,7162798.543,1.0,2.0,base,0.5,2e-06,1e-06,7162.798544,2e-06,0.0,2e-06,0.0,1e-06,7162.798544,7162798.544,0.85,0.1,2.0,0.44109,0.220545,7163.019088,7163019.088,23.321963,23.321963,0.388699,0.388699,8.75,0.174125,0.225556,0.634146,1.011905,0.957895,0,0,2425,3242,2509,3714,2747,4263,5667,6223,7010,7681,11219,138993,13546,0,60934,11703,81401
H5_AGGRESSIVE,high_stress,110,90,18900,18900,0,1.0,5243980.0,8131.431993,8131431.993,2824.5,0.0,5079.1,227.831993,0.0,915,1013,436,340,237,0,0,0,0,0,3907,0.51207,0.569381,0.567041,0.591994,1.097465,2.06887,0.744556,2430,3243,2510,3672,2757,4288,5673,6182,7045,7697,11203,0.693056,2,0,0.0,0.0,0.0,0.0,base,5292000.0,48020.0,343.00686,0.990926,0.792741,8131.431993,8474.438853,8474438.853,1.0,2.0,base,0.5,0.0,0.0,8474.438853,0.0,0.0,0.0,0.0,0.0,8474.438853,8474438.853,0.85,0.1,2.0,0.4418,0.2209,8474.659753,8474659.753,23.31041,23.31041,0.388507,0.388507,8.75,0.174109,0.226878,0.634146,0.988095,0.957895,0,0,2430,3243,2510,3672,2757,4288,5673,6182,7045,7697,11203,137269,13384,0,60222,11478,80381
H0,high_demand_high_stress,101,90,21690,21690,0,1.0,6143305.0,10854.965475,10854965.475,3060.0,867.1,6704.1,223.765475,0.0,360,1080,360,360,360,77,62,12,3,77,5157,0.642291,0.691604,0.8092,0.822831,0.94495,1.789128,0.712519,4077,3883,3883,3890,3853,2104,7960,7773,5957,11813,9877,0.916667,2,0,0.656714,1.271211,46.979509,0.331318,base,6073200.0,0.0,0.0,1.011543,0.809235,10854.965475,10854.965475,10854965.475,1.0,2.0,base,0.5,3.51209,1.756045,10856.72152,3.51209,0.0,0.677108,2.834982,1.756045,10856.72152,10856721.52,0.85,0.1,2.0,51.528762,25.764381,10880.729856,10880729.856,23.992891,23.983176,0.399882,0.39972,10.041667,0.17256,0.187967,0.810345,1.277778,1.421053,0,0,4097,3909,3894,3900,3857,2109,8006,7794,5966,11848,9918,0,0,0,0,0,0
H0,high_demand_high_stress,102,90,21690,21690,0,1.0,6142360.0,11563.112015,11563112.015,3060.0,1158.3,7112.3,232.512015,0.0,360,1080,360,360,360,103,75,13,15,103,5471,0.614997,0.723133,0.769725,0.802027,0.943556,1.737806,0.707222,4063,3880,3881,3899,3862,2105,7943,7780,5967,11806,9884,0.916667,2,0,0.656723,1.345641,46.988253,0.331056,base,6073200.0,0.0,0.0,1.011388,0.80911,11563.112015,11563.112015,11563112.015,1.0,2.0,base,0.5,3.550565,1.775283,11564.887297,3.550565,0.0,0.685273,2.865293,1.775283,11564.887297,11564887.297,0.85,0.1,2.0,51.931389,25.965694,11589.077709,11589077.709,23.984645,23.974823,0.399744,0.39958,10.041667,0.172541,0.187321,0.810345,1.277778,1.421053,0,0,4100,3911,3891,3912,3869,2110,8011,7803,5979,11860,9933,0,0,0,0,0,0
H0,high_demand_high_stress,103,90,21690,21690,0,1.0,6142430.0,12475.525838,12475525.838,3060.0,1550.9,7611.5,253.125838,0.0,360,1080,360,360,360,130,88,37,5,130,5855,0.59008,0.687281,0.724738,0.823172,0.997821,1.916314,0.700611,4072,3877,3878,3892,3869,2102,7949,7770,5971,11819,9871,0.916667,2,0,0.656786,1.475157,46.953162,0.331695,base,6073200.0,0.0,0.0,1.011399,0.809119,12475.525838,12475.525838,12475525.838,1.0,2.0,base,0.5,3.639815,1.819908,12477.345746,3.639815,0.0,0.701093,2.938722,1.819908,12477.345746,12477345.746,0.85,0.1,2.0,52.791107,26.395553,12501.921392,12501921.392,23.983822,23.973753,0.39973,0.399563,10.041667,0.17257,0.187736,0.810345,1.277778,1.421053,0,0,4114,3910,3906,3910,3874,2106,8024,7816,5980,11894,9926,0,0,0,0,0,0
H0,high_demand_high_stress,104,90,21690,21690,0,1.0,6142955.0,11245.816014,11245816.014,3060.0,1028.3,6925.1,232.416014,0.0,360,1080,360,360,360,94,79,8,7,94,5327,0.63095,0.70672,0.775619,0.792164,0.957645,1.907839,0.709722,4072,3881,3880,3897,3863,2097,7953,7777,5960,11815,9875,0.916667,2,0,0.656776,1.385507,46.981592,0.331289,base,6073200.0,0.0,0.0,1.011486,0.809189,11245.816014,11245.816014,11245816.014,1.0,2.0,base,0.5,3.546598,1.773299,11247.589313,3.546598,0.0,0.675748,2.870849,1.773299,11247.589313,11247589.313,0.85,0.1,2.0,51.887887,25.943944,11271.759958,11271759.958,23.98909,23.979279,0.399818,0.399655,10.041667,0.172608,0.187736,0.810345,1.277778,1.410526,0,0,4098,3899,3894,3913,3871,2109,7997,7807,5980,11863,9921,0,0,0,0,0,0
H0,high_demand_high_stress,105,90,21690,21690,0,1.0,6142955.0,11958.406652,11958406.652,3060.0,1331.2,7324.2,243.006652,0.0,360,1080,360,360,360,112,77,31,4,112,5634,0.620984,0.719289,0.721839,0.823416,1.00073,1.848704,0.704352,4066,3881,3891,3898,3860,2094,7947,7789,5954,11817,9873,0.916667,2,0,0.656789,1.38878,46.962481,0.331567,base,6073200.0,0.0,0.0,1.011486,0.809189,11958.406652,11958.406652,11958406.652,1.0,2.0,base,0.5,3.585731,1.792865,11960.199517,3.585731,0.0,0.684482,2.901248,1.792865,11960.199517,11960199.517,0.85,0.1,2.0,52.24731,26.123655,11984.530307,11984530.307,23.988052,23.978132,0.399801,0.399636,10.041667,0.172627,0.18746,0.810345,1.277778,1.421053,0,0,4103,3901,3902,3916,3873,2107,8004,7818,5980,11878,9924,0,0,0,0,0,0
H0,high_demand_high_stress,106,90,21690,21690,0,1.0,6143585.0,10914.613859,10914613.859,3060.0,894.4,6727.5,232.713859,0.0,360,1080,360,360,360,72,41,27,4,72,5175,0.645036,0.713702,0.729562,0.83198,0.994688,1.747836,0.712074,4074,3882,3885,3904,3849,2096,7956,7789,5945,11808,9882,0.916667,2,0,0.656742,1.481097,46.97004,0.331389,base,6073200.0,0.0,0.0,1.011589,0.809272,10914.613859,10914.613859,10914613.859,1.0,2.0,base,0.5,3.516615,1.758307,10916.372166,3.516615,0.0,0.673239,2.843376,1.758307,10916.372166,10916372.166,0.85,0.1,2.0,51.593588,25.796794,10940.410653,10940410.653,23.995435,23.985707,0.399924,0.399762,10.041667,0.172619,0.187828,0.810345,1.277778,1.421053,0,0,4101,3897,3894,3912,3857,2101,7998,7806,5958,11852,9910,0,0,0,0,0,0
H0,high_demand_high_stress,107,90,21690,21690,0,1.0,6143445.0,12039.649106,12039649.106,3060.0,1374.1,7363.2,242.349106,0.0,360,1080,360,360,360,123,95,15,13,123,5664,0.59389,0.662747,0.775604,0.809229,0.972834,1.946739,0.703981,4087,3879,3874,3891,3884,2075,7966,7765,5959,11845,9845,0.916667,2,0,0.65685,1.458124,46.939666,0.331987,base,6073200.0,0.0,0.0,1.011566,0.809253,12039.649106,12039.649106,12039649.106,1.0,2.0,base,0.5,3.66443,1.832215,12041.481321,3.66443,0.0,0.696963,2.967466,1.832215,12041.481321,12041481.321,0.85,0.1,2.0,53.088554,26.544277,12066.193383,12066193.383,23.989902,23.979765,0.399832,0.399663,10.041667,0.172788,0.188428,0.810345,1.277778,1.421053,0,0,4109,3908,3901,3917,3891,2086,8017,7818,5977,11901,9911,0,0,0,0,0,0
H0,high_demand_high_stress,108,90,21690,21690,0,1.0,6141170.0,13370.851362,13370851.362,3060.0,1933.1,8113.3,264.451362,0.0,360,1080,360,360,360,167,115,33,19,167,6241,0.551637,0.650788,0.715144,0.796921,1.054453,2.116225,0.69413,4042,3874,3895,3905,3886,2088,7916,7800,5974,11823,9867,0.916667,2,0,0.656853,1.562946,46.959235,0.331555,base,6073200.0,0.0,0.0,1.011192,0.808953,13370.851362,13370.851362,13370851.362,1.0,2.0,base,0.5,3.715823,1.857912,13372.709273,3.715823,0.0,0.709434,3.00639,1.857912,13372.709273,13372709.273,0.85,0.1,2.0,53.551728,26.775864,13397.627226,13397627.226,23.969441,23.959162,0.399491,0.399319,10.041667,0.172655,0.186353,0.810345,1.277778,1.431579,0,0,4119,3910,3909,3916,3894,2109,8029,7825,6003,11922,9935,0,0,0,0,0,0
H0,high_demand_high_stress,109,90,21690,21690,0,1.0,6142710.0,10745.154479,10745154.479,3060.0,822.9,6639.1,223.154479,0.0,360,1080,360,360,360,77,72,4,1,77,5107,0.650502,0.732531,0.785418,0.828351,0.947255,1.608784,0.713463,4061,3882,3887,3903,3863,2094,7943,7790,5957,11811,9879,0.916667,2,0,0.656816,1.366247,46.972389,0.331408,base,6073200.0,0.0,0.0,1.011445,0.809156,10745.154479,10745.154479,10745154.479,1.0,2.0,base,0.5,3.526952,1.763476,10746.917955,3.526952,0.0,0.662664,2.864288,1.763476,10746.917955,10746917.955,0.85,0.1,2.0,51.646073,25.823036,10770.977515,10770977.515,23.986646,23.976889,0.399777,0.399615,10.041667,0.172623,0.187229,0.810345,1.277778,1.421053,0,0,4090,3893,3900,3910,3871,2103,7983,7810,5974,11861,9906,0,0,0,0,0,0
H0,high_demand_high_stress,110,90,21690,21690,0,1.0,6143515.0,13341.427499,13341427.499,3060.0,1924.0,8091.2,266.227499,0.0,360,1080,360,360,360,161,104,45,12,161,6224,0.556677,0.684046,0.675958,0.829242,1.097465,2.06887,0.694333,4065,3907,3873,3882,3869,2094,7972,7755,5963,11807,9883,0.916667,2,0,0.656739,1.54082,46.967231,0.331453,base,6073200.0,0.0,0.0,1.011578,0.809262,13341.427499,13341.427499,13341427.499,1.0,2.0,base,0.5,3.665105,1.832552,13343.260051,3.665105,0.0,0.717132,2.947972,1.832552,13343.260051,13343260.051,0.85,0.1,2.0,53.041452,26.520726,13367.948225,13367948.225,23.999305,23.989166,0.399988,0.399819,10.041667,0.172626,0.187414,0.810345,1.277778,1.421053,0,0,4115,3929,3902,3908,3882,2114,8044,7810,5996,11899,9951,0,0,0,0,0,0
H_TIME,high_demand_high_stress,101,90,21690,21690,0,1.0,6142745.0,10373.62978,10373629.78,3026.0,716.3,6407.7,223.62978,0.0,356,1068,356,356,356,67,61,3,3,67,4929,0.587618,0.725566,0.744859,0.771505,0.94495,1.789128,0.716463,4073,3880,3891,3880,3860,2106,7953,7771,5966,11824,9866,0.902778,2,0,0.656796,1.49388,46.991956,0.331203,base,6073200.0,0.0,0.0,1.011451,0.809161,10373.62978,10373.62978,10373629.78,1.0,2.0,base,0.5,3.500582,1.750291,10375.380071,3.500582,0.0,0.651996,2.848585,1.750291,10375.380071,10375380.071,0.85,0.1,2.0,51.380186,25.690093,10399.319873,10399319.873,23.985515,23.975831,0.399759,0.399597,10.041667,0.172541,0.187782,0.810345,1.263889,1.421053,0,0,4081,3901,3904,3894,3866,2110,7982,7798,5976,11851,9905,0,0,0,0,0,0
H_TIME,high_demand_high_stress,102,90,21690,21690,0,1.0,6141870.0,11101.34565,11101345.65,3026.0,1024.4,6818.5,232.44565,0.0,356,1068,356,356,356,94,73,5,16,94,5245,0.606499,0.734495,0.701515,0.823827,0.943556,1.737806,0.711111,4072,3868,3898,3874,3867,2111,7940,7772,5978,11837,9853,0.902778,2,0,0.656828,1.559176,46.997016,0.33119,base,6073200.0,0.0,0.0,1.011307,0.809046,11101.34565,11101.34565,11101345.65,1.0,2.0,base,0.5,3.575269,1.787635,11103.133285,3.575269,0.0,0.666944,2.908325,1.787635,11103.133285,11103133.285,0.85,0.1,2.0,52.11963,26.059815,11127.405465,11127405.465,23.974233,23.964343,0.399571,0.399406,10.041667,0.172503,0.187736,0.810345,1.277778,1.421053,0,0,4091,3906,3908,3889,3875,2115,7997,7797,5990,11874,9910,0,0,0,0,0,0
H_TIME,high_demand_high_stress,103,90,21690,21690,0,1.0,6142010.0,12168.41916,12168419.16,3026.0,1467.7,7421.7,253.01916,0.0,356,1068,356,356,356,128,92,23,13,128,5709,0.546458,0.721843,0.642817,0.810571,0.997821,1.916314,0.703185,4064,3884,3890,3870,3875,2107,7948,7760,5982,11829,9861,0.902778,2,0,0.656836,1.650329,46.983546,0.331262,base,6073200.0,0.0,0.0,1.01133,0.809064,12168.41916,12168.41916,12168419.16,1.0,2.0,base,0.5,3.670982,1.835491,12170.254651,3.670982,0.0,0.697263,2.973719,1.835491,12170.254651,12170254.651,0.85,0.1,2.0,53.038125,26.519062,12194.938222,12194938.222,23.979148,23.968993,0.399652,0.399483,10.041667,0.172525,0.187367,0.810345,1.277778,1.421053,0,0,4107,3924,3909,3879,3886,2113,8031,7788,5999,11902,9916,0,0,0,0,0,0
H_TIME,high_demand_high_stress,104,90,21690,21690,0,1.0,6142570.0,11046.728526,11046728.526,3026.0,997.1,6791.2,232.428526,0.0,356,1068,356,356,356,92,79,6,7,92,5224,0.58722,0.727584,0.723501,0.775929,0.957645,1.907839,0.7115,4071,3882,3887,3879,3871,2100,7953,7766,5971,11829,9861,0.902778,2,0,0.656835,1.581108,46.990405,0.331236,base,6073200.0,0.0,0.0,1.011422,0.809138,11046.728526,11046.728526,11046728.526,1.0,2.0,base,0.5,3.574942,1.787471,11048.515997,3.574942,0.0,0.667819,2.907123,1.787471,11048.515997,11048515.997,0.85,0.1,2.0,52.126822,26.063411,11072.791937,11072791.937,23.983787,23.973898,0.39973,0.399565,10.041667,0.172584,0.18769,0.810345,1.277778,1.410526,0,0,4094,3903,3903,3892,3877,2113,7997,7795,5990,11874,9908,0,0,0,0,0,0
H_TIME,high_demand_high_stress,105,90,21690,21690,0,1.0,6142115.0,11549.784394,11549784.394,3026.0,1199.9,7081.1,242.784394,0.0,356,1068,356,356,356,103,70,22,11,103,5447,0.571185,0.72131,0.683088,0.847457,1.00073,1.848704,0.707574,4047,3899,3885,3882,3884,2093,7946,7767,5977,11816,9874,0.902778,2,0,0.656804,1.608831,46.980911,0.331133,base,6073200.0,0.0,0.0,1.011347,0.809078,11549.784394,11549.784394,11549784.394,1.0,2.0,base,0.5,3.568913,1.784456,11551.568851,3.568913,0.0,0.674667,2.894246,1.784456,11551.568851,11551568.851,0.85,0.1,2.0,52.053652,26.026826,11575.81122,11575811.22,23.98291,23.973037,0.399715,0.399551,10.041667,0.172619,0.186584,0.810345,1.277778,1.421053,0,0,4082,3919,3895,3903,3892,2102,8001,7798,5994,11869,9924,0,0,0,0,0,0
H_TIME,high_demand_high_stress,106,90,21690,21690,0,1.0,6143235.0,10419.00538,10419005.38,3026.0,709.8,6450.6,232.60538,0.0,356,1068,356,356,356,60,39,15,6,60,4962,0.578689,0.717782,0.631241,0.789877,0.994688,1.747836,0.715778,4060,3894,3886,3897,3851,2102,7954,7783,5953,11797,9893,0.902778,2,0,0.656712,1.578597,47.01177,0.330674,base,6073200.0,0.0,0.0,1.011532,0.809225,10419.00538,10419.00538,10419005.38,1.0,2.0,base,0.5,3.464713,1.732356,10420.737736,3.464713,0.0,0.661895,2.802818,1.732356,10420.737736,10420737.736,0.85,0.1,2.0,51.092074,25.546037,10444.551417,10444551.417,23.994958,23.985373,0.399916,0.399756,10.041667,0.172562,0.187183,0.810345,1.263889,1.421053,0,0,4080,3908,3892,3904,3860,2106,7988,7796,5966,11832,9918,0,0,0,0,0,0
H_TIME,high_demand_high_stress,107,90,21690,21690,0,1.0,6142360.0,11869.256618,11869256.618,3026.0,1350.7,7250.1,242.456618,0.0,356,1068,356,356,356,122,98,13,11,122,5577,0.564705,0.71069,0.700754,0.789517,0.972834,1.946739,0.7055,4075,3878,3880,3880,3881,2096,7953,7760,5977,11836,9854,0.902778,2,0,0.656852,1.6457,46.977169,0.331452,base,6073200.0,0.0,0.0,1.011388,0.80911,11869.256618,11869.256618,11869256.618,1.0,2.0,base,0.5,3.624419,1.812209,11871.068828,3.624419,0.0,0.679209,2.94521,1.812209,11871.068828,11871068.828,0.85,0.1,2.0,52.599085,26.299542,11895.556161,11895556.161,23.980973,23.970947,0.399683,0.399516,10.041667,0.172617,0.187875,0.810345,1.277778,1.421053,0,0,4094,3911,3901,3904,3895,2107,8005,7805,6002,11890,9922,0,0,0,0,0,0
H_TIME,high_demand_high_stress,108,90,21690,21690,0,1.0,6141135.0,12889.683786,12889683.786,3026.0,1773.2,7826.0,264.483786,0.0,356,1068,356,356,356,158,115,19,24,158,6020,0.57445,0.659166,0.696427,0.827682,1.054453,2.116225,0.698,4051,3872,3897,3888,3885,2097,7923,7785,5982,11833,9857,0.902778,2,0,0.65692,1.693724,46.968922,0.331437,base,6073200.0,0.0,0.0,1.011186,0.808949,12889.683786,12889.683786,12889683.786,1.0,2.0,base,0.5,3.744943,1.872471,12891.556257,3.744943,0.0,0.702808,3.042135,1.872471,12891.556257,12891556.257,0.85,0.1,2.0,53.771942,26.885971,12916.569757,12916569.757,23.96813,23.95777,0.399469,0.399296,10.041667,0.172592,0.186768,0.827586,1.277778,1.431579,0,0,4116,3908,3909,3903,3904,2108,8024,7812,6012,11929,9919,0,0,0,0,0,0
H_TIME,high_demand_high_stress,109,90,21690,21690,0,1.0,6142045.0,10521.164387,10521164.387,3026.0,770.9,6501.3,222.964387,0.0,356,1068,356,356,356,72,67,4,1,72,5001,0.627227,0.661482,0.801674,0.83278,0.947255,1.608784,0.715278,4055,3887,3880,3893,3878,2097,7942,7773,5975,11813,9877,0.902778,2,0,0.656802,1.466704,47.005652,0.33082,base,6073200.0,0.0,0.0,1.011336,0.809069,10521.164387,10521.164387,10521164.387,1.0,2.0,base,0.5,3.496902,1.748451,10522.912838,3.496902,0.0,0.651704,2.845199,1.748451,10522.912838,10522912.838,0.85,0.1,2.0,51.364813,25.682406,10546.846794,10546846.794,23.981365,23.971692,0.399689,0.399528,10.041667,0.172594,0.186953,0.810345,1.263889,1.410526,0,0,4075,3904,3891,3905,3882,2105,7979,7796,5987,11848,9914,0,0,0,0,0,0
H_TIME,high_demand_high_stress,110,90,21690,21690,0,1.0,6144705.0,13052.85553,13052855.53,3026.0,1860.3,7900.1,266.45553,0.0,356,1068,356,356,356,158,102,37,19,158,6077,0.54912,0.678072,0.661286,0.792163,1.097465,2.06887,0.696852,4074,3920,3879,3866,3851,2100,7994,7745,5951,11804,9886,0.902778,2,0,0.656743,1.731038,46.973543,0.33139,base,6073200.0,0.0,0.0,1.011774,0.809419,13052.85553,13052.85553,13052855.53,1.0,2.0,base,0.5,3.688002,1.844001,13054.699531,3.688002,0.0,0.721461,2.966541,1.844001,13054.699531,13054699.531,0.85,0.1,2.0,53.271323,26.635662,13079.491192,13079491.192,24.012464,24.002262,0.400208,0.400038,10.041667,0.172591,0.187828,0.810345,1.277778,1.431579,0,0,4113,3936,3909,3895,3880,2114,8049,7804,5994,11902,9945,0,0,0,0,0,0
H1,high_demand_high_stress,101,90,21690,21690,0,1.0,5607280.0,6833.489784,6833489.784,2342.5,0.0,4295.2,195.789784,0.0,835,844,324,263,257,0,0,0,0,0,3304,0.471422,0.496349,0.53874,0.56807,0.94495,1.789128,0.754241,8,0,4964,3398,5940,7380,8,8362,13320,10912,10778,0.571991,2,0,0.674174,1.694947,39.961088,0.445446,base,6073200.0,465920.0,3328.06656,0.923283,0.738626,6833.489784,10161.556344,10161556.344,1.0,2.0,base,0.5,990.5599,495.27995,10656.836294,990.5599,559.629193,276.407337,154.52337,495.27995,10656.836294,10656836.294,0.85,0.1,2.0,6400.334457,3200.167228,13361.723572,13361723.572,21.433854,18.693716,0.357231,0.311562,10.041667,0.267689,0.340249,3.651515,2.869048,2.536842,15363,0,8,0,0,0,21071,611,8,0,21682,21079,611,0,0,0,0,0,0
H1,high_demand_high_stress,102,90,21690,21690,0,1.0,5607280.0,6983.24002,6983240.02,2384.5,0.0,4399.2,199.54002,0.0,854,865,333,259,273,0,0,0,0,0,3384,0.473109,0.482079,0.560996,0.565271,0.943556,1.737806,0.753148,8,0,4763,3599,5940,7380,8,8362,13320,10711,10979,0.585648,2,0,0.67343,1.697194,40.118073,0.441472,base,6073200.0,465920.0,3328.06656,0.923283,0.738626,6983.24002,10311.30658,10311306.58,1.0,2.0,base,0.5,962.123401,481.0617,10792.36828,962.123401,538.104676,276.407337,147.611389,481.0617,10792.36828,10792368.28,0.85,0.1,2.0,6225.822275,3112.911138,13424.217717,13424217.717,21.391406,18.72993,0.356523,0.312166,10.041667,0.266522,0.340249,3.651515,2.869048,2.536842,15196,0,8,0,0,0,20837,845,8,0,21682,20845,845,0,0,0,0,0,0
H1,high_demand_high_stress,103,90,21690,21690,0,1.0,5607350.0,7465.467847,7465467.847,2570.0,0.0,4683.9,211.567847,0.0,898,921,374,303,244,0,0,0,0,0,3603,0.451407,0.479963,0.545868,0.561683,0.997821,1.916314,0.74987,10,0,4968,3392,5940,7380,10,8360,13320,10918,10772,0.62662,2,0,0.674194,1.732798,39.896081,0.446455,base,6073200.0,465850.0,3327.56655,0.923294,0.738635,7465.467847,10793.034397,10793034.397,1.0,2.0,base,0.5,1021.999112,510.999556,11304.033953,1021.999112,583.551657,276.303158,162.144297,510.999556,11304.033953,11304033.953,0.85,0.1,2.0,6593.9168,3296.9584,14089.992797,14089992.797,21.520545,18.693438,0.358676,0.311557,10.041667,0.267687,0.340249,3.651515,2.869048,2.536842,15526,0,10,0,0,0,21341,339,10,0,21680,21351,339,0,0,0,0,0,0
H1,high_demand_high_stress,104,90,21690,21690,0,1.0,5607490.0,7063.941466,7063941.466,2416.5,10.4,4435.6,201.441466,0.0,855,870,342,275,253,1,1,0,0,1,3412,0.465916,0.529083,0.54598,0.520361,0.957645,1.907839,0.75263,14,0,4888,3468,5940,7380,14,8356,13320,10842,10848,0.590046,2,0,0.673908,1.705972,39.980499,0.444556,base,6073200.0,465710.0,3326.56653,0.923317,0.738654,7063.941466,10390.507996,10390507.996,1.0,2.0,base,0.5,994.090549,497.045275,10887.553271,994.090549,562.6324,276.113112,155.345038,497.045275,10887.553271,10887553.271,0.85,0.1,2.0,6423.353065,3211.676533,13602.184528,13602184.528,21.458642,18.708738,0.357644,0.311812,10.041667,0.267119,0.340249,3.651515,2.880952,2.536842,15375,0,14,0,0,0,21132,545,14,0,21677,21146,545,0,0,0,0,0,0
H1,high_demand_high_stress,105,90,21690,21690,0,1.0,5607490.0,7394.363436,7394363.436,2542.5,10.4,4633.2,208.263436,0.0,887,900,354,313,233,1,1,0,0,1,3564,0.474025,0.502012,0.560025,0.537395,1.00073,1.848704,0.750407,14,0,4980,3376,5940,7380,14,8356,13320,10934,10756,0.617824,2,0,0.674246,1.71786,39.848693,0.447264,base,6073200.0,465710.0,3326.56653,0.923317,0.738654,7394.363436,10720.929966,10720929.966,1.0,2.0,base,0.5,1001.116487,500.558244,11221.48821,1001.116487,567.884324,276.162089,157.070074,500.558244,11221.48821,11221488.21,0.85,0.1,2.0,6466.331879,3233.16594,13954.095906,13954095.906,21.461502,18.692162,0.357692,0.311536,10.041667,0.26771,0.340249,3.651515,2.880952,2.536842,15420,0,14,0,0,0,21185,492,14,0,21677,21199,492,0,0,0,0,0,0
H1,high_demand_high_stress,106,90,21690,21690,0,1.0,5607455.0,7406.585132,7406585.132,2551.5,0.0,4646.2,208.885132,0.0,898,908,361,308,239,0,0,0,0,0,3574,0.475821,0.53006,0.546953,0.55567,0.994688,1.747836,0.750407,13,0,4945,3412,5940,7380,13,8357,13320,10898,10792,0.619907,2,0,0.674115,1.724523,39.888197,0.446404,base,6073200.0,465745.0,3326.816535,0.923311,0.738649,7406.585132,10733.401667,10733401.667,1.0,2.0,base,0.5,1020.644539,510.32227,11243.723937,1020.644539,582.596721,276.152105,161.895714,510.32227,11243.723937,11243723.937,0.85,0.1,2.0,6585.234182,3292.617091,14026.018758,14026018.758,21.521606,18.698247,0.358693,0.311637,10.041667,0.267491,0.340249,3.651515,2.869048,2.536842,15488,0,13,0,0,0,21321,356,13,0,21677,21334,356,0,0,0,0,0,0
H1,high_demand_high_stress,107,90,21690,21690,0,1.0,5607280.0,7020.828371,7020828.371,2404.0,0.0,4414.8,202.028371,0.0,875,885,394,259,232,0,0,0,0,0,3396,0.469282,0.511423,0.539245,0.541596,0.972834,1.946739,0.753278,8,0,4961,3401,5940,7380,8,8362,13320,10909,10781,0.584028,2,0,0.674163,1.703125,39.854541,0.447044,base,6073200.0,465920.0,3328.06656,0.923283,0.738626,7020.828371,10348.894931,10348894.931,1.0,2.0,base,0.5,1010.622786,505.311393,10854.206324,1010.622786,574.935564,276.407337,159.279886,505.311393,10854.206324,10854206.324,0.85,0.1,2.0,6524.494023,3262.247012,13611.141943,13611141.943,21.489893,18.694256,0.358165,0.311571,10.041667,0.267669,0.340249,3.651515,2.869048,2.536842,15453,0,8,0,0,0,21257,425,8,0,21682,21265,425,0,0,0,0,0,0
H1,high_demand_high_stress,108,90,21690,21690,0,1.0,5607420.0,7704.290906,7704290.906,2640.5,0.0,4843.8,219.990906,0.0,940,968,411,284,273,0,0,0,0,0,3726,0.448312,0.49565,0.523772,0.550203,1.054453,2.116225,0.74837,12,0,4731,3627,5940,7380,12,8358,13320,10683,11007,0.64537,2,0,0.673321,1.754927,40.179115,0.44027,base,6073200.0,465780.0,3327.06654,0.923306,0.738645,7704.290906,11031.357446,11031357.446,1.0,2.0,base,0.5,988.11343,494.056715,11525.414161,988.11343,557.988361,276.201767,153.923302,494.056715,11525.414161,11525414.161,0.85,0.1,2.0,6386.058226,3193.029113,14224.386559,14224386.559,21.469952,18.736582,0.357833,0.312276,10.041667,0.266307,0.340249,3.651515,2.869048,2.536842,15338,0,12,0,0,0,21068,610,12,0,21678,21080,610,0,0,0,0,0,0
H1,high_demand_high_stress,109,90,21690,21690,0,1.0,5607455.0,6855.304316,6855304.316,2343.0,0.0,4314.7,197.604316,0.0,843,860,361,249,250,0,0,0,0,0,3319,0.458662,0.48489,0.5649,0.531438,0.947255,1.608784,0.754111,13,0,4962,3395,5940,7380,13,8357,13320,10915,10775,0.573611,2,0,0.674178,1.702704,39.928585,0.445929,base,6073200.0,465745.0,3326.816535,0.923311,0.738649,6855.304316,10182.120851,10182120.851,1.0,2.0,base,0.5,1009.208168,504.604084,10686.724935,1009.208168,574.012485,276.152105,159.043579,504.604084,10686.724935,10686724.935,0.85,0.1,2.0,6515.531069,3257.765535,13439.886385,13439886.385,21.486907,18.695184,0.358115,0.311586,10.041667,0.267603,0.340249,3.651515,2.869048,2.536842,15465,0,13,0,0,0,21238,439,13,0,21677,21251,439,0,0,0,0,0,0
H1,high_demand_high_stress,110,90,21690,21690,0,1.0,5607455.0,8213.559206,8213559.206,2805.5,52.0,5123.3,232.759206,0.0,855,1003,403,333,267,5,5,0,0,5,3941,0.388256,0.420714,0.511072,0.485028,1.097465,2.06887,0.742907,13,0,4673,3684,5940,7380,13,8357,13320,10626,11064,0.703241,2,0,0.673118,1.861598,40.172805,0.439918,base,6073200.0,465745.0,3326.816535,0.923311,0.738649,8213.559206,11540.375741,11540375.741,1.0,2.0,base,0.5,1002.830085,501.415043,12041.790784,1002.830085,569.034474,276.338842,157.45677,501.415043,12041.790784,12041790.784,0.85,0.1,2.0,6476.601471,3238.300735,14778.676477,14778676.477,21.521333,18.747253,0.358689,0.312454,10.041667,0.266033,0.340249,3.666667,2.880952,2.547368,15439,0,13,0,0,0,21195,487,13,0,21682,21208,487,0,0,0,0,0,0
H2,high_demand_high_stress,101,90,21690,21690,0,1.0,5608085.0,6844.102082,6844102.082,2346.0,0.0,4301.7,196.402082,0.0,833,845,325,264,256,0,0,0,0,0,3309,0.448985,0.493585,0.553123,0.524043,0.94495,1.789128,0.75413,31,0,5580,2759,5940,7380,31,8339,13320,11551,10139,0.57338,2,0,0.676508,1.743898,39.091886,0.463476,base,6073200.0,465115.0,3322.316445,0.923415,0.738732,6844.102082,10166.418527,10166418.527,1.0,2.0,base,0.5,1071.500188,535.750094,10702.168621,1071.500188,620.454545,276.852679,174.192964,535.750094,10702.168621,10702168.621,0.85,0.1,2.0,6895.384004,3447.692002,13614.110529,13614110.529,21.551865,18.587825,0.359198,0.309797,10.041667,0.273134,0.340249,3.651515,2.869048,2.536842,15750,0,0,0,0,0,21690,0,0,0,21690,21690,0,0,0,0,0,0,0
H2,high_demand_high_stress,102,90,21690,21690,0,1.0,5608120.0,6889.931855,6889931.855,2356.5,0.0,4335.5,197.931855,0.0,839,855,330,256,269,0,0,0,0,0,3335,0.451951,0.491066,0.554992,0.533999,0.943556,1.737806,0.753741,32,0,5580,2758,5940,7380,32,8338,13320,11552,10138,0.578241,2,0,0.67651,1.744418,39.095159,0.463417,base,6073200.0,465080.0,3322.06644,0.923421,0.738737,6889.931855,10211.998295,10211998.295,1.0,2.0,base,0.5,1071.500188,535.750094,10747.748389,1071.500188,620.454545,276.852679,174.192964,535.750094,10747.748389,10747748.389,0.85,0.1,2.0,6895.384004,3447.692002,13659.690297,13659690.297,21.552086,18.588047,0.359201,0.309801,10.041667,0.273122,0.340249,3.651515,2.869048,2.536842,15750,0,0,0,0,0,21690,0,0,0,21690,21690,0,0,0,0,0,0,0
H2,high_demand_high_stress,103,90,21690,21690,0,1.0,5608085.0,7454.46542,7454465.42,2565.0,0.0,4677.4,212.06542,0.0,900,921,378,301,242,0,0,0,0,0,3598,0.464357,0.519895,0.517653,0.519522,0.997821,1.916314,0.75,31,0,5580,2759,5940,7380,31,8339,13320,11551,10139,0.625,2,0,0.676508,1.781698,39.091886,0.463476,base,6073200.0,465115.0,3322.316445,0.923415,0.738732,7454.46542,10776.781865,10776781.865,1.0,2.0,base,0.5,1071.500188,535.750094,11312.531959,1071.500188,620.454545,276.852679,174.192964,535.750094,11312.531959,11312531.959,0.85,0.1,2.0,6895.384004,3447.692002,14224.473867,14224473.867,21.551865,18.587825,0.359198,0.309797,10.041667,0.273134,0.340249,3.651515,2.869048,2.536842,15750,0,0,0,0,0,21690,0,0,0,21690,21690,0,0,0,0,0,0,0
H2,high_demand_high_stress,104,90,21690,21690,0,1.0,5608085.0,6980.725918,6980725.918,2393.0,0.0,4387.5,200.225918,0.0,856,864,341,269,254,0,0,0,0,0,3375,0.446934,0.498038,0.533825,0.529806,0.957645,1.907839,0.753315,31,0,5580,2759,5940,7380,31,8339,13320,11551,10139,0.583565,2,0,0.676508,1.753476,39.091886,0.463476,base,6073200.0,465115.0,3322.316445,0.923415,0.738732,6980.725918,10303.042363,10303042.363,1.0,2.0,base,0.5,1071.500188,535.750094,10838.792457,1071.500188,620.454545,276.852679,174.192964,535.750094,10838.792457,10838792.457,0.85,0.1,2.0,6895.384004,3447.692002,13750.734365,13750734.365,21.551865,18.587825,0.359198,0.309797,10.041667,0.273134,0.340249,3.651515,2.869048,2.536842,15750,0,0,0,0,0,21690,0,0,0,21690,21690,0,0,0,0,0,0,0
H2,high_demand_high_stress,105,90,21690,21690,0,1.0,5608120.0,7341.057629,7341057.629,2527.5,10.4,4595.5,207.657629,0.0,869,892,344,313,235,1,1,0,0,1,3535,0.448062,0.475889,0.530168,0.550694,1.00073,1.848704,0.750611,32,0,5580,2758,5940,7380,32,8338,13320,11552,10138,0.615278,2,0,0.676508,1.767877,39.093679,0.463447,base,6073200.0,465080.0,3322.06644,0.923421,0.738737,7341.057629,10663.124069,10663124.069,1.0,2.0,base,0.5,1071.716339,535.85817,11198.982239,1071.716339,620.571824,276.911645,174.23287,535.85817,11198.982239,11198982.239,0.85,0.1,2.0,6896.69179,3448.345895,14111.469964,14111469.964,21.552684,18.588047,0.359211,0.309801,10.041667,0.273122,0.340249,3.666667,2.880952,2.547368,15751,0,0,0,0,0,21691,0,0,0,21691,21691,0,0,0,0,0,0,0
H2,high_demand_high_stress,106,90,21690,21690,0,1.0,5608085.0,7411.610313,7411610.313,2558.0,0.0,4643.6,210.010313,0.0,895,908,360,312,236,0,0,0,0,0,3572,0.453166,0.474181,0.559931,0.520253,0.994688,1.747836,0.750389,31,0,5580,2759,5940,7380,31,8339,13320,11551,10139,0.620139,2,0,0.676508,1.779351,39.091886,0.463476,base,6073200.0,465115.0,3322.316445,0.923415,0.738732,7411.610313,10733.926758,10733926.758,1.0,2.0,base,0.5,1071.500188,535.750094,11269.676852,1071.500188,620.454545,276.852679,174.192964,535.750094,11269.676852,11269676.852,0.85,0.1,2.0,6895.384004,3447.692002,14181.61876,14181618.76,21.551865,18.587825,0.359198,0.309797,10.041667,0.273134,0.340249,3.651515,2.869048,2.536842,15750,0,0,0,0,0,21690,0,0,0,21690,21690,0,0,0,0,0,0,0
H2,high_demand_high_stress,107,90,21690,21690,0,1.0,5608085.0,6947.174532,6947174.532,2382.0,0.0,4364.1,201.074532,0.0,866,874,389,261,224,0,0,0,0,0,3357,0.44351,0.479649,0.530495,0.504997,0.972834,1.946739,0.753833,31,0,5580,2759,5940,7380,31,8339,13320,11551,10139,0.577083,2,0,0.676508,1.75339,39.094652,0.463431,base,6073200.0,465115.0,3322.316445,0.923415,0.738732,6947.174532,10269.490977,10269490.977,1.0,2.0,base,0.5,1071.500188,535.750094,10805.241071,1071.500188,620.454545,276.852679,174.192964,535.750094,10805.241071,10805241.071,0.85,0.1,2.0,6895.384004,3447.692002,13717.182979,13717182.979,21.551865,18.587825,0.359198,0.309797,10.041667,0.273134,0.340249,3.651515,2.869048,2.536842,15750,0,0,0,0,0,21690,0,0,0,21690,21690,0,0,0,0,0,0,0
H2,high_demand_high_stress,108,90,21690,21690,0,1.0,5608050.0,7720.661944,7720661.944,2636.0,10.4,4854.2,220.061944,0.0,934,966,413,285,268,1,1,0,0,1,3734,0.445476,0.516167,0.52775,0.512398,1.054453,2.116225,0.74813,30,0,5580,2760,5940,7380,30,8340,13320,11550,10140,0.646296,2,0,0.676504,1.801805,39.095708,0.463428,base,6073200.0,465150.0,3322.56645,0.923409,0.738728,7720.661944,11043.228394,11043228.394,1.0,2.0,base,0.5,1071.717334,535.858667,11579.087061,1071.717334,620.572819,276.911645,174.23287,535.858667,11579.087061,11579087.061,0.85,0.1,2.0,6896.702255,3448.351128,14491.579522,14491579.522,21.552244,18.587604,0.359204,0.309793,10.041667,0.273145,0.340249,3.666667,2.880952,2.547368,15751,0,0,0,0,0,21691,0,0,0,21691,21691,0,0,0,0,0,0,0
H2,high_demand_high_stress,109,90,21690,21690,0,1.0,5608085.0,6897.619014,6897619.014,2353.5,0.0,4344.6,199.519014,0.0,858,866,364,247,255,0,0,0,0,0,3342,0.450917,0.486252,0.517883,0.538344,0.947255,1.608784,0.753963,31,0,5580,2759,5940,7380,31,8339,13320,11551,10139,0.575463,2,0,0.676508,1.751946,39.091886,0.463476,base,6073200.0,465115.0,3322.316445,0.923415,0.738732,6897.619014,10219.935459,10219935.459,1.0,2.0,base,0.5,1071.500188,535.750094,10755.685553,1071.500188,620.454545,276.852679,174.192964,535.750094,10755.685553,10755685.553,0.85,0.1,2.0,6895.384004,3447.692002,13667.627461,13667627.461,21.551865,18.587825,0.359198,0.309797,10.041667,0.273134,0.340249,3.651515,2.869048,2.536842,15750,0,0,0,0,0,21690,0,0,0,21690,21690,0,0,0,0,0,0,0
H2,high_demand_high_stress,110,90,21690,21690,0,1.0,5608050.0,8191.914066,8191914.066,2792.5,52.0,5115.5,231.914066,0.0,870,999,400,330,269,5,5,0,0,5,3935,0.403463,0.443531,0.490416,0.494898,1.097465,2.06887,0.743296,30,0,5580,2760,5940,7380,30,8340,13320,11550,10140,0.69838,2,0,0.676504,1.898176,39.093985,0.463447,base,6073200.0,465150.0,3322.56645,0.923409,0.738728,8191.914066,11514.480516,11514480.516,1.0,2.0,base,0.5,1072.157919,536.078959,12050.559476,1072.157919,620.798493,277.036442,174.322984,536.078959,12050.559476,12050559.476,0.85,0.1,2.0,6899.245598,3449.622799,14964.103316,14964103.316,21.553463,18.587604,0.359224,0.309793,10.041667,0.273145,0.340249,3.666667,2.880952,2.547368,15755,0,0,0,0,0,21695,0,0,0,21695,21695,0,0,0,0,0,0,0
H3,high_demand_high_stress,101,90,21690,21690,0,1.0,5874750.0,7592.16826,7592168.26,2601.5,0.0,4782.7,207.96826,0.0,916,956,408,277,271,0,0,0,0,0,3679,0.67712,0.724558,0.715798,0.72992,0.94495,1.789128,0.748796,5220,0,5580,0,5940,4950,5220,5580,10890,16740,4950,0.640046,2,0,0.686426,1.796664,36.929461,0.514887,base,6073200.0,198450.0,1417.52835,0.967324,0.773859,7592.16826,9009.69661,9009696.61,1.0,2.0,base,0.5,1071.500188,535.750094,9545.446704,1071.500188,620.454545,276.852679,174.192964,535.750094,9545.446704,9545446.704,0.85,0.1,2.0,6895.384004,3447.692002,12457.388612,12457388.612,23.388039,20.423999,0.389801,0.3404,10.041667,0.251184,0.273859,3.651515,2.869048,2.536842,15750,0,0,0,0,0,21690,0,0,0,21690,21690,0,0,0,0,0,0,0
H3,high_demand_high_stress,102,90,21690,21690,0,1.0,5874750.0,7887.551207,7887551.207,2714.5,0.0,4958.2,214.851207,0.0,916,982,399,306,277,0,0,0,0,0,3814,0.677283,0.735562,0.713783,0.707574,0.943556,1.737806,0.746296,5220,0,5580,0,5940,4950,5220,5580,10890,16740,4950,0.671296,2,0,0.686426,1.815494,36.929461,0.514887,base,6073200.0,198450.0,1417.52835,0.967324,0.773859,7887.551207,9305.079557,9305079.557,1.0,2.0,base,0.5,1071.500188,535.750094,9840.829651,1071.500188,620.454545,276.852679,174.192964,535.750094,9840.829651,9840829.651,0.85,0.1,2.0,6895.384004,3447.692002,12752.771559,12752771.559,23.388039,20.423999,0.389801,0.3404,10.041667,0.251184,0.273859,3.651515,2.869048,2.536842,15750,0,0,0,0,0,21690,0,0,0,21690,21690,0,0,0,0,0,0,0
H3,high_demand_high_stress,103,90,21690,21690,0,1.0,5874750.0,8624.447778,8624447.778,2957.5,58.5,5374.2,234.247778,0.0,737,1057,438,356,263,5,3,1,1,5,4134,0.629547,0.708153,0.669476,0.668719,0.997821,1.916314,0.737148,5220,0,5580,0,5940,4950,5220,5580,10890,16740,4950,0.773148,2,0,0.686422,2.004187,36.929569,0.51491,base,6073200.0,198450.0,1417.52835,0.967324,0.773859,8624.447778,10041.976128,10041976.128,1.0,2.0,base,0.5,1072.192746,536.096373,10578.072501,1072.192746,620.819188,277.045137,174.328421,536.096373,10578.072501,10578072.501,0.85,0.1,2.0,6899.476271,3449.738136,13491.714263,13491714.263,23.389954,20.423999,0.389833,0.3404,10.041667,0.251184,0.273859,3.666667,2.880952,2.547368,15754,0,0,0,0,0,21695,0,0,0,21695,21695,0,0,0,0,0,0,0
H3,high_demand_high_stress,104,90,21690,21690,0,1.0,5874750.0,7882.893823,7882893.823,2712.5,0.0,4954.3,216.093823,0.0,917,996,428,291,277,0,0,0,0,0,3811,0.667009,0.741491,0.72023,0.709528,0.957645,1.907839,0.74637,5220,0,5580,0,5940,4950,5220,5580,10890,16740,4950,0.67037,2,0,0.686426,1.811869,36.929461,0.514887,base,6073200.0,198450.0,1417.52835,0.967324,0.773859,7882.893823,9300.422173,9300422.173,1.0,2.0,base,0.5,1071.500188,535.750094,9836.172267,1071.500188,620.454545,276.852679,174.192964,535.750094,9836.172267,9836172.267,0.85,0.1,2.0,6895.384004,3447.692002,12748.114175,12748114.175,23.388039,20.423999,0.389801,0.3404,10.041667,0.251184,0.273859,3.651515,2.869048,2.536842,15750,0,0,0,0,0,21690,0,0,0,21690,21690,0,0,0,0,0,0,0
H3,high_demand_high_stress,105,90,21690,21690,0,1.0,5874750.0,8308.668402,8308668.402,2880.0,0.0,5202.6,226.068402,0.0,908,1036,428,336,272,0,0,0,0,0,4002,0.669594,0.719425,0.711324,0.72482,1.00073,1.848704,0.742667,5220,0,5580,0,5940,4950,5220,5580,10890,16740,4950,0.716667,2,0,0.686426,1.863988,36.929461,0.514887,base,6073200.0,198450.0,1417.52835,0.967324,0.773859,8308.668402,9726.196752,9726196.752,1.0,2.0,base,0.5,1071.500188,535.750094,10261.946846,1071.500188,620.454545,276.852679,174.192964,535.750094,10261.946846,10261946.846,0.85,0.1,2.0,6895.384004,3447.692002,13173.888754,13173888.754,23.388039,20.423999,0.389801,0.3404,10.041667,0.251184,0.273859,3.651515,2.869048,2.536842,15750,0,0,0,0,0,21690,0,0,0,21690,21690,0,0,0,0,0,0,0
H3,high_demand_high_stress,106,90,21690,21690,0,1.0,5874750.0,8034.018024,8034018.024,2782.5,0.0,5034.9,216.618024,0.0,893,979,368,346,265,0,0,0,0,0,3873,0.679754,0.724549,0.7039,0.722474,0.994688,1.747836,0.744778,5220,0,5580,0,5940,4950,5220,5580,10890,16740,4950,0.690278,2,0,0.686426,1.834018,36.929461,0.514887,base,6073200.0,198450.0,1417.52835,0.967324,0.773859,8034.018024,9451.546374,9451546.374,1.0,2.0,base,0.5,1071.500188,535.750094,9987.296468,1071.500188,620.454545,276.852679,174.192964,535.750094,9987.296468,9987296.468,0.85,0.1,2.0,6895.384004,3447.692002,12899.238376,12899238.376,23.388039,20.423999,0.389801,0.3404,10.041667,0.251184,0.273859,3.651515,2.869048,2.536842,15750,0,0,0,0,0,21690,0,0,0,21690,21690,0,0,0,0,0,0,0
H3,high_demand_high_stress,107,90,21690,21690,0,1.0,5874750.0,8206.900539,8206900.539,2832.5,0.0,5149.3,225.100539,0.0,951,1044,473,306,265,0,0,0,0,0,3961,0.669603,0.71496,0.719409,0.729286,0.972834,1.946739,0.744222,5220,0,5580,0,5940,4950,5220,5580,10890,16740,4950,0.697222,2,0,0.686426,1.840058,36.929461,0.514887,base,6073200.0,198450.0,1417.52835,0.967324,0.773859,8206.900539,9624.428889,9624428.889,1.0,2.0,base,0.5,1071.500188,535.750094,10160.178983,1071.500188,620.454545,276.852679,174.192964,535.750094,10160.178983,10160178.983,0.85,0.1,2.0,6895.384004,3447.692002,13072.120891,13072120.891,23.388039,20.423999,0.389801,0.3404,10.041667,0.251184,0.273859,3.651515,2.869048,2.536842,15750,0,0,0,0,0,21690,0,0,0,21690,21690,0,0,0,0,0,0,0
H3,high_demand_high_stress,108,90,21690,21690,0,1.0,5874750.0,8977.502912,8977502.912,2969.0,191.1,5574.4,243.002912,0.0,706,1082,456,328,298,18,15,0,3,18,4288,0.618396,0.667644,0.648889,0.656917,1.054453,2.116225,0.733963,5220,0,5580,0,5940,4950,5220,5580,10890,16740,4950,0.78588,2,0,0.686427,2.050115,36.92717,0.514941,base,6073200.0,198450.0,1417.52835,0.967324,0.773859,8977.502912,10395.031262,10395031.262,1.0,2.0,base,0.5,1074.434035,537.217018,10932.248279,1074.434035,622.027862,277.658329,174.747845,537.217018,10932.248279,10932248.279,0.85,0.1,2.0,6912.983742,3456.491871,13851.523133,13851523.133,23.396154,20.423999,0.389936,0.3404,10.041667,0.251184,0.273859,3.681818,2.892857,2.557895,15763,0,0,0,0,0,21708,0,0,0,21708,21708,0,0,0,0,0,0,0
H3,high_demand_high_stress,109,90,21690,21690,0,1.0,5874750.0,7537.712769,7537712.769,2588.5,0.0,4742.4,206.812769,0.0,897,955,423,275,257,0,0,0,0,0,3648,0.694572,0.73436,0.703418,0.762292,0.947255,1.608784,0.749019,5220,0,5580,0,5940,4950,5220,5580,10890,16740,4950,0.637269,2,0,0.686426,1.792886,36.929461,0.514887,base,6073200.0,198450.0,1417.52835,0.967324,0.773859,7537.712769,8955.241119,8955241.119,1.0,2.0,base,0.5,1071.500188,535.750094,9490.991213,1071.500188,620.454545,276.852679,174.192964,535.750094,9490.991213,9490991.213,0.85,0.1,2.0,6895.384004,3447.692002,12402.933121,12402933.121,23.388039,20.423999,0.389801,0.3404,10.041667,0.251184,0.273859,3.651515,2.869048,2.536842,15750,0,0,0,0,0,21690,0,0,0,21690,21690,0,0,0,0,0,0,0
H3,high_demand_high_stress,110,90,21690,21690,0,1.0,5874750.0,9558.114074,9558114.074,2992.5,425.1,5891.6,248.914074,0.0,686,1073,451,357,265,35,15,9,11,35,4532,0.602984,0.636005,0.669238,0.66174,1.097465,2.06887,0.72937,5220,0,5580,0,5940,4950,5220,5580,10890,16740,4950,0.792593,2,0,0.6864,2.040585,36.940066,0.514736,base,6073200.0,198450.0,1417.52835,0.967324,0.773859,9558.114074,10975.642424,10975642.424,1.0,2.0,base,0.5,1076.267426,538.133713,11513.776137,1076.267426,622.988736,278.169855,175.108835,538.133713,11513.776137,11513776.137,0.85,0.1,2.0,6923.76828,3461.88414,14437.526564,14437526.564,23.401226,20.423999,0.39002,0.3404,10.041667,0.251184,0.273859,3.69697,2.904762,2.568421,15778,0,0,0,0,0,21724,0,0,0,21724,21724,0,0,0,0,0,0,0
H4,high_demand_high_stress,101,90,21690,21690,0,1.0,6035400.0,7964.434739,7964434.739,2743.0,0.0,5003.7,217.734739,0.0,929,1007,440,297,270,0,0,0,0,0,3849,0.681657,0.734289,0.711103,0.756306,0.94495,1.789128,0.745889,2970,3870,2970,3960,2970,4950,6840,6930,7920,8910,12780,0.676389,2,0,0.648618,1.879966,49.60166,0.281989,base,6073200.0,37800.0,270.0054,0.993776,0.795021,7964.434739,8234.440139,8234440.139,1.0,2.0,base,0.5,0.02176,0.01088,8234.451019,0.02176,0.0,0.016391,0.005369,0.01088,8234.451019,8234451.019,0.85,0.1,2.0,7.247193,3.623597,8238.063736,8238063.736,23.479643,23.479583,0.391327,0.391326,10.041667,0.173499,0.228216,0.670732,1.055556,1.042105,0,0,2970,3870,2970,3960,2970,4950,6840,6930,7920,8910,12780,0,0,0,0,0,0
H4,high_demand_high_stress,102,90,21690,21690,0,1.0,6035400.0,8255.118868,8255118.868,2866.5,0.0,5163.6,225.018868,0.0,916,1034,430,331,273,0,0,0,0,0,3972,0.676824,0.729208,0.750202,0.692133,0.943556,1.737806,0.74337,2970,3870,2970,3960,2970,4950,6840,6930,7920,8910,12780,0.70787,2,0,0.648618,1.908939,49.60166,0.281989,base,6073200.0,37800.0,270.0054,0.993776,0.795021,8255.118868,8525.124268,8525124.268,1.0,2.0,base,0.5,0.02176,0.01088,8525.135148,0.02176,0.0,0.016391,0.005369,0.01088,8525.135148,8525135.148,0.85,0.1,2.0,7.247193,3.623597,8528.747864,8528747.864,23.479643,23.479583,0.391327,0.391326,10.041667,0.173499,0.228216,0.670732,1.055556,1.042105,0,0,2970,3870,2970,3960,2970,4950,6840,6930,7920,8910,12780,0,0,0,0,0,0
H4,high_demand_high_stress,103,90,21690,21690,0,1.0,6035750.0,9409.67829,9409678.29,3001.5,364.0,5798.0,246.17829,0.0,597,1056,420,381,255,34,29,1,4,34,4460,0.594537,0.614348,0.654098,0.642027,0.997821,1.916314,0.729056,2963,3886,2966,3956,2977,4942,6849,6922,7919,8906,12784,0.811806,2,0,0.648591,2.181749,49.595885,0.282014,base,6073200.0,37450.0,267.50535,0.993834,0.795067,9409.67829,9677.18364,9677183.64,1.0,2.0,base,0.5,0.024926,0.012463,9677.196104,0.024926,0.0,0.018874,0.006053,0.012463,9677.196104,9677196.104,0.85,0.1,2.0,7.437022,3.718511,9680.902151,9680902.151,23.485372,23.485303,0.391423,0.391422,10.041667,0.173477,0.227847,0.670732,1.069444,1.052632,0,0,2970,3893,2970,3960,2981,4950,6863,6930,7931,8921,12803,0,0,0,0,0,0
H4,high_demand_high_stress,104,90,21690,21690,0,1.0,6035400.0,8280.650718,8280650.718,2859.5,0.0,5194.8,226.350718,0.0,930,1047,458,314,275,0,0,0,0,0,3996,0.676895,0.709904,0.733164,0.724814,0.957645,1.907839,0.743185,2970,3870,2970,3960,2970,4950,6840,6930,7920,8910,12780,0.710185,2,0,0.648618,1.935425,49.60166,0.281989,base,6073200.0,37800.0,270.0054,0.993776,0.795021,8280.650718,8550.656118,8550656.118,1.0,2.0,base,0.5,0.02176,0.01088,8550.666998,0.02176,0.0,0.016391,0.005369,0.01088,8550.666998,8550666.998,0.85,0.1,2.0,7.247193,3.623597,8554.279714,8554279.714,23.479643,23.479583,0.391327,0.391326,10.041667,0.173499,0.228216,0.670732,1.055556,1.042105,0,0,2970,3870,2970,3960,2970,4950,6840,6930,7920,8910,12780,0,0,0,0,0,0
H4,high_demand_high_stress,105,90,21690,21690,0,1.0,6035855.0,8697.716212,8697716.212,2991.5,72.8,5396.3,237.116212,0.0,745,1070,444,359,267,7,7,0,0,7,4151,0.636155,0.650975,0.695937,0.690524,1.00073,1.848704,0.737019,2970,3877,2970,3959,2966,4948,6847,6929,7914,8906,12784,0.772685,2,0,0.648596,2.067469,49.602756,0.281959,base,6073200.0,37345.0,266.755335,0.993851,0.795081,8697.716212,8964.471547,8964471.547,1.0,2.0,base,0.5,0.022376,0.011188,8964.482735,0.022376,0.0,0.016954,0.005422,0.011188,8964.482735,8964482.735,0.85,0.1,2.0,7.288017,3.644009,8968.115555,8968115.555,23.485186,23.485124,0.39142,0.391419,10.041667,0.173505,0.228124,0.670732,1.069444,1.042105,0,0,2970,3877,2970,3960,2970,4950,6847,6930,7920,8910,12787,0,0,0,0,0,0
H4,high_demand_high_stress,106,90,21690,21690,0,1.0,6035400.0,8408.792253,8408792.253,2935.0,0.0,5246.8,226.992253,0.0,877,1030,396,372,262,0,0,0,0,0,4036,0.674813,0.720873,0.720866,0.711969,0.994688,1.747836,0.741463,2970,3870,2970,3960,2970,4950,6840,6930,7920,8910,12780,0.731713,2,0,0.648618,1.957064,49.60166,0.281989,base,6073200.0,37800.0,270.0054,0.993776,0.795021,8408.792253,8678.797653,8678797.653,1.0,2.0,base,0.5,0.02176,0.01088,8678.808534,0.02176,0.0,0.016391,0.005369,0.01088,8678.808534,8678808.534,0.85,0.1,2.0,7.247193,3.623597,8682.42125,8682421.25,23.479643,23.479583,0.391327,0.391326,10.041667,0.173499,0.228216,0.670732,1.055556,1.042105,0,0,2970,3870,2970,3960,2970,4950,6840,6930,7920,8910,12780,0,0,0,0,0,0
H4,high_demand_high_stress,107,90,21690,21690,0,1.0,6035470.0,8534.413941,8534413.941,2972.0,10.4,5315.7,236.313941,0.0,807,1094,507,327,260,1,1,0,0,1,4089,0.658198,0.705845,0.702756,0.694192,0.972834,1.946739,0.739204,2970,3871,2970,3960,2969,4950,6841,6930,7919,8909,12781,0.75787,2,0,0.648615,2.041588,49.600894,0.281995,base,6073200.0,37730.0,269.50539,0.993787,0.79503,8534.413941,8803.919331,8803919.331,1.0,2.0,base,0.5,0.021848,0.010924,8803.930255,0.021848,0.0,0.016472,0.005376,0.010924,8803.930255,8803930.255,0.85,0.1,2.0,7.253025,3.626513,8807.545843,8807545.843,23.480542,23.480482,0.391342,0.391341,10.041667,0.173503,0.228216,0.670732,1.069444,1.042105,0,0,2970,3871,2970,3960,2970,4950,6841,6930,7920,8910,12781,0,0,0,0,0,0
H4,high_demand_high_stress,108,90,21690,21690,0,1.0,6035470.0,9952.545023,9952545.023,2998.5,591.5,6107.4,255.145023,0.0,592,1075,428,350,297,56,52,1,3,56,4698,0.598614,0.6219,0.652953,0.660811,1.054453,2.116225,0.724963,2960,3889,2962,3952,2985,4942,6849,6914,7927,8907,12783,0.817824,2,0,0.648588,2.223756,49.594178,0.282033,base,6073200.0,37730.0,269.50539,0.993787,0.79503,9952.545023,10222.050413,10222050.413,1.0,2.0,base,0.5,0.027078,0.013539,10222.063953,0.027078,0.0,0.020475,0.006603,0.013539,10222.063953,10222063.953,0.85,0.1,2.0,7.55956,3.77978,10225.830194,10225830.194,23.483304,23.483229,0.391388,0.391387,10.041667,0.173473,0.227847,0.670732,1.083333,1.073684,0,0,2970,3905,2970,3961,2990,4950,6875,6931,7940,8930,12816,0,0,0,0,0,0
H4,high_demand_high_stress,109,90,21690,21690,0,1.0,6035400.0,7916.768469,7916768.469,2730.0,0.0,4969.9,216.868469,0.0,918,1004,454,298,252,0,0,0,0,0,3823,0.683731,0.711471,0.73389,0.730023,0.947255,1.608784,0.746167,2970,3870,2970,3960,2970,4950,6840,6930,7920,8910,12780,0.672917,2,0,0.648618,1.888289,49.60166,0.281989,base,6073200.0,37800.0,270.0054,0.993776,0.795021,7916.768469,8186.773869,8186773.869,1.0,2.0,base,0.5,0.02176,0.01088,8186.784749,0.02176,0.0,0.016391,0.005369,0.01088,8186.784749,8186784.749,0.85,0.1,2.0,7.247193,3.623597,8190.397465,8190397.465,23.479643,23.479583,0.391327,0.391326,10.041667,0.173499,0.228216,0.670732,1.055556,1.042105,0,0,2970,3870,2970,3960,2970,4950,6840,6930,7920,8910,12780,0,0,0,0,0,0
H4,high_demand_high_stress,110,90,21690,21690,0,1.0,6036135.0,10546.628499,10546628.499,3018.0,841.1,6425.9,261.628499,0.0,561,1054,398,388,268,78,67,4,7,78,4943,0.557065,0.611736,0.606724,0.634688,1.097465,2.06887,0.720222,2955,3907,2961,3946,2988,4933,6862,6907,7921,8904,12786,0.827778,2,0,0.648579,2.246359,49.595305,0.282006,base,6073200.0,37065.0,264.755295,0.993897,0.795118,10546.628499,10811.383794,10811383.794,1.0,2.0,base,0.5,0.029146,0.014573,10811.398367,0.029146,0.0,0.022054,0.007093,0.014573,10811.398367,10811398.367,0.85,0.1,2.0,7.686972,3.843486,10815.22728,10815227.28,23.491891,23.49181,0.391532,0.39153,10.041667,0.173444,0.227432,0.670732,1.071429,1.063158,0,0,2970,3919,2970,3960,2998,4950,6889,6930,7948,8938,12829,0,0,0,0,0,0
H5,high_demand_high_stress,101,90,21690,21690,0,1.0,6016325.0,7779.113601,7779113.601,2685.0,0.0,4875.0,219.113601,0.0,899,972,405,305,262,0,0,0,0,0,3750,0.496907,0.571722,0.596028,0.560954,0.94495,1.789128,0.747167,2799,3833,2812,3989,3277,4980,6632,6801,8257,8888,12802,0.660417,2,0,0.0,0.0,0.0,0.0,base,6073200.0,56875.0,406.258125,0.990635,0.792508,7779.113601,8185.371726,8185371.726,1.0,2.0,base,0.5,0.139953,0.069976,8185.441702,0.139953,0.0,0.111364,0.028589,0.069976,8185.441702,8185441.702,0.85,0.1,2.0,9.333061,4.666531,8190.038256,8190038.256,23.310342,23.309955,0.388506,0.388499,10.041667,0.174054,0.229599,0.719512,1.2,1.178947,0,0,2799,3833,2812,3989,3277,4980,6632,6801,8257,8888,12802,109605,12594,0,68494,56190,40339
H5,high_demand_high_stress,102,90,21690,21690,0,1.0,6019790.0,7959.959784,7959959.784,2746.5,0.0,4989.4,224.059784,0.0,922,995,409,309,277,0,0,0,0,0,3838,0.507848,0.552892,0.598995,0.563611,0.943556,1.737806,0.745963,2848,3827,2790,4024,3183,5018,6675,6814,8201,8821,12869,0.675463,2,0,0.0,0.0,0.0,0.0,base,6073200.0,53410.0,381.50763,0.991206,0.792964,7959.959784,8341.467414,8341467.414,1.0,2.0,base,0.5,0.121101,0.060551,8341.527965,0.121101,0.0,0.095988,0.025113,0.060551,8341.527965,8341527.965,0.85,0.1,2.0,9.117497,4.558749,8346.026163,8346026.163,23.352856,23.352521,0.389214,0.389209,10.041667,0.174396,0.231351,0.719512,1.178571,1.147368,0,0,2848,3827,2790,4024,3183,5018,6675,6814,8201,8821,12869,109100,12436,0,68764,56022,40274
H5,high_demand_high_stress,103,90,21690,21690,0,1.0,6027490.0,8857.826667,8857826.667,2915.5,224.9,5474.3,243.126667,0.0,674,1036,423,358,255,21,19,1,1,21,4211,0.430494,0.495232,0.51293,0.527955,0.997821,1.916314,0.734852,2936,3805,2861,4041,3100,4947,6741,6902,8047,8897,12793,0.768519,2,0,0.0,0.0,0.0,0.0,base,6073200.0,45710.0,326.50653,0.992473,0.793979,8857.826667,9184.333197,9184333.197,1.0,2.0,base,0.5,0.114597,0.057299,9184.390496,0.114597,0.0,0.080784,0.033813,0.057299,9184.390496,9184390.496,0.85,0.1,2.0,9.092811,4.546406,9188.879603,9188879.603,23.405905,23.405588,0.390098,0.390093,10.041667,0.173653,0.228077,0.719512,1.202381,1.168421,0,0,2938,3814,2863,4044,3101,4951,6752,6907,8052,8902,12809,107302,11999,0,68174,53739,39671
H5,high_demand_high_stress,104,90,21690,21690,0,1.0,6028680.0,8086.24064,8086240.64,2787.5,0.0,5071.3,227.44064,0.0,933,1014,431,312,271,0,0,0,0,0,3901,0.502791,0.541805,0.574877,0.600284,0.957645,1.907839,0.745,2927,3869,2775,4051,3143,4925,6796,6826,8068,8845,12845,0.6875,2,0,0.0,0.0,0.0,0.0,base,6073200.0,44520.0,318.00636,0.992669,0.794136,8086.24064,8404.247,8404247.0,1.0,2.0,base,0.5,0.108103,0.054051,8404.301052,0.108103,0.0,0.084544,0.023558,0.054051,8404.301052,8404301.052,0.85,0.1,2.0,8.883167,4.441584,8408.688584,8408688.584,23.436181,23.435882,0.390603,0.390598,10.041667,0.173835,0.227063,0.719512,1.178571,1.115789,0,0,2927,3869,2775,4051,3143,4925,6796,6826,8068,8845,12845,108594,12235,0,68292,54651,40217
H5,high_demand_high_stress,105,90,21690,21690,0,1.0,6023150.0,8428.399822,8428399.822,2886.0,72.8,5233.8,235.799822,0.0,735,1026,420,354,252,7,7,0,0,7,4026,0.452788,0.496009,0.547721,0.535043,1.00073,1.848704,0.739148,2831,3879,2810,4030,3163,4977,6710,6840,8140,8804,12886,0.746065,2,0,0.0,0.0,0.0,0.0,base,6073200.0,50050.0,357.50715,0.991759,0.793407,8428.399822,8785.906972,8785906.972,1.0,2.0,base,0.5,0.120432,0.060216,8785.967188,0.120432,0.0,0.094967,0.025465,0.060216,8785.967188,8785967.188,0.85,0.1,2.0,9.09787,4.548935,8790.455907,8790455.907,23.389772,23.389439,0.38983,0.389824,10.041667,0.174242,0.229461,0.719512,1.202381,1.136842,0,0,2833,3880,2811,4032,3164,4977,6713,6843,8141,8808,12889,107961,12298,0,67942,54918,39903
H5,high_demand_high_stress,106,90,21690,21690,0,1.0,6022485.0,8222.243467,8222243.467,2864.5,0.0,5127.2,230.543467,0.0,843,1013,407,357,249,0,0,0,0,0,3944,0.474595,0.540144,0.546511,0.564634,0.994688,1.747836,0.742537,2861,3822,2874,4001,3172,4960,6683,6875,8132,8907,12783,0.718287,2,0,0.0,0.0,0.0,0.0,base,6073200.0,50715.0,362.257245,0.991649,0.79332,8222.243467,8584.500712,8584500.712,1.0,2.0,base,0.5,0.125189,0.062594,8584.563306,0.125189,0.0,0.091926,0.033263,0.062594,8584.563306,8584563.306,0.85,0.1,2.0,9.206314,4.603157,8589.103869,8589103.869,23.359532,23.359185,0.389326,0.38932,10.041667,0.173712,0.228677,0.707317,1.166667,1.168421,0,0,2861,3822,2874,4001,3172,4960,6683,6875,8132,8907,12783,108960,12370,0,69124,55323,40082
H5,high_demand_high_stress,107,90,21690,21690,0,1.0,6019370.0,8160.450389,8160450.389,2819.0,0.0,5110.3,231.150389,0.0,920,1038,479,309,250,0,0,0,0,0,3931,0.498142,0.537965,0.584327,0.561567,0.972834,1.946739,0.744204,2849,3810,2798,4036,3200,4997,6659,6834,8197,8847,12843,0.697454,2,0,0.0,0.0,0.0,0.0,base,6073200.0,53830.0,384.50769,0.991136,0.792909,8160.450389,8544.958079,8544958.079,1.0,2.0,base,0.5,0.12618,0.06309,8545.021169,0.12618,0.0,0.100857,0.025323,0.06309,8545.021169,8545021.169,0.85,0.1,2.0,9.162566,4.581283,8549.539362,8549539.362,23.342304,23.341955,0.389038,0.389033,10.041667,0.174216,0.230383,0.719512,1.190476,1.136842,0,0,2849,3810,2798,4036,3200,4997,6659,6834,8197,8847,12843,108784,12425,0,68612,55569,40177
H5,high_demand_high_stress,108,90,21690,21690,0,1.0,6027840.0,9483.544037,9483544.037,2920.0,474.5,5835.7,253.344037,0.0,634,1054,438,336,280,44,37,2,5,44,4489,0.423114,0.486766,0.525978,0.494788,1.054453,2.116225,0.729389,2915,3842,2846,4034,3086,4967,6757,6880,8053,8847,12843,0.784722,2,0,0.0,0.0,0.0,0.0,base,6073200.0,45360.0,324.00648,0.992531,0.794025,9483.544037,9807.550517,9807550.517,1.0,2.0,base,0.5,0.118654,0.059327,9807.609845,0.118654,0.0,0.090577,0.028077,0.059327,9807.609845,9807609.845,0.85,0.1,2.0,9.217974,4.608987,9812.159504,9812159.504,23.42148,23.421152,0.390358,0.390353,10.041667,0.173928,0.229,0.719512,1.213333,1.126316,0,0,2924,3851,2855,4036,3091,4977,6775,6891,8068,8870,12864,106182,11926,0,67148,53493,39374
H5,high_demand_high_stress,109,90,21690,21690,0,1.0,6021435.0,7833.963359,7833963.359,2693.0,0.0,4919.2,221.763359,0.0,921,992,444,290,258,0,0,0,0,0,3784,0.509011,0.585959,0.574468,0.560186,0.947255,1.608784,0.746944,2869,3846,2853,3928,3258,4936,6715,6781,8194,8980,12710,0.663194,2,0,0.0,0.0,0.0,0.0,base,6073200.0,51765.0,369.757395,0.991476,0.793181,7833.963359,8203.720754,8203720.754,1.0,2.0,base,0.5,0.128758,0.064379,8203.785133,0.128758,0.0,0.100871,0.027888,0.064379,8203.785133,8203785.133,0.85,0.1,2.0,9.203084,4.601542,8208.322295,8208322.295,23.345184,23.344828,0.389086,0.38908,10.041667,0.173386,0.22757,0.719512,1.190476,1.157895,0,0,2869,3846,2853,3928,3258,4936,6715,6781,8194,8980,12710,109531,12462,0,69006,55515,40325
H5,high_demand_high_stress,110,90,21690,21690,0,1.0,6027770.0,10422.059513,10422059.513,2938.5,878.8,6342.7,262.059513,0.0,569,1024,380,379,265,81,68,5,8,81,4879,0.418095,0.48244,0.505411,0.526118,1.097465,2.06887,0.721611,2861,3863,2954,3990,3095,4927,6724,6944,8022,8910,12780,0.801389,2,0,0.0,0.0,0.0,0.0,base,6073200.0,45430.0,324.50649,0.99252,0.794016,10422.059513,10746.566003,10746566.003,1.0,2.0,base,0.5,0.118713,0.059356,10746.625359,0.118713,0.0,0.080334,0.038379,0.059356,10746.625359,10746625.359,0.85,0.1,2.0,9.392961,4.69648,10751.262483,10751262.483,23.407078,23.40675,0.390118,0.390113,10.041667,0.173467,0.227155,0.719512,1.190476,1.178947,0,0,2872,3885,2968,4000,3102,4944,6757,6968,8046,8942,12829,104900,11955,0,66220,53289,38949
BALANCED_RR_H4_PM,high_demand_high_stress,101,90,21690,21690,0,1.0,6072290.0,7997.863242,7997863.242,2762.0,0.0,5016.7,219.163242,0.0,929,1013,441,300,272,0,0,0,0,0,3859,0.683587,0.716517,0.730433,0.737776,0.94495,1.789128,0.745704,3602,3612,3631,3605,3602,3638,7214,7236,7240,10835,10855,0.678704,2,0,0.0,0.0,0.0,0.0,base,6073200.0,910.0,6.50013,0.99985,0.79988,7997.863242,8004.363372,8004363.372,1.0,2.0,base,0.5,1.142567,0.571284,8004.934655,1.142567,0.0,0.100137,1.04243,0.571284,8004.934655,8004934.655,0.85,0.1,2.0,23.313701,11.656851,8016.020223,8016020.223,23.47843,23.475269,0.391307,0.391254,10.041667,0.166669,0.167727,0.775862,1.194444,1.378947,0,0,3602,3612,3631,3605,3602,3638,7214,7236,7240,10835,10855,0,0,0,0,0,0
BALANCED_RR_H4_PM,high_demand_high_stress,102,90,21690,21690,0,1.0,6070715.0,8323.672356,8323672.356,2883.0,0.0,5214.3,226.372356,0.0,915,1041,432,331,278,0,0,0,0,0,4011,0.687057,0.733773,0.730794,0.717306,0.943556,1.737806,0.74263,3622,3592,3591,3600,3632,3653,7214,7191,7285,10845,10845,0.71713,2,0,0.0,0.0,0.0,0.0,base,6073200.0,2485.0,17.750355,0.999591,0.799673,8323.672356,8341.422711,8341422.711,1.0,2.0,base,0.5,1.160399,0.580199,8342.00291,1.160399,0.0,0.096805,1.063594,0.580199,8342.00291,8342002.91,0.85,0.1,2.0,23.427715,11.713857,8353.136568,8353136.568,23.463511,23.460301,0.391059,0.391005,10.041667,0.166673,0.168419,0.758621,1.180556,1.378947,0,0,3622,3592,3591,3600,3632,3653,7214,7191,7285,10845,10845,0,0,0,0,0,0
BALANCED_RR_H4_PM,high_demand_high_stress,103,90,21690,21690,0,1.0,6073935.0,9569.456256,9569456.256,3009.0,425.1,5887.7,247.656256,0.0,591,1056,411,383,262,40,36,1,3,40,4529,0.602483,0.635403,0.653529,0.667708,0.997821,1.916314,0.727778,3656,3597,3608,3597,3656,3576,7253,7205,7232,10920,10770,0.815972,2,0,0.0,0.0,0.0,0.0,base,6073200.0,0.0,0.0,1.000121,0.800097,9569.456256,9569.456256,9569456.256,1.0,2.0,base,0.5,1.303222,0.651611,9570.107867,1.303222,0.0,0.128995,1.174227,0.651611,9570.107867,9570107.867,0.85,0.1,2.0,25.297352,12.648676,9582.104932,9582104.932,23.481906,23.478301,0.391365,0.391305,10.041667,0.166679,0.168557,0.775862,1.222222,1.378947,0,0,3665,3607,3614,3598,3664,3582,7272,7212,7246,10943,10787,0,0,0,0,0,0
BALANCED_RR_H4_PM,high_demand_high_stress,104,90,21690,21690,0,1.0,6072815.0,8311.202675,8311202.675,2873.0,0.0,5210.4,227.802675,0.0,913,1051,457,316,278,0,0,0,0,0,4008,0.644188,0.665003,0.738451,0.720717,0.957645,1.907839,0.742648,3604,3619,3608,3625,3634,3600,7223,7233,7234,10846,10844,0.716898,2,0,0.0,0.0,0.0,0.0,base,6073200.0,385.0,2.750055,0.999937,0.799949,8311.202675,8313.95273,8313952.73,1.0,2.0,base,0.5,1.163649,0.581824,8314.534554,1.163649,0.0,0.100543,1.063106,0.581824,8314.534554,8314534.554,0.85,0.1,2.0,23.553546,11.776773,8325.729503,8325729.503,23.482994,23.479775,0.391383,0.39133,10.041667,0.166669,0.167543,0.775862,1.180556,1.378947,0,0,3604,3619,3608,3625,3634,3600,7223,7233,7234,10846,10844,0,0,0,0,0,0
BALANCED_RR_H4_PM,high_demand_high_stress,105,90,21690,21690,0,1.0,6073655.0,8888.217684,8888217.684,2978.5,166.4,5504.2,239.117684,0.0,643,1062,433,360,269,16,16,0,0,16,4234,0.626267,0.672976,0.671149,0.667476,1.00073,1.848704,0.733741,3605,3621,3599,3652,3600,3613,7226,7251,7213,10804,10886,0.795833,2,0,0.0,0.0,0.0,0.0,base,6073200.0,0.0,0.0,1.000075,0.80006,8888.217684,8888.217684,8888217.684,1.0,2.0,base,0.5,1.123513,0.561756,8888.779441,1.123513,0.0,0.120931,1.002582,0.561756,8888.779441,8888779.441,0.85,0.1,2.0,23.221554,11.610777,8899.828461,8899828.461,23.496891,23.493783,0.391615,0.391563,10.041667,0.166671,0.168373,0.775862,1.208333,1.378947,0,0,3609,3625,3602,3653,3602,3615,7234,7255,7217,10813,10893,0,0,0,0,0,0
BALANCED_RR_H4_PM,high_demand_high_stress,106,90,21690,21690,0,1.0,6073445.0,8459.370521,8459370.521,2949.0,0.0,5281.9,228.470521,0.0,873,1035,396,373,266,0,0,0,0,0,4063,0.664087,0.694824,0.712375,0.718444,0.994688,1.747836,0.740889,3655,3596,3633,3562,3642,3602,7251,7195,7244,10930,10760,0.738889,2,0,0.0,0.0,0.0,0.0,base,6073200.0,0.0,0.0,1.00004,0.800032,8459.370521,8459.370521,8459370.521,1.0,2.0,base,0.5,1.274811,0.637405,8460.007926,1.274811,0.0,0.110334,1.164476,0.637405,8460.007926,8460007.926,0.85,0.1,2.0,24.844024,12.422012,8471.792533,8471792.533,23.475436,23.47191,0.391257,0.391198,10.041667,0.166679,0.168511,0.793103,1.194444,1.378947,0,0,3655,3596,3633,3562,3642,3602,7251,7195,7244,10930,10760,0,0,0,0,0,0
BALANCED_RR_H4_PM,high_demand_high_stress,107,90,21690,21690,0,1.0,6074950.0,8618.152815,8618152.815,2982.5,41.6,5356.0,238.052815,0.0,769,1097,504,328,265,4,4,0,0,4,4120,0.65063,0.69547,0.687023,0.71889,0.972834,1.946739,0.737981,3632,3612,3637,3615,3609,3585,7244,7252,7194,10878,10812,0.766898,2,0,0.0,0.0,0.0,0.0,base,6073200.0,0.0,0.0,1.000288,0.800231,8618.152815,8618.152815,8618152.815,1.0,2.0,base,0.5,1.211657,0.605828,8618.758644,1.211657,0.0,0.117261,1.094395,0.605828,8618.758644,8618758.644,0.85,0.1,2.0,24.236647,12.118324,8630.271139,8630271.139,23.496093,23.492741,0.391602,0.391546,10.041667,0.16667,0.167681,0.775862,1.180556,1.378947,0,0,3632,3612,3638,3615,3610,3587,7244,7253,7197,10880,10814,0,0,0,0,0,0
BALANCED_RR_H4_PM,high_demand_high_stress,108,90,21690,21690,0,1.0,6074880.0,10012.887217,10012887.217,3001.0,620.1,6134.7,257.087217,0.0,612,1075,429,352,294,59,54,0,5,59,4719,0.561473,0.631473,0.627837,0.617176,1.054453,2.116225,0.724963,3634,3617,3605,3631,3604,3599,7251,7236,7203,10843,10847,0.813657,2,0,0.0,0.0,0.0,0.0,base,6073200.0,0.0,0.0,1.000277,0.800221,10012.887217,10012.887217,10012887.217,1.0,2.0,base,0.5,1.220188,0.610094,10013.497311,1.220188,0.0,0.136039,1.08415,0.610094,10013.497311,10013497.311,0.85,0.1,2.0,24.416045,12.208022,10025.095239,10025095.239,23.502863,23.499487,0.391714,0.391658,10.041667,0.166669,0.167543,0.775862,1.208333,1.378947,0,0,3646,3631,3613,3640,3608,3611,7277,7253,7219,10867,10882,0,0,0,0,0,0
BALANCED_RR_H4_PM,high_demand_high_stress,109,90,21690,21690,0,1.0,6075125.0,7972.929366,7972929.366,2749.5,0.0,5005.0,218.429366,0.0,928,1011,456,300,255,0,0,0,0,0,3850,0.673504,0.705063,0.735055,0.727084,0.947255,1.608784,0.745852,3656,3602,3629,3600,3644,3559,7258,7229,7203,10929,10761,0.676852,2,0,0.0,0.0,0.0,0.0,base,6073200.0,0.0,0.0,1.000317,0.800254,7972.929366,7972.929366,7972929.366,1.0,2.0,base,0.5,1.265618,0.632809,7973.562175,1.265618,0.0,0.111592,1.154026,0.632809,7973.562175,7973562.175,0.85,0.1,2.0,24.844467,12.422234,7985.3516,7985351.6,23.490389,23.486888,0.391506,0.391448,10.041667,0.16668,0.168557,0.775862,1.194444,1.389474,0,0,3656,3602,3629,3600,3644,3559,7258,7229,7203,10929,10761,0,0,0,0,0,0
BALANCED_RR_H4_PM,high_demand_high_stress,110,90,21690,21690,0,1.0,6070120.0,10726.246701,10726246.701,3009.0,915.2,6539.0,263.046701,0.0,537,1047,387,390,270,85,73,4,8,85,5030,0.554559,0.587097,0.605036,0.638591,1.097465,2.06887,0.718315,3616,3557,3659,3597,3653,3608,7173,7256,7261,10928,10762,0.833565,2,0,0.0,0.0,0.0,0.0,base,6073200.0,3080.0,22.00044,0.999493,0.799594,10726.246701,10748.247141,10748247.141,1.0,2.0,base,0.5,1.320229,0.660115,10748.907255,1.320229,0.0,0.124576,1.195653,0.660115,10748.907255,10748907.255,0.85,0.1,2.0,25.519734,12.759867,10761.007008,10761007.008,23.437774,23.434122,0.39063,0.390569,10.041667,0.166682,0.168695,0.775862,1.208333,1.389474,0,0,3624,3580,3671,3610,3663,3627,7204,7281,7290,10958,10817,0,0,0,0,0,0
H5_AGGRESSIVE,high_demand_high_stress,101,90,21690,21690,0,1.0,6025355.0,7785.3871,7785387.1,2680.0,0.0,4886.7,218.6871,0.0,918,974,410,300,264,0,0,0,0,0,3759,0.523497,0.594049,0.58083,0.597379,0.94495,1.789128,0.747352,2970,3698,2691,4296,3096,4939,6668,6987,8035,8757,12933,0.658102,2,0,0.0,0.0,0.0,0.0,base,6073200.0,47845.0,341.756835,0.992122,0.793698,7785.3871,8127.143935,8127143.935,1.0,2.0,base,0.5,0.087786,0.043893,8127.187828,0.087786,0.0,0.059267,0.028519,0.043893,8127.187828,8127187.828,0.85,0.1,2.0,8.601674,4.300837,8131.444772,8131444.772,23.398781,23.398538,0.38998,0.389976,10.041667,0.174665,0.227709,0.695122,1.16,1.157895,0,0,2970,3698,2691,4296,3096,4939,6668,6987,8035,8757,12933,157846,18483,0,88040,55098,80677
H5_AGGRESSIVE,high_demand_high_stress,102,90,21690,21690,0,1.0,6027560.0,8002.243483,8002243.483,2757.0,0.0,5020.6,224.643483,0.0,941,999,411,310,278,0,0,0,0,0,3862,0.515291,0.576598,0.567878,0.599766,0.943556,1.737806,0.745889,2970,3725,2747,4249,3037,4962,6695,6996,7999,8754,12936,0.676389,2,0,0.0,0.0,0.0,0.0,base,6073200.0,45640.0,326.00652,0.992485,0.793988,8002.243483,8328.250003,8328250.003,1.0,2.0,base,0.5,0.083658,0.041829,8328.291832,0.083658,0.0,0.046042,0.037616,0.041829,8328.291832,8328291.832,0.85,0.1,2.0,8.540026,4.270013,8332.520016,8332520.016,23.420491,23.42026,0.390342,0.390338,10.041667,0.174599,0.228769,0.695122,1.166667,1.168421,0,0,2970,3725,2747,4249,3037,4962,6695,6996,7999,8754,12936,157553,18435,0,87846,55695,80525
H5_AGGRESSIVE,high_demand_high_stress,103,90,21690,21690,0,1.0,6029520.0,8895.403107,8895403.107,2918.5,230.1,5502.9,243.903107,0.0,674,1036,423,360,253,21,18,2,1,21,4233,0.427856,0.459354,0.516997,0.514002,0.997821,1.916314,0.734444,2966,3772,2682,4284,3020,4966,6738,6966,7986,8668,13022,0.772222,2,0,0.0,0.0,0.0,0.0,base,6073200.0,43680.0,312.00624,0.992808,0.794246,8895.403107,9207.409347,9207409.347,1.0,2.0,base,0.5,0.07188,0.03594,9207.445287,0.07188,0.0,0.046659,0.025221,0.03594,9207.445287,9207445.287,0.85,0.1,2.0,8.399244,4.199622,9211.608969,9211608.969,23.459236,23.459037,0.390987,0.390984,10.041667,0.175048,0.228953,0.707317,1.166667,1.157895,0,0,2970,3773,2686,4290,3021,4971,6743,6976,7992,8677,13034,155242,18176,0,86598,56166,79279
H5_AGGRESSIVE,high_demand_high_stress,104,90,21690,21690,0,1.0,6029485.0,8033.154056,8033154.056,2775.5,0.0,5031.0,226.654056,0.0,896,1011,434,310,267,0,0,0,0,0,3870,0.503449,0.563502,0.594609,0.555332,0.957645,1.907839,0.744889,2970,3754,2747,4246,3018,4955,6724,6993,7973,8735,12955,0.688889,2,0,0.0,0.0,0.0,0.0,base,6073200.0,43715.0,312.256245,0.992802,0.794242,8033.154056,8345.410301,8345410.301,1.0,2.0,base,0.5,0.07045,0.035225,8345.445526,0.07045,0.0,0.039407,0.031043,0.035225,8345.445526,8345445.526,0.85,0.1,2.0,8.294218,4.147109,8349.557409,8349557.409,23.444112,23.443918,0.390735,0.390732,10.041667,0.174614,0.228446,0.695122,1.16,1.157895,0,0,2970,3754,2747,4246,3018,4955,6724,6993,7973,8735,12955,157250,18405,0,87538,54822,80396
H5_AGGRESSIVE,high_demand_high_stress,105,90,21690,21690,0,1.0,6030430.0,8355.552746,8355552.746,2888.5,32.5,5198.7,235.852746,0.0,738,1031,431,351,249,3,2,0,1,3,3999,0.437387,0.504344,0.517761,0.526848,1.00073,1.848704,0.73963,2969,3760,2702,4308,2975,4976,6729,7010,7951,8646,13044,0.747685,2,0,0.0,0.0,0.0,0.0,base,6073200.0,42770.0,305.50611,0.992958,0.794366,8355.552746,8661.058856,8661058.856,1.0,2.0,base,0.5,0.063367,0.031684,8661.09054,0.063367,0.0,0.03841,0.024957,0.031684,8661.09054,8661090.54,0.85,0.1,2.0,8.173932,4.086966,8665.145822,8665145.822,23.467673,23.467498,0.391128,0.391125,10.041667,0.175199,0.229414,0.695122,1.154762,1.157895,0,0,2969,3760,2702,4310,2976,4976,6729,7012,7952,8647,13046,156296,18300,0,87002,55104,79820
H5_AGGRESSIVE,high_demand_high_stress,106,90,21690,21690,0,1.0,6031585.0,8232.845798,8232845.798,2871.0,0.0,5131.1,230.745798,0.0,854,1013,403,360,250,0,0,0,0,0,3947,0.482475,0.517288,0.559271,0.568512,0.994688,1.747836,0.742685,2969,3781,2734,4267,2985,4954,6750,7001,7939,8688,13002,0.716435,2,0,0.0,0.0,0.0,0.0,base,6073200.0,41615.0,297.255945,0.993148,0.794518,8232.845798,8530.101743,8530101.743,1.0,2.0,base,0.5,0.061923,0.030962,8530.132705,0.061923,0.0,0.036262,0.025661,0.030962,8530.132705,8530132.705,0.85,0.1,2.0,8.136637,4.068318,8534.170062,8534170.062,23.473395,23.473223,0.391223,0.39122,10.041667,0.17482,0.2284,0.695122,1.154762,1.157895,0,0,2969,3781,2734,4267,2985,4954,6750,7001,7939,8688,13002,156828,18370,0,87358,55542,80163
H5_AGGRESSIVE,high_demand_high_stress,107,90,21690,21690,0,1.0,6027000.0,8214.86986,8214869.86,2834.5,10.4,5137.6,232.36986,0.0,906,1044,481,310,253,1,1,0,0,1,3952,0.501571,0.545016,0.568717,0.596539,0.972834,1.946739,0.743574,2969,3727,2665,4313,3043,4973,6696,6978,8016,8677,13013,0.703241,2,0,0.0,0.0,0.0,0.0,base,6073200.0,46200.0,330.0066,0.992393,0.793914,8214.86986,8544.87646,8544876.46,1.0,2.0,base,0.5,0.066682,0.033341,8544.909801,0.066682,0.0,0.044563,0.022118,0.033341,8544.909801,8544909.801,0.85,0.1,2.0,8.23454,4.11727,8548.99373,8548993.73,23.430175,23.429991,0.390503,0.3905,10.041667,0.17515,0.229276,0.695122,1.154762,1.157895,0,0,2970,3727,2665,4313,3043,4973,6697,6978,8016,8678,13013,157090,18383,0,87580,55230,80266
H5_AGGRESSIVE,high_demand_high_stress,108,90,21690,21690,0,1.0,6033475.0,9468.491366,9468491.366,2933.5,462.8,5818.8,253.391366,0.0,658,1058,437,338,283,44,40,0,4,44,4476,0.459605,0.527731,0.510171,0.518238,1.054453,2.116225,0.730056,2949,3808,2716,4325,2953,4939,6757,7041,7892,8618,13072,0.781019,2,0,0.0,0.0,0.0,0.0,base,6073200.0,39725.0,283.755675,0.993459,0.794767,9468.491366,9752.247041,9752247.041,1.0,2.0,base,0.5,0.064449,0.032225,9752.279266,0.064449,0.0,0.044473,0.019976,0.032225,9752.279266,9752279.266,0.85,0.1,2.0,8.343177,4.171589,9756.41863,9756418.63,23.502918,23.50274,0.391715,0.391712,10.041667,0.175136,0.227709,0.695122,1.166667,1.136842,0,0,2960,3818,2720,4331,2959,4946,6778,7051,7905,8639,13095,154188,18043,0,85938,55611,78799
H5_AGGRESSIVE,high_demand_high_stress,109,90,21690,21690,0,1.0,6032600.0,7805.745829,7805745.829,2684.0,0.0,4901.0,220.745829,0.0,925,987,440,291,256,0,0,0,0,0,3770,0.510424,0.545264,0.589771,0.582863,0.947255,1.608784,0.747278,2969,3803,2719,4267,3008,4924,6772,6986,7932,8696,12994,0.659028,2,0,0.0,0.0,0.0,0.0,base,6073200.0,40600.0,290.0058,0.993315,0.794652,7805.745829,8095.751629,8095751.629,1.0,2.0,base,0.5,0.06487,0.032435,8095.784064,0.06487,0.0,0.029899,0.034971,0.032435,8095.784064,8095784.064,0.85,0.1,2.0,8.20243,4.101215,8099.852844,8099852.844,23.484613,23.484434,0.39141,0.391407,10.041667,0.174664,0.227017,0.695122,1.154762,1.157895,0,0,2969,3803,2719,4267,3008,4924,6772,6986,7932,8696,12994,157780,18466,0,88042,56133,80666
H5_AGGRESSIVE,high_demand_high_stress,110,90,21690,21690,0,1.0,6035015.0,10269.369574,10269369.574,2949.5,785.2,6272.5,262.169574,0.0,569,1033,394,376,263,72,59,5,8,72,4825,0.398584,0.445027,0.466609,0.509028,1.097465,2.06887,0.722481,2963,3841,2676,4315,2967,4928,6804,6991,7895,8606,13084,0.806481,2,0,0.0,0.0,0.0,0.0,base,6073200.0,38185.0,272.755455,0.993713,0.79497,10269.369574,10542.125029,10542125.029,1.0,2.0,base,0.5,0.059811,0.029905,10542.154935,0.059811,0.0,0.033531,0.026279,0.029905,10542.154935,10542154.935,0.85,0.1,2.0,8.345166,4.172583,10546.297612,10546297.612,23.525361,23.525195,0.392089,0.392087,10.041667,0.175152,0.227201,0.695122,1.154762,1.178947,0,0,2971,3859,2682,4328,2973,4949,6830,7010,7922,8626,13136,152477,17805,0,85148,55137,77985
