policy_id,regime,seed,days,total_demand,completed_loads,unmet_demand,demand_fulfillment_rate,effective_output,total_tco,total_tco_report_value,pm_cost,cm_cost,downtime_cost,degradation_cost,unmet_demand_cost,pm_count,pm_component_count,pm_tire,pm_engine,pm_brake,cm_count,cm_tire,cm_engine,cm_brake,failure_count,total_downtime_hours,avg_truck_hi,avg_tire_hi,avg_engine_hi,avg_brake_hi,avg_frailty,max_frailty,availability_rate,route_r_a1_loads,route_r_a2_loads,route_r_b1_loads,route_r_b2_loads,route_r_c1_loads,route_r_c2_loads,shovel_a_loads,shovel_b_loads,shovel_c_loads,crusher_1_loads,crusher_2_loads,pm_bay_utilization,max_simultaneous_pm,standby_reserve_activations,avg_selected_route_value,avg_selected_risk_penalty,avg_selected_capacity_score,avg_selected_queue_penalty,shortfall_sensitivity,target_effective_output,effective_output_shortfall,effective_output_shortfall_cost,effective_fulfillment_rate,avg_grade_per_load,total_tco_v1,total_tco_v2,total_tco_v2_report_value
H0,heterogeneous_condition,101,90,18900,18900,0,1.0,5435640.0,9163.306803,9163306.803,3349.0,211.2,5445.6,157.506803,0.0,394,1182,394,394,394,22,22,0,0,22,4538,0.857074,0.887814,0.908946,0.951529,0.937723,2.4518,0.72363,4178,4145,4145,2213,2186,2033,8323,6358,4219,10509,8391,0.908796,2,0,0.652972,0.821473,47.764507,0.319824,low,5292000.0,0.0,0.0,1.027143,0.821714,9163.306803,9163.306803,9163306.803
H0,heterogeneous_condition,102,90,18900,18900,0,1.0,5433610.0,9618.806105,9618806.105,3349.0,412.8,5697.6,159.406105,0.0,394,1182,394,394,394,43,43,0,0,43,4748,0.82367,0.856644,0.912723,0.95227,0.873249,2.345799,0.72013,4146,4142,4119,2251,2209,2033,8288,6370,4242,10474,8426,0.908796,2,0,0.652901,0.805475,47.841261,0.318345,low,5292000.0,0.0,0.0,1.026759,0.821407,9618.806105,9618.806105,9618806.105
H0,heterogeneous_condition,103,90,18900,18899,1,0.999947,5433610.0,10136.063606,10136063.606,3349.0,633.6,5956.8,194.663606,2.0,394,1182,394,394,394,59,45,14,0,59,4964,0.805144,0.869247,0.857461,0.951318,0.992559,2.718937,0.716426,4144,4136,4148,2245,2190,2036,8280,6393,4226,10482,8417,0.908796,2,0,0.652911,1.018742,47.810212,0.318961,low,5292000.0,0.0,0.0,1.026759,0.821451,10136.063606,10136.063606,10136063.606
H0,heterogeneous_condition,104,90,18900,18898,2,0.999894,5434380.0,9288.733081,9288733.081,3349.0,260.4,5508.0,167.333081,4.0,394,1182,394,394,394,27,26,0,1,27,4590,0.833531,0.843167,0.924642,0.940313,0.94391,2.700947,0.722759,4168,4144,4143,2215,2208,2020,8312,6358,4228,10519,8379,0.908796,2,0,0.653089,0.842127,47.769194,0.319687,low,5292000.0,0.0,0.0,1.026905,0.821611,9288.733081,9288.733081,9288733.081
H0,heterogeneous_condition,105,90,18900,18900,0,1.0,5434870.0,9759.82732,9759827.32,3349.0,475.2,5758.8,176.82732,0.0,394,1182,394,394,394,43,30,13,0,43,4799,0.831131,0.872256,0.914811,0.931722,1.020715,2.576161,0.719167,4147,4154,4133,2247,2190,2029,8301,6380,4219,10470,8430,0.908796,2,0,0.652901,0.90341,47.838938,0.318481,low,5292000.0,0.0,0.0,1.026997,0.821598,9759.82732,9759.82732,9759827.32
H0,heterogeneous_condition,106,90,18900,18898,2,0.999894,5434660.0,8955.70351,8955703.51,3349.0,115.2,5325.6,161.90351,4.0,394,1182,394,394,394,12,12,0,0,12,4438,0.869419,0.915544,0.894515,0.947598,0.982959,2.36643,0.725296,4159,4158,4138,2218,2191,2034,8317,6356,4225,10488,8410,0.908796,2,0,0.652942,0.74702,47.783184,0.319351,low,5292000.0,0.0,0.0,1.026958,0.821653,8955.70351,8955.70351,8955703.51
H0,heterogeneous_condition,107,90,18900,18899,1,0.999947,5434030.0,9945.055866,9945055.866,3349.0,548.4,5870.4,175.255866,2.0,394,1182,394,394,394,54,41,4,9,54,4892,0.803706,0.850981,0.911198,0.925312,0.96149,2.78374,0.717667,4154,4146,4139,2226,2203,2031,8300,6365,4234,10496,8403,0.908796,2,0,0.652972,0.924701,47.825146,0.318862,low,5292000.0,0.0,0.0,1.026839,0.821514,9945.055866,9945.055866,9945055.866
H0,heterogeneous_condition,108,90,18900,18897,3,0.999841,5430215.0,10930.450219,10930450.219,3349.0,972.0,6396.0,207.450219,6.0,394,1182,394,394,394,92,60,14,18,92,5330,0.775449,0.869233,0.871492,0.893517,1.128587,3.150683,0.710259,4105,4128,4141,2263,2216,2044,8233,6404,4260,10462,8435,0.908796,2,0,0.653033,1.000046,47.889884,0.317576,low,5292000.0,0.0,0.0,1.026118,0.821025,10930.450219,10930.450219,10930450.219
H0,heterogeneous_condition,109,90,18900,18900,0,1.0,5434485.0,8960.353569,8960353.569,3349.0,124.8,5334.0,152.553569,0.0,394,1182,394,394,394,13,13,0,0,13,4445,0.867919,0.878033,0.9489,0.939497,0.909119,2.084195,0.725167,4159,4148,4134,2223,2206,2030,8307,6357,4236,10499,8401,0.908796,2,0,0.653037,0.70722,47.802358,0.319079,low,5292000.0,0.0,0.0,1.026925,0.82154,8960.353569,8960.353569,8960353.569
H0,heterogeneous_condition,110,90,18900,18897,3,0.999841,5434170.0,10940.120382,10940120.382,3349.0,997.2,6378.0,209.920382,6.0,394,1182,394,394,394,87,51,33,3,87,5315,0.747663,0.794246,0.857606,0.929901,1.167516,3.047173,0.710407,4156,4151,4129,2240,2196,2025,8307,6369,4221,10481,8416,0.908796,2,0,0.652936,1.11411,47.832324,0.318658,low,5292000.0,0.0,0.0,1.026865,0.821622,10940.120382,10940.120382,10940120.382
H_TIME,heterogeneous_condition,101,90,18900,18900,0,1.0,5434975.0,8629.543999,8629543.999,3298.0,28.8,5145.6,157.143999,0.0,388,1164,388,388,388,3,3,0,0,3,4288,0.900236,0.910353,0.962533,0.962576,0.937723,2.4518,0.727796,4171,4150,4172,2171,2195,2041,8321,6343,4236,10538,8362,0.896296,2,0,0.653158,0.503646,47.728138,0.320488,low,5292000.0,0.0,0.0,1.027017,0.821614,8629.543999,8629.543999,8629543.999
H_TIME,heterogeneous_condition,102,90,18900,18899,1,0.999947,5432735.0,9022.119998,9022119.998,3298.0,201.6,5361.6,158.919998,2.0,388,1164,388,388,388,21,21,0,0,21,4468,0.727179,0.782506,0.92212,0.948933,0.873249,2.345799,0.724796,4154,4125,4157,2213,2200,2050,8279,6370,4250,10511,8388,0.896296,2,0,0.653072,0.763691,47.826691,0.31892,low,5292000.0,0.0,0.0,1.026594,0.821319,9022.119998,9022.119998,9022119.998
H_TIME,heterogeneous_condition,103,90,18900,18899,1,0.999947,5433925.0,9684.685195,9684685.195,3298.0,480.0,5709.6,195.085195,2.0,388,1164,388,388,388,50,50,0,0,50,4758,0.691556,0.809611,0.814862,0.91372,0.992559,2.718937,0.719963,4144,4150,4159,2215,2198,2033,8294,6374,4231,10501,8398,0.896296,2,0,0.65297,1.120405,47.785107,0.319307,low,5292000.0,0.0,0.0,1.026819,0.821498,9684.685195,9684.685195,9684685.195
H_TIME,heterogeneous_condition,104,90,18900,18900,0,1.0,5434765.0,8834.298707,8834298.707,3298.0,115.2,5253.6,167.498707,0.0,388,1164,388,388,388,12,12,0,0,12,4378,0.735236,0.810918,0.928859,0.894606,0.94391,2.700947,0.726296,4161,4159,4160,2179,2210,2031,8320,6339,4241,10531,8369,0.896296,2,0,0.653148,0.976886,47.745876,0.320024,low,5292000.0,0.0,0.0,1.026978,0.821582,8834.298707,8834.298707,8834298.707
H_TIME,heterogeneous_condition,105,90,18900,18900,0,1.0,5433610.0,9123.397136,9123397.136,3298.0,244.8,5404.8,175.797136,0.0,388,1164,388,388,388,21,12,9,0,21,4504,0.703419,0.837202,0.855409,0.911422,1.020715,2.576161,0.72413,4131,4154,4153,2223,2190,2049,8285,6376,4239,10474,8426,0.896296,2,0,0.652962,0.928894,47.843243,0.318429,low,5292000.0,0.0,0.0,1.026759,0.821407,9123.397136,9123.397136,9123397.136
H_TIME,heterogeneous_condition,106,90,18900,18900,0,1.0,5434520.0,8590.679998,8590679.998,3298.0,9.6,5121.6,161.479998,0.0,388,1164,388,388,388,1,1,0,0,1,4268,0.91003,0.922824,0.947223,0.966939,0.982959,2.36643,0.72813,4154,4153,4164,2194,2194,2041,8307,6358,4235,10512,8388,0.896296,2,0,0.653071,0.477551,47.775462,0.319618,low,5292000.0,0.0,0.0,1.026931,0.821545,8590.679998,8590.679998,8590679.998
H_TIME,heterogeneous_condition,107,90,18900,18900,0,1.0,5433505.0,9500.761458,9500761.458,3298.0,414.0,5613.6,175.161458,0.0,388,1164,388,388,388,43,42,0,1,43,4678,0.711841,0.799022,0.865756,0.940056,0.96149,2.78374,0.721278,4145,4139,4156,2219,2203,2038,8284,6375,4241,10504,8396,0.896296,2,0,0.653035,1.107143,47.821253,0.318853,low,5292000.0,0.0,0.0,1.026739,0.821392,9500.761458,9500.761458,9500761.458
H_TIME,heterogeneous_condition,108,90,18900,18899,1,0.999947,5430530.0,10554.226884,10554226.884,3298.0,864.0,6182.4,207.826884,2.0,388,1164,388,388,388,83,63,12,8,83,5152,0.692311,0.854127,0.841257,0.849987,1.128587,3.150683,0.713278,4110,4124,4157,2240,2234,2034,8234,6397,4268,10501,8398,0.896296,2,0,0.653176,1.068472,47.851544,0.318189,low,5292000.0,0.0,0.0,1.026177,0.820985,10554.226884,10554.226884,10554226.884
H_TIME,heterogeneous_condition,109,90,18900,18900,0,1.0,5434065.0,8581.235284,8581235.284,3298.0,9.6,5121.6,152.035284,0.0,388,1164,388,388,388,1,1,0,0,1,4268,0.927711,0.928546,0.971647,0.967487,0.909119,2.084195,0.72813,4151,4162,4140,2193,2222,2032,8313,6333,4254,10513,8387,0.896296,2,0,0.653116,0.472405,47.791493,0.319165,low,5292000.0,0.0,0.0,1.026845,0.821476,8581.235284,8581.235284,8581235.284
H_TIME,heterogeneous_condition,110,90,18900,18900,0,1.0,5433995.0,10108.415206,10108415.206,3298.0,667.2,5932.8,210.415206,0.0,388,1164,388,388,388,63,47,12,4,63,4944,0.651398,0.767207,0.798609,0.89454,1.167516,3.047173,0.716759,4130,4169,4149,2210,2208,2034,8299,6359,4242,10487,8413,0.896296,2,0,0.652982,1.301713,47.818752,0.3187,low,5292000.0,0.0,0.0,1.026832,0.821466,10108.415206,10108.415206,10108415.206
H1,heterogeneous_condition,101,90,18900,18900,0,1.0,4826430.0,3680.946547,3680946.547,1426.0,0.0,2126.4,128.546547,0.0,530,532,252,148,132,0,0,0,0,0,1772,0.500257,0.529428,0.564286,0.559325,0.937723,2.4518,0.777,18,0,3423,2139,5940,7380,18,5562,13320,9381,9519,0.2875,2,0,0.676335,1.517255,41.496931,0.417453,low,5292000.0,465570.0,1662.55047,0.912024,0.729619,3680.946547,5343.497017,5343497.017
H1,heterogeneous_condition,102,90,18900,18900,0,1.0,4826325.0,3576.347403,3576347.403,1392.0,0.0,2060.4,123.947403,0.0,495,496,221,175,100,0,0,0,0,0,1717,0.469155,0.498333,0.517467,0.576606,0.873249,2.345799,0.77737,15,0,3786,1779,5940,7380,15,5565,13320,9741,9159,0.28287,2,0,0.677868,1.52147,40.982328,0.426219,low,5292000.0,465675.0,1662.925425,0.912004,0.729603,3576.347403,5239.272828,5239272.828
H1,heterogeneous_condition,103,90,18900,18900,0,1.0,4826570.0,4210.888544,4210888.544,1627.0,0.0,2442.0,141.888544,0.0,580,582,244,196,142,0,0,0,0,0,2035,0.473079,0.515254,0.529149,0.543187,0.992559,2.718937,0.773056,22,0,3686,1872,5940,7380,22,5558,13320,9648,9252,0.336806,2,0,0.677463,1.564412,41.134815,0.42361,low,5292000.0,465430.0,1662.05053,0.91205,0.72964,4210.888544,5872.939074,5872939.074
H1,heterogeneous_condition,104,90,18900,18900,0,1.0,4826395.0,3868.586039,3868586.039,1480.0,0.0,2257.2,131.386039,0.0,533,534,208,166,160,0,0,0,0,0,1881,0.477231,0.518947,0.565679,0.543569,0.94391,2.700947,0.775,17,0,3396,2167,5940,7380,17,5563,13320,9353,9547,0.3125,2,0,0.676218,1.546165,41.557249,0.416467,low,5292000.0,465605.0,1662.675455,0.912017,0.729614,3868.586039,5531.261494,5531261.494
H1,heterogeneous_condition,105,90,18900,18900,0,1.0,4826465.0,4248.57614,4248576.14,1639.0,0.0,2468.4,141.17614,0.0,579,580,231,203,146,0,0,0,0,0,2057,0.47362,0.525395,0.564622,0.551265,1.020715,2.576161,0.772611,19,0,3560,2001,5940,7380,19,5561,13320,9519,9381,0.342361,2,0,0.67692,1.558669,41.340635,0.420174,low,5292000.0,465535.0,1662.425485,0.91203,0.729624,4248.57614,5911.001625,5911001.625
H1,heterogeneous_condition,106,90,18900,18900,0,1.0,4826185.0,4121.62835,4121628.35,1588.5,0.0,2395.2,137.92835,0.0,552,557,214,202,141,0,0,0,0,0,1996,0.476464,0.494479,0.545721,0.534416,0.982959,2.36643,0.773222,11,0,3537,2032,5940,7380,11,5569,13320,9488,9412,0.334722,2,0,0.6768,1.568983,41.424921,0.41885,low,5292000.0,465815.0,1663.425365,0.911978,0.729582,4121.62835,5785.053715,5785053.715
H1,heterogeneous_condition,107,90,18900,18900,0,1.0,4826395.0,3809.257481,3809257.481,1478.0,0.0,2199.6,131.657481,0.0,545,546,254,160,132,0,0,0,0,0,1833,0.459783,0.491685,0.561245,0.602771,0.96149,2.78374,0.776111,17,0,3785,1778,5940,7380,17,5563,13320,9742,9158,0.298611,2,0,0.67787,1.532087,40.985132,0.426172,low,5292000.0,465605.0,1662.675455,0.912017,0.729614,3809.257481,5471.932936,5471932.936
H1,heterogeneous_condition,108,90,18900,18900,0,1.0,4826325.0,4717.910119,4717910.119,1797.5,0.0,2764.8,155.610119,0.0,652,652,247,194,211,0,0,0,0,0,2304,0.474011,0.523289,0.532577,0.586148,1.128587,3.150683,0.76937,15,0,3253,2312,5940,7380,15,5565,13320,9208,9692,0.38287,2,0,0.675605,1.570246,41.807725,0.412305,low,5292000.0,465675.0,1662.925425,0.912004,0.729603,4717.910119,6380.835544,6380835.544
H1,heterogeneous_condition,109,90,18900,18900,0,1.0,4826535.0,3470.121738,3470121.738,1331.0,0.0,2016.0,123.121738,0.0,500,500,222,128,150,0,0,0,0,0,1680,0.483417,0.515561,0.543466,0.542295,0.909119,2.084195,0.77813,21,0,3541,2018,5940,7380,21,5559,13320,9502,9398,0.27338,2,0,0.676844,1.530974,41.335079,0.420218,low,5292000.0,465465.0,1662.175515,0.912044,0.729635,3470.121738,5132.297253,5132297.253
H1,heterogeneous_condition,110,90,18900,18900,0,1.0,4826185.0,5163.348668,5163348.668,1995.5,0.0,2998.8,169.048668,0.0,711,712,292,241,179,0,0,0,0,0,2499,0.460375,0.500239,0.525478,0.547919,1.167516,3.047173,0.766852,11,0,3555,2014,5940,7380,11,5569,13320,9506,9394,0.414352,2,0,0.676877,1.593742,41.321217,0.420489,low,5292000.0,465815.0,1663.425365,0.911978,0.729582,5163.348668,6826.774033,6826774.033
H2,heterogeneous_condition,101,90,18900,18900,0,1.0,4828880.0,3678.813268,3678813.268,1423.5,0.0,2126.4,128.913268,0.0,526,527,244,152,131,0,0,0,0,0,1772,0.462418,0.494984,0.552018,0.536605,0.937723,2.4518,0.776926,44,0,5580,0,5940,7336,44,5580,13276,11564,7336,0.288426,2,0,0.685517,1.562978,36.074815,0.506136,low,5292000.0,463120.0,1653.80152,0.912487,0.729989,3678.813268,5332.614788,5332614.788
H2,heterogeneous_condition,102,90,18900,18900,0,1.0,4829160.0,3697.975296,3697975.296,1440.0,0.0,2130.0,127.975296,0.0,513,515,232,179,104,0,0,0,0,0,1775,0.454596,0.464858,0.551471,0.538971,0.873249,2.345799,0.77663,48,0,5580,0,5940,7332,48,5580,13272,11568,7332,0.29213,2,0,0.685524,1.56733,36.068466,0.506257,low,5292000.0,462840.0,1652.80164,0.91254,0.730032,3697.975296,5350.776936,5350776.936
H2,heterogeneous_condition,103,90,18900,18900,0,1.0,4828530.0,4170.763675,4170763.675,1608.0,0.0,2421.6,141.163675,0.0,572,574,236,194,144,0,0,0,0,0,2018,0.454804,0.497653,0.514586,0.528263,0.992559,2.718937,0.773222,39,0,5580,0,5940,7341,39,5580,13281,11559,7341,0.334722,2,0,0.685509,1.614995,36.07254,0.506144,low,5292000.0,463470.0,1655.05137,0.912421,0.729937,4170.763675,5825.815045,5825815.045
H2,heterogeneous_condition,104,90,18900,18900,0,1.0,4829090.0,3819.27035,3819270.35,1457.5,0.0,2230.8,130.97035,0.0,523,525,202,164,159,0,0,0,0,0,1859,0.456279,0.51393,0.532512,0.503686,0.94391,2.700947,0.775259,47,0,5580,0,5940,7333,47,5580,13273,11567,7333,0.309259,2,0,0.685522,1.594795,36.065556,0.506297,low,5292000.0,462910.0,1653.05161,0.912526,0.730021,3819.27035,5472.32196,5472321.96
H2,heterogeneous_condition,105,90,18900,18900,0,1.0,4828880.0,4208.161575,4208161.575,1621.5,0.0,2445.6,141.061575,0.0,572,574,227,200,147,0,0,0,0,0,2038,0.454213,0.483968,0.544062,0.540173,1.020715,2.576161,0.772815,44,0,5580,0,5940,7336,44,5580,13276,11564,7336,0.339815,2,0,0.685517,1.60453,36.070476,0.506204,low,5292000.0,463120.0,1653.80152,0.912487,0.729989,4208.161575,5861.963095,5861963.095
H2,heterogeneous_condition,106,90,18900,18900,0,1.0,4828880.0,4134.42232,4134422.32,1592.5,0.0,2403.6,138.32232,0.0,556,558,214,203,141,0,0,0,0,0,2003,0.470498,0.507733,0.536314,0.525649,0.982959,2.36643,0.773185,44,0,5580,0,5940,7336,44,5580,13276,11564,7336,0.335185,2,0,0.685517,1.61773,36.070476,0.506204,low,5292000.0,463120.0,1653.80152,0.912487,0.729989,4134.42232,5788.22384,5788223.84
H2,heterogeneous_condition,107,90,18900,18900,0,1.0,4828600.0,3651.137699,3651137.699,1417.5,0.0,2104.8,128.837699,0.0,525,526,248,151,127,0,0,0,0,0,1754,0.47124,0.513073,0.5426,0.513792,0.96149,2.78374,0.777204,40,0,5580,0,5940,7340,40,5580,13280,11560,7340,0.284954,2,0,0.685511,1.57657,36.071429,0.506167,low,5292000.0,463400.0,1654.8014,0.912434,0.729947,3651.137699,5305.939099,5305939.099
H2,heterogeneous_condition,108,90,18900,18900,0,1.0,4828670.0,4743.539222,4743539.222,1803.5,0.0,2782.8,157.239222,0.0,652,653,243,195,215,0,0,0,0,0,2319,0.457436,0.509965,0.517259,0.534403,1.128587,3.150683,0.769111,41,0,5580,0,5940,7339,41,5580,13279,11561,7339,0.386111,2,0,0.685513,1.622883,36.070212,0.506192,low,5292000.0,463330.0,1654.55143,0.912447,0.729958,4743.539222,6398.090652,6398090.652
H2,heterogeneous_condition,109,90,18900,18900,0,1.0,4829020.0,3480.806853,3480806.853,1336.0,0.0,2020.8,124.006853,0.0,499,502,222,128,152,0,0,0,0,0,1684,0.462552,0.526826,0.524017,0.527831,0.909119,2.084195,0.778019,46,0,5580,0,5940,7334,46,5580,13274,11566,7334,0.274769,2,0,0.685521,1.579558,36.06254,0.506339,low,5292000.0,462980.0,1653.30158,0.912513,0.730011,3480.806853,5134.108433,5134108.433
H2,heterogeneous_condition,110,90,18900,18900,0,1.0,4828040.0,5134.89217,5134892.17,1985.5,0.0,2982.0,167.39217,0.0,703,709,291,239,179,0,0,0,0,0,2485,0.472718,0.507642,0.579272,0.536791,1.167516,3.047173,0.766963,32,0,5580,0,5940,7348,32,5580,13288,11552,7348,0.412963,2,0,0.685498,1.633972,36.077354,0.506031,low,5292000.0,463960.0,1656.80116,0.912328,0.729862,5134.89217,6791.69333,6791693.33
H3,heterogeneous_condition,101,90,18900,18900,0,1.0,5191200.0,4665.002947,4665002.947,1799.5,0.0,2720.4,145.102947,0.0,651,658,279,196,183,0,0,0,0,0,2267,0.737828,0.785522,0.765985,0.770221,0.937723,2.4518,0.770074,5220,0,5580,0,5940,2160,5220,5580,8100,16740,2160,0.374074,2,0,0.693816,1.78192,36.033333,0.534727,low,5292000.0,100800.0,359.9568,0.980952,0.784762,4665.002947,5024.959747,5024959.747
H3,heterogeneous_condition,102,90,18900,18900,0,1.0,5191200.0,4623.560295,4623560.295,1817.0,0.0,2660.4,146.160295,0.0,657,669,332,207,130,0,0,0,0,0,2217,0.734905,0.764543,0.760785,0.776481,0.873249,2.345799,0.771111,5220,0,5580,0,5940,2160,5220,5580,8100,16740,2160,0.361111,2,0,0.693816,1.786707,36.033333,0.534727,low,5292000.0,100800.0,359.9568,0.980952,0.784762,4623.560295,4983.517095,4983517.095
H3,heterogeneous_condition,103,90,18900,18900,0,1.0,5191200.0,5957.062617,5957062.617,2317.0,0.0,3459.6,180.462617,0.0,803,820,339,291,190,0,0,0,0,0,2883,0.721423,0.749221,0.767369,0.759316,0.992559,2.718937,0.761444,5220,0,5580,0,5940,2160,5220,5580,8100,16740,2160,0.481944,2,0,0.693816,1.841548,36.033333,0.534727,low,5292000.0,100800.0,359.9568,0.980952,0.784762,5957.062617,6317.019417,6317019.417
H3,heterogeneous_condition,104,90,18900,18900,0,1.0,5191200.0,5089.986066,5089986.066,1971.0,0.0,2958.0,160.986066,0.0,725,744,345,189,210,0,0,0,0,0,2465,0.727939,0.772211,0.748347,0.781957,0.94391,2.700947,0.767741,5220,0,5580,0,5940,2160,5220,5580,8100,16740,2160,0.403241,2,0,0.693816,1.81029,36.033333,0.534727,low,5292000.0,100800.0,359.9568,0.980952,0.784762,5089.986066,5449.942866,5449942.866
H3,heterogeneous_condition,105,90,18900,18900,0,1.0,5191200.0,5415.33486,5415334.86,2099.5,0.0,3150.0,165.83486,0.0,744,759,322,242,195,0,0,0,0,0,2625,0.740784,0.774168,0.781529,0.782497,1.020715,2.576161,0.765148,5220,0,5580,0,5940,2160,5220,5580,8100,16740,2160,0.435648,2,0,0.693816,1.813691,36.033333,0.534727,low,5292000.0,100800.0,359.9568,0.980952,0.784762,5415.33486,5775.29166,5775291.66
H3,heterogeneous_condition,106,90,18900,18900,0,1.0,5191200.0,4908.604903,4908604.903,1896.0,0.0,2864.4,148.204903,0.0,649,658,245,249,164,0,0,0,0,0,2387,0.727054,0.77558,0.754517,0.772335,0.982959,2.36643,0.767796,5220,0,5580,0,5940,2160,5220,5580,8100,16740,2160,0.402546,2,0,0.693816,1.814946,36.033333,0.534727,low,5292000.0,100800.0,359.9568,0.980952,0.784762,4908.604903,5268.561703,5268561.703
H3,heterogeneous_condition,107,90,18900,18900,0,1.0,5191200.0,5173.850823,5173850.823,2010.5,0.0,3000.0,163.350823,0.0,736,758,360,197,201,0,0,0,0,0,2500,0.734553,0.769848,0.768247,0.776742,0.96149,2.78374,0.767296,5220,0,5580,0,5940,2160,5220,5580,8100,16740,2160,0.408796,2,0,0.693816,1.80464,36.033333,0.534727,low,5292000.0,100800.0,359.9568,0.980952,0.784762,5173.850823,5533.807623,5533807.623
H3,heterogeneous_condition,108,90,18900,18900,0,1.0,5191200.0,6452.597884,6452597.884,2477.0,0.0,3781.2,194.397884,0.0,868,890,342,282,266,0,0,0,0,0,3151,0.738364,0.770705,0.754382,0.784711,1.128587,3.150683,0.757685,5220,0,5580,0,5940,2160,5220,5580,8100,16740,2160,0.528935,2,0,0.693816,1.832581,36.033333,0.534727,low,5292000.0,100800.0,359.9568,0.980952,0.784762,6452.597884,6812.554684,6812554.684
H3,heterogeneous_condition,109,90,18900,18900,0,1.0,5191200.0,4631.817192,4631817.192,1798.0,0.0,2685.6,148.217192,0.0,675,683,332,171,180,0,0,0,0,0,2238,0.727998,0.765314,0.756761,0.768077,0.909119,2.084195,0.771056,5220,0,5580,0,5940,2160,5220,5580,8100,16740,2160,0.361806,2,0,0.693816,1.796778,36.033333,0.534727,low,5292000.0,100800.0,359.9568,0.980952,0.784762,4631.817192,4991.773992,4991773.992
H3,heterogeneous_condition,110,90,18900,18900,0,1.0,5191200.0,6421.138732,6421138.732,2509.0,0.0,3717.6,194.538732,0.0,858,893,389,314,190,0,0,0,0,0,3098,0.720484,0.785748,0.743533,0.773584,1.167516,3.047173,0.7585,5220,0,5580,0,5940,2160,5220,5580,8100,16740,2160,0.51875,2,0,0.693816,1.849792,36.033333,0.534727,low,5292000.0,100800.0,359.9568,0.980952,0.784762,6421.138732,6781.095532,6781095.532
H4,heterogeneous_condition,101,90,18900,18900,0,1.0,5254200.0,4801.762282,4801762.282,1861.5,0.0,2791.2,149.062282,0.0,660,680,295,206,179,0,0,0,0,0,2326,0.750665,0.788265,0.771995,0.786633,0.937723,2.4518,0.769111,2430,3240,2430,4050,2700,4050,5670,6480,6750,7560,11340,0.386111,2,0,0.648189,1.743885,52.314286,0.243593,low,5292000.0,37800.0,134.9838,0.992857,0.794286,4801.762282,4936.746082,4936746.082
H4,heterogeneous_condition,102,90,18900,18900,0,1.0,5254200.0,4792.161615,4792161.615,1890.5,0.0,2750.4,151.261615,0.0,679,696,353,218,125,0,0,0,0,0,2292,0.741651,0.781789,0.762057,0.771326,0.873249,2.345799,0.77013,2430,3240,2430,4050,2700,4050,5670,6480,6750,7560,11340,0.37338,2,0,0.648189,1.750909,52.314286,0.243593,low,5292000.0,37800.0,134.9838,0.992857,0.794286,4792.161615,4927.145415,4927145.415
H4,heterogeneous_condition,103,90,18900,18900,0,1.0,5254200.0,6170.840806,6170840.806,2408.5,0.0,3576.0,186.340806,0.0,822,851,359,307,185,0,0,0,0,0,2980,0.719785,0.756054,0.772774,0.773869,0.992559,2.718937,0.76,2430,3240,2430,4050,2700,4050,5670,6480,6750,7560,11340,0.5,2,0,0.648189,1.807673,52.314286,0.243593,low,5292000.0,37800.0,134.9838,0.992857,0.794286,6170.840806,6305.824606,6305824.606
H4,heterogeneous_condition,104,90,18900,18900,0,1.0,5254200.0,5230.518704,5230518.704,2029.5,0.0,3036.0,165.018704,0.0,754,765,363,199,203,0,0,0,0,0,2530,0.73156,0.77091,0.755041,0.777273,0.94391,2.700947,0.767093,2430,3240,2430,4050,2700,4050,5670,6480,6750,7560,11340,0.411343,2,0,0.648189,1.774984,52.314286,0.243593,low,5292000.0,37800.0,134.9838,0.992857,0.794286,5230.518704,5365.502504,5365502.504
H4,heterogeneous_condition,105,90,18900,18900,0,1.0,5254200.0,5578.668509,5578668.509,2170.5,0.0,3237.6,170.568509,0.0,767,783,339,255,189,0,0,0,0,0,2698,0.749999,0.769501,0.787747,0.784852,1.020715,2.576161,0.764204,2430,3240,2430,4050,2700,4050,5670,6480,6750,7560,11340,0.447454,2,0,0.648189,1.774376,52.314286,0.243593,low,5292000.0,37800.0,134.9838,0.992857,0.794286,5578.668509,5713.652309,5713652.309
H4,heterogeneous_condition,106,90,18900,18900,0,1.0,5254200.0,5073.505128,5073505.128,1967.5,0.0,2953.2,152.805128,0.0,668,681,259,263,159,0,0,0,0,0,2461,0.741168,0.778621,0.759847,0.773345,0.982959,2.36643,0.766759,2430,3240,2430,4050,2700,4050,5670,6480,6750,7560,11340,0.415509,2,0,0.648189,1.775906,52.314286,0.243593,low,5292000.0,37800.0,134.9838,0.992857,0.794286,5073.505128,5208.488928,5208488.928
H4,heterogeneous_condition,107,90,18900,18900,0,1.0,5254200.0,5340.383529,5340383.529,2080.0,0.0,3092.4,167.983529,0.0,763,784,381,207,196,0,0,0,0,0,2577,0.742974,0.798929,0.754718,0.7967,0.96149,2.78374,0.76637,2430,3240,2430,4050,2700,4050,5670,6480,6750,7560,11340,0.42037,2,0,0.648189,1.765317,52.314286,0.243593,low,5292000.0,37800.0,134.9838,0.992857,0.794286,5340.383529,5475.367329,5475367.329
H4,heterogeneous_condition,108,90,18900,18900,0,1.0,5254200.0,6608.474924,6608474.924,2551.0,0.0,3858.0,199.474924,0.0,878,915,361,296,258,0,0,0,0,0,3215,0.728966,0.773913,0.749588,0.783627,1.128587,3.150683,0.756685,2430,3240,2430,4050,2700,4050,5670,6480,6750,7560,11340,0.541435,2,0,0.648189,1.805525,52.314286,0.243593,low,5292000.0,37800.0,134.9838,0.992857,0.794286,6608.474924,6743.458724,6743458.724
H4,heterogeneous_condition,109,90,18900,18900,0,1.0,5254200.0,4788.253645,4788253.645,1867.5,0.0,2768.4,152.353645,0.0,699,708,351,182,175,0,0,0,0,0,2307,0.740051,0.777128,0.781174,0.777585,0.909119,2.084195,0.770185,2430,3240,2430,4050,2700,4050,5670,6480,6750,7560,11340,0.372685,2,0,0.648189,1.759217,52.314286,0.243593,low,5292000.0,37800.0,134.9838,0.992857,0.794286,4788.253645,4923.237445,4923237.445
H4,heterogeneous_condition,110,90,18900,18900,0,1.0,5254200.0,6663.34565,6663345.65,2611.5,0.0,3850.8,201.04565,0.0,889,927,408,332,187,0,0,0,0,0,3209,0.725912,0.762931,0.767868,0.794023,1.167516,3.047173,0.757,2430,3240,2430,4050,2700,4050,5670,6480,6750,7560,11340,0.5375,2,0,0.648189,1.814709,52.314286,0.243593,low,5292000.0,37800.0,134.9838,0.992857,0.794286,6663.34565,6798.32945,6798329.45
H1_original,heterogeneous_condition,101,90,18900,18900,0,1.0,4826430.0,3680.946547,3680946.547,1426.0,0.0,2126.4,128.546547,0.0,530,532,252,148,132,0,0,0,0,0,1772,0.500257,0.529428,0.564286,0.559325,0.937723,2.4518,0.777,18,0,3423,2139,5940,7380,18,5562,13320,9381,9519,0.2875,2,0,0.676335,1.517255,41.496931,0.417453,low,5292000.0,465570.0,1662.55047,0.912024,0.729619,3680.946547,5343.497017,5343497.017
H1_original,heterogeneous_condition,102,90,18900,18900,0,1.0,4826325.0,3576.347403,3576347.403,1392.0,0.0,2060.4,123.947403,0.0,495,496,221,175,100,0,0,0,0,0,1717,0.469155,0.498333,0.517467,0.576606,0.873249,2.345799,0.77737,15,0,3786,1779,5940,7380,15,5565,13320,9741,9159,0.28287,2,0,0.677868,1.52147,40.982328,0.426219,low,5292000.0,465675.0,1662.925425,0.912004,0.729603,3576.347403,5239.272828,5239272.828
H1_original,heterogeneous_condition,103,90,18900,18900,0,1.0,4826570.0,4210.888544,4210888.544,1627.0,0.0,2442.0,141.888544,0.0,580,582,244,196,142,0,0,0,0,0,2035,0.473079,0.515254,0.529149,0.543187,0.992559,2.718937,0.773056,22,0,3686,1872,5940,7380,22,5558,13320,9648,9252,0.336806,2,0,0.677463,1.564412,41.134815,0.42361,low,5292000.0,465430.0,1662.05053,0.91205,0.72964,4210.888544,5872.939074,5872939.074
H1_original,heterogeneous_condition,104,90,18900,18900,0,1.0,4826395.0,3868.586039,3868586.039,1480.0,0.0,2257.2,131.386039,0.0,533,534,208,166,160,0,0,0,0,0,1881,0.477231,0.518947,0.565679,0.543569,0.94391,2.700947,0.775,17,0,3396,2167,5940,7380,17,5563,13320,9353,9547,0.3125,2,0,0.676218,1.546165,41.557249,0.416467,low,5292000.0,465605.0,1662.675455,0.912017,0.729614,3868.586039,5531.261494,5531261.494
H1_original,heterogeneous_condition,105,90,18900,18900,0,1.0,4826465.0,4248.57614,4248576.14,1639.0,0.0,2468.4,141.17614,0.0,579,580,231,203,146,0,0,0,0,0,2057,0.47362,0.525395,0.564622,0.551265,1.020715,2.576161,0.772611,19,0,3560,2001,5940,7380,19,5561,13320,9519,9381,0.342361,2,0,0.67692,1.558669,41.340635,0.420174,low,5292000.0,465535.0,1662.425485,0.91203,0.729624,4248.57614,5911.001625,5911001.625
H1_original,heterogeneous_condition,106,90,18900,18900,0,1.0,4826185.0,4121.62835,4121628.35,1588.5,0.0,2395.2,137.92835,0.0,552,557,214,202,141,0,0,0,0,0,1996,0.476464,0.494479,0.545721,0.534416,0.982959,2.36643,0.773222,11,0,3537,2032,5940,7380,11,5569,13320,9488,9412,0.334722,2,0,0.6768,1.568983,41.424921,0.41885,low,5292000.0,465815.0,1663.425365,0.911978,0.729582,4121.62835,5785.053715,5785053.715
H1_original,heterogeneous_condition,107,90,18900,18900,0,1.0,4826395.0,3809.257481,3809257.481,1478.0,0.0,2199.6,131.657481,0.0,545,546,254,160,132,0,0,0,0,0,1833,0.459783,0.491685,0.561245,0.602771,0.96149,2.78374,0.776111,17,0,3785,1778,5940,7380,17,5563,13320,9742,9158,0.298611,2,0,0.67787,1.532087,40.985132,0.426172,low,5292000.0,465605.0,1662.675455,0.912017,0.729614,3809.257481,5471.932936,5471932.936
H1_original,heterogeneous_condition,108,90,18900,18900,0,1.0,4826325.0,4717.910119,4717910.119,1797.5,0.0,2764.8,155.610119,0.0,652,652,247,194,211,0,0,0,0,0,2304,0.474011,0.523289,0.532577,0.586148,1.128587,3.150683,0.76937,15,0,3253,2312,5940,7380,15,5565,13320,9208,9692,0.38287,2,0,0.675605,1.570246,41.807725,0.412305,low,5292000.0,465675.0,1662.925425,0.912004,0.729603,4717.910119,6380.835544,6380835.544
H1_original,heterogeneous_condition,109,90,18900,18900,0,1.0,4826535.0,3470.121738,3470121.738,1331.0,0.0,2016.0,123.121738,0.0,500,500,222,128,150,0,0,0,0,0,1680,0.483417,0.515561,0.543466,0.542295,0.909119,2.084195,0.77813,21,0,3541,2018,5940,7380,21,5559,13320,9502,9398,0.27338,2,0,0.676844,1.530974,41.335079,0.420218,low,5292000.0,465465.0,1662.175515,0.912044,0.729635,3470.121738,5132.297253,5132297.253
H1_original,heterogeneous_condition,110,90,18900,18900,0,1.0,4826185.0,5163.348668,5163348.668,1995.5,0.0,2998.8,169.048668,0.0,711,712,292,241,179,0,0,0,0,0,2499,0.460375,0.500239,0.525478,0.547919,1.167516,3.047173,0.766852,11,0,3555,2014,5940,7380,11,5569,13320,9506,9394,0.414352,2,0,0.676877,1.593742,41.321217,0.420489,low,5292000.0,465815.0,1663.425365,0.911978,0.729582,5163.348668,6826.774033,6826774.033
H1_value_guard,heterogeneous_condition,101,90,18900,18900,0,1.0,4828670.0,3584.308515,3584308.515,1386.5,0.0,2071.2,126.608515,0.0,515,515,237,145,133,0,0,0,0,0,1726,0.457023,0.48295,0.535509,0.556629,0.937723,2.4518,0.777556,41,0,5580,0,5940,7339,41,5580,13279,11561,7339,0.280556,2,0,0.685513,1.522068,36.078466,0.506062,low,5292000.0,463330.0,1654.55143,0.912447,0.729958,3584.308515,5238.859945,5238859.945
H1_value_guard,heterogeneous_condition,102,90,18900,18900,0,1.0,4828530.0,3680.926934,3680926.934,1435.0,0.0,2119.2,126.726934,0.0,510,512,230,180,102,0,0,0,0,0,1766,0.474568,0.504253,0.543345,0.564867,0.873249,2.345799,0.776722,39,0,5580,0,5940,7341,39,5580,13281,11559,7341,0.290972,2,0,0.685509,1.525369,36.076561,0.506081,low,5292000.0,463470.0,1655.05137,0.912421,0.729937,3680.926934,5335.978304,5335978.304
H1_value_guard,heterogeneous_condition,103,90,18900,18900,0,1.0,4827970.0,4141.08722,4141087.22,1597.0,0.0,2404.8,139.28722,0.0,573,574,237,187,150,0,0,0,0,0,2004,0.467063,0.491024,0.544553,0.602595,0.992559,2.718937,0.773463,31,0,5580,0,5940,7349,31,5580,13289,11551,7349,0.331713,2,0,0.685497,1.569925,36.077619,0.506022,low,5292000.0,464030.0,1657.05113,0.912315,0.729852,4141.08722,5798.13835,5798138.35
H1_value_guard,heterogeneous_condition,104,90,18900,18900,0,1.0,4828180.0,3806.065543,3806065.543,1452.5,0.0,2223.6,129.965543,0.0,520,523,199,163,161,0,0,0,0,0,1853,0.470418,0.5139,0.541351,0.535911,0.94391,2.700947,0.775278,34,0,5580,0,5940,7346,34,5580,13286,11554,7346,0.309028,2,0,0.685501,1.547394,36.076508,0.506055,low,5292000.0,463820.0,1656.30122,0.912354,0.729884,3806.065543,5462.366763,5462366.763
H1_value_guard,heterogeneous_condition,105,90,18900,18900,0,1.0,4828320.0,4212.258416,4212258.416,1623.5,0.0,2448.0,140.758416,0.0,572,574,226,201,147,0,0,0,0,0,2040,0.471212,0.494603,0.547614,0.551117,1.020715,2.576161,0.772778,36,0,5580,0,5940,7344,36,5580,13284,11556,7344,0.340278,2,0,0.685505,1.559669,36.078942,0.506028,low,5292000.0,463680.0,1655.80128,0.912381,0.729905,4212.258416,5868.059696,5868059.696
H1_value_guard,heterogeneous_condition,106,90,18900,18900,0,1.0,4828180.0,4205.293739,4205293.739,1620.5,0.0,2445.6,139.193739,0.0,567,569,219,205,145,0,0,0,0,0,2038,0.493054,0.540599,0.535705,0.587311,0.982959,2.36643,0.772722,34,0,5580,0,5940,7346,34,5580,13286,11554,7346,0.340972,2,0,0.685501,1.567465,36.08,0.506001,low,5292000.0,463820.0,1656.30122,0.912354,0.729884,4205.293739,5861.594959,5861594.959
H1_value_guard,heterogeneous_condition,107,90,18900,18900,0,1.0,4828320.0,3779.598127,3779598.127,1463.5,0.0,2185.2,130.898127,0.0,540,541,249,157,135,0,0,0,0,0,1821,0.493527,0.528299,0.562211,0.557262,0.96149,2.78374,0.776259,36,0,5580,0,5940,7344,36,5580,13284,11556,7344,0.296759,2,0,0.685505,1.533568,36.075238,0.506086,low,5292000.0,463680.0,1655.80128,0.912381,0.729905,3779.598127,5435.399407,5435399.407
H1_value_guard,heterogeneous_condition,108,90,18900,18900,0,1.0,4828180.0,4757.644026,4757644.026,1806.0,0.0,2794.8,156.844026,0.0,653,654,240,194,220,0,0,0,0,0,2329,0.480713,0.517449,0.52635,0.56139,1.128587,3.150683,0.768963,34,0,5580,0,5940,7346,34,5580,13286,11554,7346,0.387963,2,0,0.685501,1.570153,36.076508,0.506055,low,5292000.0,463820.0,1656.30122,0.912354,0.729884,4757.644026,6413.945246,6413945.246
H1_value_guard,heterogeneous_condition,109,90,18900,18900,0,1.0,4828320.0,3512.227796,3512227.796,1343.5,0.0,2044.8,123.927796,0.0,503,503,218,130,155,0,0,0,0,0,1704,0.470984,0.505342,0.543997,0.551699,0.909119,2.084195,0.777741,36,0,5580,0,5940,7344,36,5580,13284,11556,7344,0.278241,2,0,0.685505,1.53403,36.075238,0.506086,low,5292000.0,463680.0,1655.80128,0.912381,0.729905,3512.227796,5168.029076,5168029.076
H1_value_guard,heterogeneous_condition,110,90,18900,18900,0,1.0,4827410.0,5129.55879,5129558.79,1978.0,0.0,2984.4,167.15879,0.0,707,708,289,235,184,0,0,0,0,0,2487,0.466109,0.492709,0.557129,0.576984,1.167516,3.047173,0.767,23,0,5580,0,5940,7357,23,5580,13297,11543,7357,0.4125,2,0,0.685484,1.5908,36.075926,0.506005,low,5292000.0,464590.0,1659.05089,0.912209,0.729767,5129.55879,6788.60968,6788609.68
H2_original,heterogeneous_condition,101,90,18900,18900,0,1.0,4828880.0,3678.813268,3678813.268,1423.5,0.0,2126.4,128.913268,0.0,526,527,244,152,131,0,0,0,0,0,1772,0.462418,0.494984,0.552018,0.536605,0.937723,2.4518,0.776926,44,0,5580,0,5940,7336,44,5580,13276,11564,7336,0.288426,2,0,0.685517,1.562978,36.074815,0.506136,low,5292000.0,463120.0,1653.80152,0.912487,0.729989,3678.813268,5332.614788,5332614.788
H2_original,heterogeneous_condition,102,90,18900,18900,0,1.0,4829160.0,3697.975296,3697975.296,1440.0,0.0,2130.0,127.975296,0.0,513,515,232,179,104,0,0,0,0,0,1775,0.454596,0.464858,0.551471,0.538971,0.873249,2.345799,0.77663,48,0,5580,0,5940,7332,48,5580,13272,11568,7332,0.29213,2,0,0.685524,1.56733,36.068466,0.506257,low,5292000.0,462840.0,1652.80164,0.91254,0.730032,3697.975296,5350.776936,5350776.936
H2_original,heterogeneous_condition,103,90,18900,18900,0,1.0,4828530.0,4170.763675,4170763.675,1608.0,0.0,2421.6,141.163675,0.0,572,574,236,194,144,0,0,0,0,0,2018,0.454804,0.497653,0.514586,0.528263,0.992559,2.718937,0.773222,39,0,5580,0,5940,7341,39,5580,13281,11559,7341,0.334722,2,0,0.685509,1.614995,36.07254,0.506144,low,5292000.0,463470.0,1655.05137,0.912421,0.729937,4170.763675,5825.815045,5825815.045
H2_original,heterogeneous_condition,104,90,18900,18900,0,1.0,4829090.0,3819.27035,3819270.35,1457.5,0.0,2230.8,130.97035,0.0,523,525,202,164,159,0,0,0,0,0,1859,0.456279,0.51393,0.532512,0.503686,0.94391,2.700947,0.775259,47,0,5580,0,5940,7333,47,5580,13273,11567,7333,0.309259,2,0,0.685522,1.594795,36.065556,0.506297,low,5292000.0,462910.0,1653.05161,0.912526,0.730021,3819.27035,5472.32196,5472321.96
H2_original,heterogeneous_condition,105,90,18900,18900,0,1.0,4828880.0,4208.161575,4208161.575,1621.5,0.0,2445.6,141.061575,0.0,572,574,227,200,147,0,0,0,0,0,2038,0.454213,0.483968,0.544062,0.540173,1.020715,2.576161,0.772815,44,0,5580,0,5940,7336,44,5580,13276,11564,7336,0.339815,2,0,0.685517,1.60453,36.070476,0.506204,low,5292000.0,463120.0,1653.80152,0.912487,0.729989,4208.161575,5861.963095,5861963.095
H2_original,heterogeneous_condition,106,90,18900,18900,0,1.0,4828880.0,4134.42232,4134422.32,1592.5,0.0,2403.6,138.32232,0.0,556,558,214,203,141,0,0,0,0,0,2003,0.470498,0.507733,0.536314,0.525649,0.982959,2.36643,0.773185,44,0,5580,0,5940,7336,44,5580,13276,11564,7336,0.335185,2,0,0.685517,1.61773,36.070476,0.506204,low,5292000.0,463120.0,1653.80152,0.912487,0.729989,4134.42232,5788.22384,5788223.84
H2_original,heterogeneous_condition,107,90,18900,18900,0,1.0,4828600.0,3651.137699,3651137.699,1417.5,0.0,2104.8,128.837699,0.0,525,526,248,151,127,0,0,0,0,0,1754,0.47124,0.513073,0.5426,0.513792,0.96149,2.78374,0.777204,40,0,5580,0,5940,7340,40,5580,13280,11560,7340,0.284954,2,0,0.685511,1.57657,36.071429,0.506167,low,5292000.0,463400.0,1654.8014,0.912434,0.729947,3651.137699,5305.939099,5305939.099
H2_original,heterogeneous_condition,108,90,18900,18900,0,1.0,4828670.0,4743.539222,4743539.222,1803.5,0.0,2782.8,157.239222,0.0,652,653,243,195,215,0,0,0,0,0,2319,0.457436,0.509965,0.517259,0.534403,1.128587,3.150683,0.769111,41,0,5580,0,5940,7339,41,5580,13279,11561,7339,0.386111,2,0,0.685513,1.622883,36.070212,0.506192,low,5292000.0,463330.0,1654.55143,0.912447,0.729958,4743.539222,6398.090652,6398090.652
H2_original,heterogeneous_condition,109,90,18900,18900,0,1.0,4829020.0,3480.806853,3480806.853,1336.0,0.0,2020.8,124.006853,0.0,499,502,222,128,152,0,0,0,0,0,1684,0.462552,0.526826,0.524017,0.527831,0.909119,2.084195,0.778019,46,0,5580,0,5940,7334,46,5580,13274,11566,7334,0.274769,2,0,0.685521,1.579558,36.06254,0.506339,low,5292000.0,462980.0,1653.30158,0.912513,0.730011,3480.806853,5134.108433,5134108.433
H2_original,heterogeneous_condition,110,90,18900,18900,0,1.0,4828040.0,5134.89217,5134892.17,1985.5,0.0,2982.0,167.39217,0.0,703,709,291,239,179,0,0,0,0,0,2485,0.472718,0.507642,0.579272,0.536791,1.167516,3.047173,0.766963,32,0,5580,0,5940,7348,32,5580,13288,11552,7348,0.412963,2,0,0.685498,1.633972,36.077354,0.506031,low,5292000.0,463960.0,1656.80116,0.912328,0.729862,5134.89217,6791.69333,6791693.33
H2_value_guard,heterogeneous_condition,101,90,18900,18900,0,1.0,4830280.0,3701.179922,3701179.922,1435.0,0.0,2136.0,130.179922,0.0,532,533,251,152,130,0,0,0,0,0,1780,0.459285,0.479253,0.545137,0.542112,0.937723,2.4518,0.77687,64,0,5580,0,5940,7316,64,5580,13256,11584,7316,0.28912,2,0,0.685549,1.566015,36.049841,0.506635,low,5292000.0,461720.0,1648.80212,0.912751,0.730201,3701.179922,5349.982042,5349982.042
H2_value_guard,heterogeneous_condition,102,90,18900,18900,0,1.0,4830490.0,3630.718152,3630718.152,1415.5,0.0,2088.0,127.218152,0.0,506,507,232,176,99,0,0,0,0,0,1740,0.450444,0.469895,0.517266,0.512857,0.873249,2.345799,0.777148,67,0,5580,0,5940,7313,67,5580,13253,11587,7313,0.285648,2,0,0.685554,1.565156,36.057513,0.506531,low,5292000.0,461510.0,1648.05221,0.912791,0.730233,3630.718152,5278.770362,5278770.362
H2_value_guard,heterogeneous_condition,103,90,18900,18900,0,1.0,4829930.0,4224.96849,4224968.49,1632.5,0.0,2450.4,142.06849,0.0,580,582,242,199,141,0,0,0,0,0,2042,0.470442,0.50834,0.551796,0.517424,0.992559,2.718937,0.772926,59,0,5580,0,5940,7321,59,5580,13261,11579,7321,0.338426,2,0,0.685541,1.611699,36.036349,0.506819,low,5292000.0,462070.0,1650.05197,0.912685,0.730148,4224.96849,5875.02046,5875020.46
H2_value_guard,heterogeneous_condition,104,90,18900,18900,0,1.0,4830070.0,3851.980654,3851980.654,1471.0,0.0,2250.0,130.980654,0.0,526,529,204,167,158,0,0,0,0,0,1875,0.452811,0.504485,0.577645,0.508025,0.94391,2.700947,0.775019,61,0,5580,0,5940,7319,61,5580,13259,11581,7319,0.312269,2,0,0.685545,1.595509,36.042063,0.50674,low,5292000.0,461930.0,1649.55203,0.912712,0.730169,3851.980654,5501.532684,5501532.684
H2_value_guard,heterogeneous_condition,105,90,18900,18900,0,1.0,4830070.0,4139.394557,4139394.557,1593.5,0.0,2406.0,139.894557,0.0,562,564,224,197,143,0,0,0,0,0,2005,0.445088,0.488766,0.529504,0.494386,1.020715,2.576161,0.773278,61,0,5580,0,5940,7319,61,5580,13259,11581,7319,0.334028,2,0,0.685545,1.6037,36.042063,0.50674,low,5292000.0,461930.0,1649.55203,0.912712,0.730169,4139.394557,5788.946587,5788946.587
H2_value_guard,heterogeneous_condition,106,90,18900,18900,0,1.0,4830280.0,4179.230719,4179230.719,1613.5,0.0,2426.4,139.330719,0.0,560,565,219,207,139,0,0,0,0,0,2022,0.471198,0.48973,0.566665,0.52729,0.982959,2.36643,0.772889,64,0,5580,0,5940,7316,64,5580,13256,11584,7316,0.338889,2,0,0.685549,1.617031,36.049841,0.506635,low,5292000.0,461720.0,1648.80212,0.912751,0.730201,4179.230719,5828.032839,5828032.839
H2_value_guard,heterogeneous_condition,107,90,18900,18900,0,1.0,4830000.0,3732.442225,3732442.225,1450.0,0.0,2151.6,130.842225,0.0,536,537,253,156,128,0,0,0,0,0,1793,0.47814,0.532715,0.547846,0.509128,0.96149,2.78374,0.776685,60,0,5580,0,5940,7320,60,5580,13260,11580,7320,0.291435,2,0,0.685543,1.579025,36.039259,0.506779,low,5292000.0,462000.0,1649.802,0.912698,0.730159,3732.442225,5382.244225,5382244.225
H2_value_guard,heterogeneous_condition,108,90,18900,18900,0,1.0,4829860.0,4668.740232,4668740.232,1774.5,0.0,2739.6,154.640232,0.0,643,645,243,189,213,0,0,0,0,0,2283,0.469994,0.533492,0.527687,0.550159,1.128587,3.150683,0.76963,58,0,5580,0,5940,7322,58,5580,13262,11578,7322,0.37963,2,0,0.68554,1.618288,36.033333,0.506861,low,5292000.0,462140.0,1650.30194,0.912672,0.730138,4668.740232,6319.042172,6319042.172
H2_value_guard,heterogeneous_condition,109,90,18900,18900,0,1.0,4830140.0,3381.694013,3381694.013,1296.0,0.0,1964.4,121.294013,0.0,486,487,215,124,148,0,0,0,0,0,1637,0.44973,0.472742,0.541782,0.528405,0.909119,2.084195,0.778667,62,0,5580,0,5940,7318,62,5580,13258,11582,7318,0.266667,2,0,0.685546,1.579742,36.044762,0.506703,low,5292000.0,461860.0,1649.30206,0.912725,0.73018,3381.694013,5030.996073,5030996.073
H2_value_guard,heterogeneous_condition,110,90,18900,18900,0,1.0,4829790.0,5178.125831,5178125.831,1991.0,9.6,3008.4,169.125831,0.0,705,709,289,242,178,1,1,0,0,1,2507,0.467146,0.506697,0.521982,0.529054,1.167516,3.047173,0.76663,57,0,5580,0,5940,7323,57,5580,13263,11577,7323,0.415046,2,0,0.685541,1.638127,36.03513,0.50683,low,5292000.0,462210.0,1650.55191,0.912659,0.730127,5178.125831,6828.677741,6828677.741
H0,heterogeneous_condition,101,90,18900,18900,0,1.0,5435640.0,9163.306803,9163306.803,3349.0,211.2,5445.6,157.506803,0.0,394,1182,394,394,394,22,22,0,0,22,4538,0.857074,0.887814,0.908946,0.951529,0.937723,2.4518,0.72363,4178,4145,4145,2213,2186,2033,8323,6358,4219,10509,8391,0.908796,2,0,0.652972,0.821473,47.764507,0.319824,base,5292000.0,0.0,0.0,1.027143,0.821714,9163.306803,9163.306803,9163306.803
H0,heterogeneous_condition,102,90,18900,18900,0,1.0,5433610.0,9618.806105,9618806.105,3349.0,412.8,5697.6,159.406105,0.0,394,1182,394,394,394,43,43,0,0,43,4748,0.82367,0.856644,0.912723,0.95227,0.873249,2.345799,0.72013,4146,4142,4119,2251,2209,2033,8288,6370,4242,10474,8426,0.908796,2,0,0.652901,0.805475,47.841261,0.318345,base,5292000.0,0.0,0.0,1.026759,0.821407,9618.806105,9618.806105,9618806.105
H0,heterogeneous_condition,103,90,18900,18899,1,0.999947,5433610.0,10136.063606,10136063.606,3349.0,633.6,5956.8,194.663606,2.0,394,1182,394,394,394,59,45,14,0,59,4964,0.805144,0.869247,0.857461,0.951318,0.992559,2.718937,0.716426,4144,4136,4148,2245,2190,2036,8280,6393,4226,10482,8417,0.908796,2,0,0.652911,1.018742,47.810212,0.318961,base,5292000.0,0.0,0.0,1.026759,0.821451,10136.063606,10136.063606,10136063.606
H0,heterogeneous_condition,104,90,18900,18898,2,0.999894,5434380.0,9288.733081,9288733.081,3349.0,260.4,5508.0,167.333081,4.0,394,1182,394,394,394,27,26,0,1,27,4590,0.833531,0.843167,0.924642,0.940313,0.94391,2.700947,0.722759,4168,4144,4143,2215,2208,2020,8312,6358,4228,10519,8379,0.908796,2,0,0.653089,0.842127,47.769194,0.319687,base,5292000.0,0.0,0.0,1.026905,0.821611,9288.733081,9288.733081,9288733.081
H0,heterogeneous_condition,105,90,18900,18900,0,1.0,5434870.0,9759.82732,9759827.32,3349.0,475.2,5758.8,176.82732,0.0,394,1182,394,394,394,43,30,13,0,43,4799,0.831131,0.872256,0.914811,0.931722,1.020715,2.576161,0.719167,4147,4154,4133,2247,2190,2029,8301,6380,4219,10470,8430,0.908796,2,0,0.652901,0.90341,47.838938,0.318481,base,5292000.0,0.0,0.0,1.026997,0.821598,9759.82732,9759.82732,9759827.32
H0,heterogeneous_condition,106,90,18900,18898,2,0.999894,5434660.0,8955.70351,8955703.51,3349.0,115.2,5325.6,161.90351,4.0,394,1182,394,394,394,12,12,0,0,12,4438,0.869419,0.915544,0.894515,0.947598,0.982959,2.36643,0.725296,4159,4158,4138,2218,2191,2034,8317,6356,4225,10488,8410,0.908796,2,0,0.652942,0.74702,47.783184,0.319351,base,5292000.0,0.0,0.0,1.026958,0.821653,8955.70351,8955.70351,8955703.51
H0,heterogeneous_condition,107,90,18900,18899,1,0.999947,5434030.0,9945.055866,9945055.866,3349.0,548.4,5870.4,175.255866,2.0,394,1182,394,394,394,54,41,4,9,54,4892,0.803706,0.850981,0.911198,0.925312,0.96149,2.78374,0.717667,4154,4146,4139,2226,2203,2031,8300,6365,4234,10496,8403,0.908796,2,0,0.652972,0.924701,47.825146,0.318862,base,5292000.0,0.0,0.0,1.026839,0.821514,9945.055866,9945.055866,9945055.866
H0,heterogeneous_condition,108,90,18900,18897,3,0.999841,5430215.0,10930.450219,10930450.219,3349.0,972.0,6396.0,207.450219,6.0,394,1182,394,394,394,92,60,14,18,92,5330,0.775449,0.869233,0.871492,0.893517,1.128587,3.150683,0.710259,4105,4128,4141,2263,2216,2044,8233,6404,4260,10462,8435,0.908796,2,0,0.653033,1.000046,47.889884,0.317576,base,5292000.0,0.0,0.0,1.026118,0.821025,10930.450219,10930.450219,10930450.219
H0,heterogeneous_condition,109,90,18900,18900,0,1.0,5434485.0,8960.353569,8960353.569,3349.0,124.8,5334.0,152.553569,0.0,394,1182,394,394,394,13,13,0,0,13,4445,0.867919,0.878033,0.9489,0.939497,0.909119,2.084195,0.725167,4159,4148,4134,2223,2206,2030,8307,6357,4236,10499,8401,0.908796,2,0,0.653037,0.70722,47.802358,0.319079,base,5292000.0,0.0,0.0,1.026925,0.82154,8960.353569,8960.353569,8960353.569
H0,heterogeneous_condition,110,90,18900,18897,3,0.999841,5434170.0,10940.120382,10940120.382,3349.0,997.2,6378.0,209.920382,6.0,394,1182,394,394,394,87,51,33,3,87,5315,0.747663,0.794246,0.857606,0.929901,1.167516,3.047173,0.710407,4156,4151,4129,2240,2196,2025,8307,6369,4221,10481,8416,0.908796,2,0,0.652936,1.11411,47.832324,0.318658,base,5292000.0,0.0,0.0,1.026865,0.821622,10940.120382,10940.120382,10940120.382
H_TIME,heterogeneous_condition,101,90,18900,18900,0,1.0,5434975.0,8629.543999,8629543.999,3298.0,28.8,5145.6,157.143999,0.0,388,1164,388,388,388,3,3,0,0,3,4288,0.900236,0.910353,0.962533,0.962576,0.937723,2.4518,0.727796,4171,4150,4172,2171,2195,2041,8321,6343,4236,10538,8362,0.896296,2,0,0.653158,0.503646,47.728138,0.320488,base,5292000.0,0.0,0.0,1.027017,0.821614,8629.543999,8629.543999,8629543.999
H_TIME,heterogeneous_condition,102,90,18900,18899,1,0.999947,5432735.0,9022.119998,9022119.998,3298.0,201.6,5361.6,158.919998,2.0,388,1164,388,388,388,21,21,0,0,21,4468,0.727179,0.782506,0.92212,0.948933,0.873249,2.345799,0.724796,4154,4125,4157,2213,2200,2050,8279,6370,4250,10511,8388,0.896296,2,0,0.653072,0.763691,47.826691,0.31892,base,5292000.0,0.0,0.0,1.026594,0.821319,9022.119998,9022.119998,9022119.998
H_TIME,heterogeneous_condition,103,90,18900,18899,1,0.999947,5433925.0,9684.685195,9684685.195,3298.0,480.0,5709.6,195.085195,2.0,388,1164,388,388,388,50,50,0,0,50,4758,0.691556,0.809611,0.814862,0.91372,0.992559,2.718937,0.719963,4144,4150,4159,2215,2198,2033,8294,6374,4231,10501,8398,0.896296,2,0,0.65297,1.120405,47.785107,0.319307,base,5292000.0,0.0,0.0,1.026819,0.821498,9684.685195,9684.685195,9684685.195
H_TIME,heterogeneous_condition,104,90,18900,18900,0,1.0,5434765.0,8834.298707,8834298.707,3298.0,115.2,5253.6,167.498707,0.0,388,1164,388,388,388,12,12,0,0,12,4378,0.735236,0.810918,0.928859,0.894606,0.94391,2.700947,0.726296,4161,4159,4160,2179,2210,2031,8320,6339,4241,10531,8369,0.896296,2,0,0.653148,0.976886,47.745876,0.320024,base,5292000.0,0.0,0.0,1.026978,0.821582,8834.298707,8834.298707,8834298.707
H_TIME,heterogeneous_condition,105,90,18900,18900,0,1.0,5433610.0,9123.397136,9123397.136,3298.0,244.8,5404.8,175.797136,0.0,388,1164,388,388,388,21,12,9,0,21,4504,0.703419,0.837202,0.855409,0.911422,1.020715,2.576161,0.72413,4131,4154,4153,2223,2190,2049,8285,6376,4239,10474,8426,0.896296,2,0,0.652962,0.928894,47.843243,0.318429,base,5292000.0,0.0,0.0,1.026759,0.821407,9123.397136,9123.397136,9123397.136
H_TIME,heterogeneous_condition,106,90,18900,18900,0,1.0,5434520.0,8590.679998,8590679.998,3298.0,9.6,5121.6,161.479998,0.0,388,1164,388,388,388,1,1,0,0,1,4268,0.91003,0.922824,0.947223,0.966939,0.982959,2.36643,0.72813,4154,4153,4164,2194,2194,2041,8307,6358,4235,10512,8388,0.896296,2,0,0.653071,0.477551,47.775462,0.319618,base,5292000.0,0.0,0.0,1.026931,0.821545,8590.679998,8590.679998,8590679.998
H_TIME,heterogeneous_condition,107,90,18900,18900,0,1.0,5433505.0,9500.761458,9500761.458,3298.0,414.0,5613.6,175.161458,0.0,388,1164,388,388,388,43,42,0,1,43,4678,0.711841,0.799022,0.865756,0.940056,0.96149,2.78374,0.721278,4145,4139,4156,2219,2203,2038,8284,6375,4241,10504,8396,0.896296,2,0,0.653035,1.107143,47.821253,0.318853,base,5292000.0,0.0,0.0,1.026739,0.821392,9500.761458,9500.761458,9500761.458
H_TIME,heterogeneous_condition,108,90,18900,18899,1,0.999947,5430530.0,10554.226884,10554226.884,3298.0,864.0,6182.4,207.826884,2.0,388,1164,388,388,388,83,63,12,8,83,5152,0.692311,0.854127,0.841257,0.849987,1.128587,3.150683,0.713278,4110,4124,4157,2240,2234,2034,8234,6397,4268,10501,8398,0.896296,2,0,0.653176,1.068472,47.851544,0.318189,base,5292000.0,0.0,0.0,1.026177,0.820985,10554.226884,10554.226884,10554226.884
H_TIME,heterogeneous_condition,109,90,18900,18900,0,1.0,5434065.0,8581.235284,8581235.284,3298.0,9.6,5121.6,152.035284,0.0,388,1164,388,388,388,1,1,0,0,1,4268,0.927711,0.928546,0.971647,0.967487,0.909119,2.084195,0.72813,4151,4162,4140,2193,2222,2032,8313,6333,4254,10513,8387,0.896296,2,0,0.653116,0.472405,47.791493,0.319165,base,5292000.0,0.0,0.0,1.026845,0.821476,8581.235284,8581.235284,8581235.284
H_TIME,heterogeneous_condition,110,90,18900,18900,0,1.0,5433995.0,10108.415206,10108415.206,3298.0,667.2,5932.8,210.415206,0.0,388,1164,388,388,388,63,47,12,4,63,4944,0.651398,0.767207,0.798609,0.89454,1.167516,3.047173,0.716759,4130,4169,4149,2210,2208,2034,8299,6359,4242,10487,8413,0.896296,2,0,0.652982,1.301713,47.818752,0.3187,base,5292000.0,0.0,0.0,1.026832,0.821466,10108.415206,10108.415206,10108415.206
H1,heterogeneous_condition,101,90,18900,18900,0,1.0,4826430.0,3680.946547,3680946.547,1426.0,0.0,2126.4,128.546547,0.0,530,532,252,148,132,0,0,0,0,0,1772,0.500257,0.529428,0.564286,0.559325,0.937723,2.4518,0.777,18,0,3423,2139,5940,7380,18,5562,13320,9381,9519,0.2875,2,0,0.676335,1.517255,41.496931,0.417453,base,5292000.0,465570.0,3325.56651,0.912024,0.729619,3680.946547,7006.513057,7006513.057
H1,heterogeneous_condition,102,90,18900,18900,0,1.0,4826325.0,3576.347403,3576347.403,1392.0,0.0,2060.4,123.947403,0.0,495,496,221,175,100,0,0,0,0,0,1717,0.469155,0.498333,0.517467,0.576606,0.873249,2.345799,0.77737,15,0,3786,1779,5940,7380,15,5565,13320,9741,9159,0.28287,2,0,0.677868,1.52147,40.982328,0.426219,base,5292000.0,465675.0,3326.316525,0.912004,0.729603,3576.347403,6902.663928,6902663.928
H1,heterogeneous_condition,103,90,18900,18900,0,1.0,4826570.0,4210.888544,4210888.544,1627.0,0.0,2442.0,141.888544,0.0,580,582,244,196,142,0,0,0,0,0,2035,0.473079,0.515254,0.529149,0.543187,0.992559,2.718937,0.773056,22,0,3686,1872,5940,7380,22,5558,13320,9648,9252,0.336806,2,0,0.677463,1.564412,41.134815,0.42361,base,5292000.0,465430.0,3324.56649,0.91205,0.72964,4210.888544,7535.455034,7535455.034
H1,heterogeneous_condition,104,90,18900,18900,0,1.0,4826395.0,3868.586039,3868586.039,1480.0,0.0,2257.2,131.386039,0.0,533,534,208,166,160,0,0,0,0,0,1881,0.477231,0.518947,0.565679,0.543569,0.94391,2.700947,0.775,17,0,3396,2167,5940,7380,17,5563,13320,9353,9547,0.3125,2,0,0.676218,1.546165,41.557249,0.416467,base,5292000.0,465605.0,3325.816515,0.912017,0.729614,3868.586039,7194.402554,7194402.554
H1,heterogeneous_condition,105,90,18900,18900,0,1.0,4826465.0,4248.57614,4248576.14,1639.0,0.0,2468.4,141.17614,0.0,579,580,231,203,146,0,0,0,0,0,2057,0.47362,0.525395,0.564622,0.551265,1.020715,2.576161,0.772611,19,0,3560,2001,5940,7380,19,5561,13320,9519,9381,0.342361,2,0,0.67692,1.558669,41.340635,0.420174,base,5292000.0,465535.0,3325.316505,0.91203,0.729624,4248.57614,7573.892645,7573892.645
H1,heterogeneous_condition,106,90,18900,18900,0,1.0,4826185.0,4121.62835,4121628.35,1588.5,0.0,2395.2,137.92835,0.0,552,557,214,202,141,0,0,0,0,0,1996,0.476464,0.494479,0.545721,0.534416,0.982959,2.36643,0.773222,11,0,3537,2032,5940,7380,11,5569,13320,9488,9412,0.334722,2,0,0.6768,1.568983,41.424921,0.41885,base,5292000.0,465815.0,3327.316545,0.911978,0.729582,4121.62835,7448.944895,7448944.895
H1,heterogeneous_condition,107,90,18900,18900,0,1.0,4826395.0,3809.257481,3809257.481,1478.0,0.0,2199.6,131.657481,0.0,545,546,254,160,132,0,0,0,0,0,1833,0.459783,0.491685,0.561245,0.602771,0.96149,2.78374,0.776111,17,0,3785,1778,5940,7380,17,5563,13320,9742,9158,0.298611,2,0,0.67787,1.532087,40.985132,0.426172,base,5292000.0,465605.0,3325.816515,0.912017,0.729614,3809.257481,7135.073996,7135073.996
H1,heterogeneous_condition,108,90,18900,18900,0,1.0,4826325.0,4717.910119,4717910.119,1797.5,0.0,2764.8,155.610119,0.0,652,652,247,194,211,0,0,0,0,0,2304,0.474011,0.523289,0.532577,0.586148,1.128587,3.150683,0.76937,15,0,3253,2312,5940,7380,15,5565,13320,9208,9692,0.38287,2,0,0.675605,1.570246,41.807725,0.412305,base,5292000.0,465675.0,3326.316525,0.912004,0.729603,4717.910119,8044.226644,8044226.644
H1,heterogeneous_condition,109,90,18900,18900,0,1.0,4826535.0,3470.121738,3470121.738,1331.0,0.0,2016.0,123.121738,0.0,500,500,222,128,150,0,0,0,0,0,1680,0.483417,0.515561,0.543466,0.542295,0.909119,2.084195,0.77813,21,0,3541,2018,5940,7380,21,5559,13320,9502,9398,0.27338,2,0,0.676844,1.530974,41.335079,0.420218,base,5292000.0,465465.0,3324.816495,0.912044,0.729635,3470.121738,6794.938233,6794938.233
H1,heterogeneous_condition,110,90,18900,18900,0,1.0,4826185.0,5163.348668,5163348.668,1995.5,0.0,2998.8,169.048668,0.0,711,712,292,241,179,0,0,0,0,0,2499,0.460375,0.500239,0.525478,0.547919,1.167516,3.047173,0.766852,11,0,3555,2014,5940,7380,11,5569,13320,9506,9394,0.414352,2,0,0.676877,1.593742,41.321217,0.420489,base,5292000.0,465815.0,3327.316545,0.911978,0.729582,5163.348668,8490.665213,8490665.213
H2,heterogeneous_condition,101,90,18900,18900,0,1.0,4828880.0,3678.813268,3678813.268,1423.5,0.0,2126.4,128.913268,0.0,526,527,244,152,131,0,0,0,0,0,1772,0.462418,0.494984,0.552018,0.536605,0.937723,2.4518,0.776926,44,0,5580,0,5940,7336,44,5580,13276,11564,7336,0.288426,2,0,0.685517,1.562978,36.074815,0.506136,base,5292000.0,463120.0,3308.06616,0.912487,0.729989,3678.813268,6986.879428,6986879.428
H2,heterogeneous_condition,102,90,18900,18900,0,1.0,4829160.0,3697.975296,3697975.296,1440.0,0.0,2130.0,127.975296,0.0,513,515,232,179,104,0,0,0,0,0,1775,0.454596,0.464858,0.551471,0.538971,0.873249,2.345799,0.77663,48,0,5580,0,5940,7332,48,5580,13272,11568,7332,0.29213,2,0,0.685524,1.56733,36.068466,0.506257,base,5292000.0,462840.0,3306.06612,0.91254,0.730032,3697.975296,7004.041416,7004041.416
H2,heterogeneous_condition,103,90,18900,18900,0,1.0,4828530.0,4170.763675,4170763.675,1608.0,0.0,2421.6,141.163675,0.0,572,574,236,194,144,0,0,0,0,0,2018,0.454804,0.497653,0.514586,0.528263,0.992559,2.718937,0.773222,39,0,5580,0,5940,7341,39,5580,13281,11559,7341,0.334722,2,0,0.685509,1.614995,36.07254,0.506144,base,5292000.0,463470.0,3310.56621,0.912421,0.729937,4170.763675,7481.329885,7481329.885
H2,heterogeneous_condition,104,90,18900,18900,0,1.0,4829090.0,3819.27035,3819270.35,1457.5,0.0,2230.8,130.97035,0.0,523,525,202,164,159,0,0,0,0,0,1859,0.456279,0.51393,0.532512,0.503686,0.94391,2.700947,0.775259,47,0,5580,0,5940,7333,47,5580,13273,11567,7333,0.309259,2,0,0.685522,1.594795,36.065556,0.506297,base,5292000.0,462910.0,3306.56613,0.912526,0.730021,3819.27035,7125.83648,7125836.48
H2,heterogeneous_condition,105,90,18900,18900,0,1.0,4828880.0,4208.161575,4208161.575,1621.5,0.0,2445.6,141.061575,0.0,572,574,227,200,147,0,0,0,0,0,2038,0.454213,0.483968,0.544062,0.540173,1.020715,2.576161,0.772815,44,0,5580,0,5940,7336,44,5580,13276,11564,7336,0.339815,2,0,0.685517,1.60453,36.070476,0.506204,base,5292000.0,463120.0,3308.06616,0.912487,0.729989,4208.161575,7516.227735,7516227.735
H2,heterogeneous_condition,106,90,18900,18900,0,1.0,4828880.0,4134.42232,4134422.32,1592.5,0.0,2403.6,138.32232,0.0,556,558,214,203,141,0,0,0,0,0,2003,0.470498,0.507733,0.536314,0.525649,0.982959,2.36643,0.773185,44,0,5580,0,5940,7336,44,5580,13276,11564,7336,0.335185,2,0,0.685517,1.61773,36.070476,0.506204,base,5292000.0,463120.0,3308.06616,0.912487,0.729989,4134.42232,7442.48848,7442488.48
H2,heterogeneous_condition,107,90,18900,18900,0,1.0,4828600.0,3651.137699,3651137.699,1417.5,0.0,2104.8,128.837699,0.0,525,526,248,151,127,0,0,0,0,0,1754,0.47124,0.513073,0.5426,0.513792,0.96149,2.78374,0.777204,40,0,5580,0,5940,7340,40,5580,13280,11560,7340,0.284954,2,0,0.685511,1.57657,36.071429,0.506167,base,5292000.0,463400.0,3310.0662,0.912434,0.729947,3651.137699,6961.203899,6961203.899
H2,heterogeneous_condition,108,90,18900,18900,0,1.0,4828670.0,4743.539222,4743539.222,1803.5,0.0,2782.8,157.239222,0.0,652,653,243,195,215,0,0,0,0,0,2319,0.457436,0.509965,0.517259,0.534403,1.128587,3.150683,0.769111,41,0,5580,0,5940,7339,41,5580,13279,11561,7339,0.386111,2,0,0.685513,1.622883,36.070212,0.506192,base,5292000.0,463330.0,3309.56619,0.912447,0.729958,4743.539222,8053.105412,8053105.412
H2,heterogeneous_condition,109,90,18900,18900,0,1.0,4829020.0,3480.806853,3480806.853,1336.0,0.0,2020.8,124.006853,0.0,499,502,222,128,152,0,0,0,0,0,1684,0.462552,0.526826,0.524017,0.527831,0.909119,2.084195,0.778019,46,0,5580,0,5940,7334,46,5580,13274,11566,7334,0.274769,2,0,0.685521,1.579558,36.06254,0.506339,base,5292000.0,462980.0,3307.06614,0.912513,0.730011,3480.806853,6787.872993,6787872.993
H2,heterogeneous_condition,110,90,18900,18900,0,1.0,4828040.0,5134.89217,5134892.17,1985.5,0.0,2982.0,167.39217,0.0,703,709,291,239,179,0,0,0,0,0,2485,0.472718,0.507642,0.579272,0.536791,1.167516,3.047173,0.766963,32,0,5580,0,5940,7348,32,5580,13288,11552,7348,0.412963,2,0,0.685498,1.633972,36.077354,0.506031,base,5292000.0,463960.0,3314.06628,0.912328,0.729862,5134.89217,8448.95845,8448958.45
H3,heterogeneous_condition,101,90,18900,18900,0,1.0,5191200.0,4665.002947,4665002.947,1799.5,0.0,2720.4,145.102947,0.0,651,658,279,196,183,0,0,0,0,0,2267,0.737828,0.785522,0.765985,0.770221,0.937723,2.4518,0.770074,5220,0,5580,0,5940,2160,5220,5580,8100,16740,2160,0.374074,2,0,0.693816,1.78192,36.033333,0.534727,base,5292000.0,100800.0,720.0144,0.980952,0.784762,4665.002947,5385.017347,5385017.347
H3,heterogeneous_condition,102,90,18900,18900,0,1.0,5191200.0,4623.560295,4623560.295,1817.0,0.0,2660.4,146.160295,0.0,657,669,332,207,130,0,0,0,0,0,2217,0.734905,0.764543,0.760785,0.776481,0.873249,2.345799,0.771111,5220,0,5580,0,5940,2160,5220,5580,8100,16740,2160,0.361111,2,0,0.693816,1.786707,36.033333,0.534727,base,5292000.0,100800.0,720.0144,0.980952,0.784762,4623.560295,5343.574695,5343574.695
H3,heterogeneous_condition,103,90,18900,18900,0,1.0,5191200.0,5957.062617,5957062.617,2317.0,0.0,3459.6,180.462617,0.0,803,820,339,291,190,0,0,0,0,0,2883,0.721423,0.749221,0.767369,0.759316,0.992559,2.718937,0.761444,5220,0,5580,0,5940,2160,5220,5580,8100,16740,2160,0.481944,2,0,0.693816,1.841548,36.033333,0.534727,base,5292000.0,100800.0,720.0144,0.980952,0.784762,5957.062617,6677.077017,6677077.017
H3,heterogeneous_condition,104,90,18900,18900,0,1.0,5191200.0,5089.986066,5089986.066,1971.0,0.0,2958.0,160.986066,0.0,725,744,345,189,210,0,0,0,0,0,2465,0.727939,0.772211,0.748347,0.781957,0.94391,2.700947,0.767741,5220,0,5580,0,5940,2160,5220,5580,8100,16740,2160,0.403241,2,0,0.693816,1.81029,36.033333,0.534727,base,5292000.0,100800.0,720.0144,0.980952,0.784762,5089.986066,5810.000466,5810000.466
H3,heterogeneous_condition,105,90,18900,18900,0,1.0,5191200.0,5415.33486,5415334.86,2099.5,0.0,3150.0,165.83486,0.0,744,759,322,242,195,0,0,0,0,0,2625,0.740784,0.774168,0.781529,0.782497,1.020715,2.576161,0.765148,5220,0,5580,0,5940,2160,5220,5580,8100,16740,2160,0.435648,2,0,0.693816,1.813691,36.033333,0.534727,base,5292000.0,100800.0,720.0144,0.980952,0.784762,5415.33486,6135.34926,6135349.26
H3,heterogeneous_condition,106,90,18900,18900,0,1.0,5191200.0,4908.604903,4908604.903,1896.0,0.0,2864.4,148.204903,0.0,649,658,245,249,164,0,0,0,0,0,2387,0.727054,0.77558,0.754517,0.772335,0.982959,2.36643,0.767796,5220,0,5580,0,5940,2160,5220,5580,8100,16740,2160,0.402546,2,0,0.693816,1.814946,36.033333,0.534727,base,5292000.0,100800.0,720.0144,0.980952,0.784762,4908.604903,5628.619303,5628619.303
H3,heterogeneous_condition,107,90,18900,18900,0,1.0,5191200.0,5173.850823,5173850.823,2010.5,0.0,3000.0,163.350823,0.0,736,758,360,197,201,0,0,0,0,0,2500,0.734553,0.769848,0.768247,0.776742,0.96149,2.78374,0.767296,5220,0,5580,0,5940,2160,5220,5580,8100,16740,2160,0.408796,2,0,0.693816,1.80464,36.033333,0.534727,base,5292000.0,100800.0,720.0144,0.980952,0.784762,5173.850823,5893.865223,5893865.223
H3,heterogeneous_condition,108,90,18900,18900,0,1.0,5191200.0,6452.597884,6452597.884,2477.0,0.0,3781.2,194.397884,0.0,868,890,342,282,266,0,0,0,0,0,3151,0.738364,0.770705,0.754382,0.784711,1.128587,3.150683,0.757685,5220,0,5580,0,5940,2160,5220,5580,8100,16740,2160,0.528935,2,0,0.693816,1.832581,36.033333,0.534727,base,5292000.0,100800.0,720.0144,0.980952,0.784762,6452.597884,7172.612284,7172612.284
H3,heterogeneous_condition,109,90,18900,18900,0,1.0,5191200.0,4631.817192,4631817.192,1798.0,0.0,2685.6,148.217192,0.0,675,683,332,171,180,0,0,0,0,0,2238,0.727998,0.765314,0.756761,0.768077,0.909119,2.084195,0.771056,5220,0,5580,0,5940,2160,5220,5580,8100,16740,2160,0.361806,2,0,0.693816,1.796778,36.033333,0.534727,base,5292000.0,100800.0,720.0144,0.980952,0.784762,4631.817192,5351.831592,5351831.592
H3,heterogeneous_condition,110,90,18900,18900,0,1.0,5191200.0,6421.138732,6421138.732,2509.0,0.0,3717.6,194.538732,0.0,858,893,389,314,190,0,0,0,0,0,3098,0.720484,0.785748,0.743533,0.773584,1.167516,3.047173,0.7585,5220,0,5580,0,5940,2160,5220,5580,8100,16740,2160,0.51875,2,0,0.693816,1.849792,36.033333,0.534727,base,5292000.0,100800.0,720.0144,0.980952,0.784762,6421.138732,7141.153132,7141153.132
H4,heterogeneous_condition,101,90,18900,18900,0,1.0,5254200.0,4801.762282,4801762.282,1861.5,0.0,2791.2,149.062282,0.0,660,680,295,206,179,0,0,0,0,0,2326,0.750665,0.788265,0.771995,0.786633,0.937723,2.4518,0.769111,2430,3240,2430,4050,2700,4050,5670,6480,6750,7560,11340,0.386111,2,0,0.648189,1.743885,52.314286,0.243593,base,5292000.0,37800.0,270.0054,0.992857,0.794286,4801.762282,5071.767682,5071767.682
H4,heterogeneous_condition,102,90,18900,18900,0,1.0,5254200.0,4792.161615,4792161.615,1890.5,0.0,2750.4,151.261615,0.0,679,696,353,218,125,0,0,0,0,0,2292,0.741651,0.781789,0.762057,0.771326,0.873249,2.345799,0.77013,2430,3240,2430,4050,2700,4050,5670,6480,6750,7560,11340,0.37338,2,0,0.648189,1.750909,52.314286,0.243593,base,5292000.0,37800.0,270.0054,0.992857,0.794286,4792.161615,5062.167015,5062167.015
H4,heterogeneous_condition,103,90,18900,18900,0,1.0,5254200.0,6170.840806,6170840.806,2408.5,0.0,3576.0,186.340806,0.0,822,851,359,307,185,0,0,0,0,0,2980,0.719785,0.756054,0.772774,0.773869,0.992559,2.718937,0.76,2430,3240,2430,4050,2700,4050,5670,6480,6750,7560,11340,0.5,2,0,0.648189,1.807673,52.314286,0.243593,base,5292000.0,37800.0,270.0054,0.992857,0.794286,6170.840806,6440.846206,6440846.206
H4,heterogeneous_condition,104,90,18900,18900,0,1.0,5254200.0,5230.518704,5230518.704,2029.5,0.0,3036.0,165.018704,0.0,754,765,363,199,203,0,0,0,0,0,2530,0.73156,0.77091,0.755041,0.777273,0.94391,2.700947,0.767093,2430,3240,2430,4050,2700,4050,5670,6480,6750,7560,11340,0.411343,2,0,0.648189,1.774984,52.314286,0.243593,base,5292000.0,37800.0,270.0054,0.992857,0.794286,5230.518704,5500.524104,5500524.104
H4,heterogeneous_condition,105,90,18900,18900,0,1.0,5254200.0,5578.668509,5578668.509,2170.5,0.0,3237.6,170.568509,0.0,767,783,339,255,189,0,0,0,0,0,2698,0.749999,0.769501,0.787747,0.784852,1.020715,2.576161,0.764204,2430,3240,2430,4050,2700,4050,5670,6480,6750,7560,11340,0.447454,2,0,0.648189,1.774376,52.314286,0.243593,base,5292000.0,37800.0,270.0054,0.992857,0.794286,5578.668509,5848.673909,5848673.909
H4,heterogeneous_condition,106,90,18900,18900,0,1.0,5254200.0,5073.505128,5073505.128,1967.5,0.0,2953.2,152.805128,0.0,668,681,259,263,159,0,0,0,0,0,2461,0.741168,0.778621,0.759847,0.773345,0.982959,2.36643,0.766759,2430,3240,2430,4050,2700,4050,5670,6480,6750,7560,11340,0.415509,2,0,0.648189,1.775906,52.314286,0.243593,base,5292000.0,37800.0,270.0054,0.992857,0.794286,5073.505128,5343.510528,5343510.528
H4,heterogeneous_condition,107,90,18900,18900,0,1.0,5254200.0,5340.383529,5340383.529,2080.0,0.0,3092.4,167.983529,0.0,763,784,381,207,196,0,0,0,0,0,2577,0.742974,0.798929,0.754718,0.7967,0.96149,2.78374,0.76637,2430,3240,2430,4050,2700,4050,5670,6480,6750,7560,11340,0.42037,2,0,0.648189,1.765317,52.314286,0.243593,base,5292000.0,37800.0,270.0054,0.992857,0.794286,5340.383529,5610.388929,5610388.929
H4,heterogeneous_condition,108,90,18900,18900,0,1.0,5254200.0,6608.474924,6608474.924,2551.0,0.0,3858.0,199.474924,0.0,878,915,361,296,258,0,0,0,0,0,3215,0.728966,0.773913,0.749588,0.783627,1.128587,3.150683,0.756685,2430,3240,2430,4050,2700,4050,5670,6480,6750,7560,11340,0.541435,2,0,0.648189,1.805525,52.314286,0.243593,base,5292000.0,37800.0,270.0054,0.992857,0.794286,6608.474924,6878.480324,6878480.324
H4,heterogeneous_condition,109,90,18900,18900,0,1.0,5254200.0,4788.253645,4788253.645,1867.5,0.0,2768.4,152.353645,0.0,699,708,351,182,175,0,0,0,0,0,2307,0.740051,0.777128,0.781174,0.777585,0.909119,2.084195,0.770185,2430,3240,2430,4050,2700,4050,5670,6480,6750,7560,11340,0.372685,2,0,0.648189,1.759217,52.314286,0.243593,base,5292000.0,37800.0,270.0054,0.992857,0.794286,4788.253645,5058.259045,5058259.045
H4,heterogeneous_condition,110,90,18900,18900,0,1.0,5254200.0,6663.34565,6663345.65,2611.5,0.0,3850.8,201.04565,0.0,889,927,408,332,187,0,0,0,0,0,3209,0.725912,0.762931,0.767868,0.794023,1.167516,3.047173,0.757,2430,3240,2430,4050,2700,4050,5670,6480,6750,7560,11340,0.5375,2,0,0.648189,1.814709,52.314286,0.243593,base,5292000.0,37800.0,270.0054,0.992857,0.794286,6663.34565,6933.35105,6933351.05
H1_original,heterogeneous_condition,101,90,18900,18900,0,1.0,4826430.0,3680.946547,3680946.547,1426.0,0.0,2126.4,128.546547,0.0,530,532,252,148,132,0,0,0,0,0,1772,0.500257,0.529428,0.564286,0.559325,0.937723,2.4518,0.777,18,0,3423,2139,5940,7380,18,5562,13320,9381,9519,0.2875,2,0,0.676335,1.517255,41.496931,0.417453,base,5292000.0,465570.0,3325.56651,0.912024,0.729619,3680.946547,7006.513057,7006513.057
H1_original,heterogeneous_condition,102,90,18900,18900,0,1.0,4826325.0,3576.347403,3576347.403,1392.0,0.0,2060.4,123.947403,0.0,495,496,221,175,100,0,0,0,0,0,1717,0.469155,0.498333,0.517467,0.576606,0.873249,2.345799,0.77737,15,0,3786,1779,5940,7380,15,5565,13320,9741,9159,0.28287,2,0,0.677868,1.52147,40.982328,0.426219,base,5292000.0,465675.0,3326.316525,0.912004,0.729603,3576.347403,6902.663928,6902663.928
H1_original,heterogeneous_condition,103,90,18900,18900,0,1.0,4826570.0,4210.888544,4210888.544,1627.0,0.0,2442.0,141.888544,0.0,580,582,244,196,142,0,0,0,0,0,2035,0.473079,0.515254,0.529149,0.543187,0.992559,2.718937,0.773056,22,0,3686,1872,5940,7380,22,5558,13320,9648,9252,0.336806,2,0,0.677463,1.564412,41.134815,0.42361,base,5292000.0,465430.0,3324.56649,0.91205,0.72964,4210.888544,7535.455034,7535455.034
H1_original,heterogeneous_condition,104,90,18900,18900,0,1.0,4826395.0,3868.586039,3868586.039,1480.0,0.0,2257.2,131.386039,0.0,533,534,208,166,160,0,0,0,0,0,1881,0.477231,0.518947,0.565679,0.543569,0.94391,2.700947,0.775,17,0,3396,2167,5940,7380,17,5563,13320,9353,9547,0.3125,2,0,0.676218,1.546165,41.557249,0.416467,base,5292000.0,465605.0,3325.816515,0.912017,0.729614,3868.586039,7194.402554,7194402.554
H1_original,heterogeneous_condition,105,90,18900,18900,0,1.0,4826465.0,4248.57614,4248576.14,1639.0,0.0,2468.4,141.17614,0.0,579,580,231,203,146,0,0,0,0,0,2057,0.47362,0.525395,0.564622,0.551265,1.020715,2.576161,0.772611,19,0,3560,2001,5940,7380,19,5561,13320,9519,9381,0.342361,2,0,0.67692,1.558669,41.340635,0.420174,base,5292000.0,465535.0,3325.316505,0.91203,0.729624,4248.57614,7573.892645,7573892.645
H1_original,heterogeneous_condition,106,90,18900,18900,0,1.0,4826185.0,4121.62835,4121628.35,1588.5,0.0,2395.2,137.92835,0.0,552,557,214,202,141,0,0,0,0,0,1996,0.476464,0.494479,0.545721,0.534416,0.982959,2.36643,0.773222,11,0,3537,2032,5940,7380,11,5569,13320,9488,9412,0.334722,2,0,0.6768,1.568983,41.424921,0.41885,base,5292000.0,465815.0,3327.316545,0.911978,0.729582,4121.62835,7448.944895,7448944.895
H1_original,heterogeneous_condition,107,90,18900,18900,0,1.0,4826395.0,3809.257481,3809257.481,1478.0,0.0,2199.6,131.657481,0.0,545,546,254,160,132,0,0,0,0,0,1833,0.459783,0.491685,0.561245,0.602771,0.96149,2.78374,0.776111,17,0,3785,1778,5940,7380,17,5563,13320,9742,9158,0.298611,2,0,0.67787,1.532087,40.985132,0.426172,base,5292000.0,465605.0,3325.816515,0.912017,0.729614,3809.257481,7135.073996,7135073.996
H1_original,heterogeneous_condition,108,90,18900,18900,0,1.0,4826325.0,4717.910119,4717910.119,1797.5,0.0,2764.8,155.610119,0.0,652,652,247,194,211,0,0,0,0,0,2304,0.474011,0.523289,0.532577,0.586148,1.128587,3.150683,0.76937,15,0,3253,2312,5940,7380,15,5565,13320,9208,9692,0.38287,2,0,0.675605,1.570246,41.807725,0.412305,base,5292000.0,465675.0,3326.316525,0.912004,0.729603,4717.910119,8044.226644,8044226.644
H1_original,heterogeneous_condition,109,90,18900,18900,0,1.0,4826535.0,3470.121738,3470121.738,1331.0,0.0,2016.0,123.121738,0.0,500,500,222,128,150,0,0,0,0,0,1680,0.483417,0.515561,0.543466,0.542295,0.909119,2.084195,0.77813,21,0,3541,2018,5940,7380,21,5559,13320,9502,9398,0.27338,2,0,0.676844,1.530974,41.335079,0.420218,base,5292000.0,465465.0,3324.816495,0.912044,0.729635,3470.121738,6794.938233,6794938.233
H1_original,heterogeneous_condition,110,90,18900,18900,0,1.0,4826185.0,5163.348668,5163348.668,1995.5,0.0,2998.8,169.048668,0.0,711,712,292,241,179,0,0,0,0,0,2499,0.460375,0.500239,0.525478,0.547919,1.167516,3.047173,0.766852,11,0,3555,2014,5940,7380,11,5569,13320,9506,9394,0.414352,2,0,0.676877,1.593742,41.321217,0.420489,base,5292000.0,465815.0,3327.316545,0.911978,0.729582,5163.348668,8490.665213,8490665.213
H1_value_guard,heterogeneous_condition,101,90,18900,18900,0,1.0,4828670.0,3584.308515,3584308.515,1386.5,0.0,2071.2,126.608515,0.0,515,515,237,145,133,0,0,0,0,0,1726,0.457023,0.48295,0.535509,0.556629,0.937723,2.4518,0.777556,41,0,5580,0,5940,7339,41,5580,13279,11561,7339,0.280556,2,0,0.685513,1.522068,36.078466,0.506062,base,5292000.0,463330.0,3309.56619,0.912447,0.729958,3584.308515,6893.874705,6893874.705
H1_value_guard,heterogeneous_condition,102,90,18900,18900,0,1.0,4828530.0,3680.926934,3680926.934,1435.0,0.0,2119.2,126.726934,0.0,510,512,230,180,102,0,0,0,0,0,1766,0.474568,0.504253,0.543345,0.564867,0.873249,2.345799,0.776722,39,0,5580,0,5940,7341,39,5580,13281,11559,7341,0.290972,2,0,0.685509,1.525369,36.076561,0.506081,base,5292000.0,463470.0,3310.56621,0.912421,0.729937,3680.926934,6991.493144,6991493.144
H1_value_guard,heterogeneous_condition,103,90,18900,18900,0,1.0,4827970.0,4141.08722,4141087.22,1597.0,0.0,2404.8,139.28722,0.0,573,574,237,187,150,0,0,0,0,0,2004,0.467063,0.491024,0.544553,0.602595,0.992559,2.718937,0.773463,31,0,5580,0,5940,7349,31,5580,13289,11551,7349,0.331713,2,0,0.685497,1.569925,36.077619,0.506022,base,5292000.0,464030.0,3314.56629,0.912315,0.729852,4141.08722,7455.65351,7455653.51
H1_value_guard,heterogeneous_condition,104,90,18900,18900,0,1.0,4828180.0,3806.065543,3806065.543,1452.5,0.0,2223.6,129.965543,0.0,520,523,199,163,161,0,0,0,0,0,1853,0.470418,0.5139,0.541351,0.535911,0.94391,2.700947,0.775278,34,0,5580,0,5940,7346,34,5580,13286,11554,7346,0.309028,2,0,0.685501,1.547394,36.076508,0.506055,base,5292000.0,463820.0,3313.06626,0.912354,0.729884,3806.065543,7119.131803,7119131.803
H1_value_guard,heterogeneous_condition,105,90,18900,18900,0,1.0,4828320.0,4212.258416,4212258.416,1623.5,0.0,2448.0,140.758416,0.0,572,574,226,201,147,0,0,0,0,0,2040,0.471212,0.494603,0.547614,0.551117,1.020715,2.576161,0.772778,36,0,5580,0,5940,7344,36,5580,13284,11556,7344,0.340278,2,0,0.685505,1.559669,36.078942,0.506028,base,5292000.0,463680.0,3312.06624,0.912381,0.729905,4212.258416,7524.324656,7524324.656
H1_value_guard,heterogeneous_condition,106,90,18900,18900,0,1.0,4828180.0,4205.293739,4205293.739,1620.5,0.0,2445.6,139.193739,0.0,567,569,219,205,145,0,0,0,0,0,2038,0.493054,0.540599,0.535705,0.587311,0.982959,2.36643,0.772722,34,0,5580,0,5940,7346,34,5580,13286,11554,7346,0.340972,2,0,0.685501,1.567465,36.08,0.506001,base,5292000.0,463820.0,3313.06626,0.912354,0.729884,4205.293739,7518.359999,7518359.999
H1_value_guard,heterogeneous_condition,107,90,18900,18900,0,1.0,4828320.0,3779.598127,3779598.127,1463.5,0.0,2185.2,130.898127,0.0,540,541,249,157,135,0,0,0,0,0,1821,0.493527,0.528299,0.562211,0.557262,0.96149,2.78374,0.776259,36,0,5580,0,5940,7344,36,5580,13284,11556,7344,0.296759,2,0,0.685505,1.533568,36.075238,0.506086,base,5292000.0,463680.0,3312.06624,0.912381,0.729905,3779.598127,7091.664367,7091664.367
H1_value_guard,heterogeneous_condition,108,90,18900,18900,0,1.0,4828180.0,4757.644026,4757644.026,1806.0,0.0,2794.8,156.844026,0.0,653,654,240,194,220,0,0,0,0,0,2329,0.480713,0.517449,0.52635,0.56139,1.128587,3.150683,0.768963,34,0,5580,0,5940,7346,34,5580,13286,11554,7346,0.387963,2,0,0.685501,1.570153,36.076508,0.506055,base,5292000.0,463820.0,3313.06626,0.912354,0.729884,4757.644026,8070.710286,8070710.286
H1_value_guard,heterogeneous_condition,109,90,18900,18900,0,1.0,4828320.0,3512.227796,3512227.796,1343.5,0.0,2044.8,123.927796,0.0,503,503,218,130,155,0,0,0,0,0,1704,0.470984,0.505342,0.543997,0.551699,0.909119,2.084195,0.777741,36,0,5580,0,5940,7344,36,5580,13284,11556,7344,0.278241,2,0,0.685505,1.53403,36.075238,0.506086,base,5292000.0,463680.0,3312.06624,0.912381,0.729905,3512.227796,6824.294036,6824294.036
H1_value_guard,heterogeneous_condition,110,90,18900,18900,0,1.0,4827410.0,5129.55879,5129558.79,1978.0,0.0,2984.4,167.15879,0.0,707,708,289,235,184,0,0,0,0,0,2487,0.466109,0.492709,0.557129,0.576984,1.167516,3.047173,0.767,23,0,5580,0,5940,7357,23,5580,13297,11543,7357,0.4125,2,0,0.685484,1.5908,36.075926,0.506005,base,5292000.0,464590.0,3318.56637,0.912209,0.729767,5129.55879,8448.12516,8448125.16
H2_original,heterogeneous_condition,101,90,18900,18900,0,1.0,4828880.0,3678.813268,3678813.268,1423.5,0.0,2126.4,128.913268,0.0,526,527,244,152,131,0,0,0,0,0,1772,0.462418,0.494984,0.552018,0.536605,0.937723,2.4518,0.776926,44,0,5580,0,5940,7336,44,5580,13276,11564,7336,0.288426,2,0,0.685517,1.562978,36.074815,0.506136,base,5292000.0,463120.0,3308.06616,0.912487,0.729989,3678.813268,6986.879428,6986879.428
H2_original,heterogeneous_condition,102,90,18900,18900,0,1.0,4829160.0,3697.975296,3697975.296,1440.0,0.0,2130.0,127.975296,0.0,513,515,232,179,104,0,0,0,0,0,1775,0.454596,0.464858,0.551471,0.538971,0.873249,2.345799,0.77663,48,0,5580,0,5940,7332,48,5580,13272,11568,7332,0.29213,2,0,0.685524,1.56733,36.068466,0.506257,base,5292000.0,462840.0,3306.06612,0.91254,0.730032,3697.975296,7004.041416,7004041.416
H2_original,heterogeneous_condition,103,90,18900,18900,0,1.0,4828530.0,4170.763675,4170763.675,1608.0,0.0,2421.6,141.163675,0.0,572,574,236,194,144,0,0,0,0,0,2018,0.454804,0.497653,0.514586,0.528263,0.992559,2.718937,0.773222,39,0,5580,0,5940,7341,39,5580,13281,11559,7341,0.334722,2,0,0.685509,1.614995,36.07254,0.506144,base,5292000.0,463470.0,3310.56621,0.912421,0.729937,4170.763675,7481.329885,7481329.885
H2_original,heterogeneous_condition,104,90,18900,18900,0,1.0,4829090.0,3819.27035,3819270.35,1457.5,0.0,2230.8,130.97035,0.0,523,525,202,164,159,0,0,0,0,0,1859,0.456279,0.51393,0.532512,0.503686,0.94391,2.700947,0.775259,47,0,5580,0,5940,7333,47,5580,13273,11567,7333,0.309259,2,0,0.685522,1.594795,36.065556,0.506297,base,5292000.0,462910.0,3306.56613,0.912526,0.730021,3819.27035,7125.83648,7125836.48
H2_original,heterogeneous_condition,105,90,18900,18900,0,1.0,4828880.0,4208.161575,4208161.575,1621.5,0.0,2445.6,141.061575,0.0,572,574,227,200,147,0,0,0,0,0,2038,0.454213,0.483968,0.544062,0.540173,1.020715,2.576161,0.772815,44,0,5580,0,5940,7336,44,5580,13276,11564,7336,0.339815,2,0,0.685517,1.60453,36.070476,0.506204,base,5292000.0,463120.0,3308.06616,0.912487,0.729989,4208.161575,7516.227735,7516227.735
H2_original,heterogeneous_condition,106,90,18900,18900,0,1.0,4828880.0,4134.42232,4134422.32,1592.5,0.0,2403.6,138.32232,0.0,556,558,214,203,141,0,0,0,0,0,2003,0.470498,0.507733,0.536314,0.525649,0.982959,2.36643,0.773185,44,0,5580,0,5940,7336,44,5580,13276,11564,7336,0.335185,2,0,0.685517,1.61773,36.070476,0.506204,base,5292000.0,463120.0,3308.06616,0.912487,0.729989,4134.42232,7442.48848,7442488.48
H2_original,heterogeneous_condition,107,90,18900,18900,0,1.0,4828600.0,3651.137699,3651137.699,1417.5,0.0,2104.8,128.837699,0.0,525,526,248,151,127,0,0,0,0,0,1754,0.47124,0.513073,0.5426,0.513792,0.96149,2.78374,0.777204,40,0,5580,0,5940,7340,40,5580,13280,11560,7340,0.284954,2,0,0.685511,1.57657,36.071429,0.506167,base,5292000.0,463400.0,3310.0662,0.912434,0.729947,3651.137699,6961.203899,6961203.899
H2_original,heterogeneous_condition,108,90,18900,18900,0,1.0,4828670.0,4743.539222,4743539.222,1803.5,0.0,2782.8,157.239222,0.0,652,653,243,195,215,0,0,0,0,0,2319,0.457436,0.509965,0.517259,0.534403,1.128587,3.150683,0.769111,41,0,5580,0,5940,7339,41,5580,13279,11561,7339,0.386111,2,0,0.685513,1.622883,36.070212,0.506192,base,5292000.0,463330.0,3309.56619,0.912447,0.729958,4743.539222,8053.105412,8053105.412
H2_original,heterogeneous_condition,109,90,18900,18900,0,1.0,4829020.0,3480.806853,3480806.853,1336.0,0.0,2020.8,124.006853,0.0,499,502,222,128,152,0,0,0,0,0,1684,0.462552,0.526826,0.524017,0.527831,0.909119,2.084195,0.778019,46,0,5580,0,5940,7334,46,5580,13274,11566,7334,0.274769,2,0,0.685521,1.579558,36.06254,0.506339,base,5292000.0,462980.0,3307.06614,0.912513,0.730011,3480.806853,6787.872993,6787872.993
H2_original,heterogeneous_condition,110,90,18900,18900,0,1.0,4828040.0,5134.89217,5134892.17,1985.5,0.0,2982.0,167.39217,0.0,703,709,291,239,179,0,0,0,0,0,2485,0.472718,0.507642,0.579272,0.536791,1.167516,3.047173,0.766963,32,0,5580,0,5940,7348,32,5580,13288,11552,7348,0.412963,2,0,0.685498,1.633972,36.077354,0.506031,base,5292000.0,463960.0,3314.06628,0.912328,0.729862,5134.89217,8448.95845,8448958.45
H2_value_guard,heterogeneous_condition,101,90,18900,18900,0,1.0,4830280.0,3701.179922,3701179.922,1435.0,0.0,2136.0,130.179922,0.0,532,533,251,152,130,0,0,0,0,0,1780,0.459285,0.479253,0.545137,0.542112,0.937723,2.4518,0.77687,64,0,5580,0,5940,7316,64,5580,13256,11584,7316,0.28912,2,0,0.685549,1.566015,36.049841,0.506635,base,5292000.0,461720.0,3298.06596,0.912751,0.730201,3701.179922,6999.245882,6999245.882
H2_value_guard,heterogeneous_condition,102,90,18900,18900,0,1.0,4830490.0,3630.718152,3630718.152,1415.5,0.0,2088.0,127.218152,0.0,506,507,232,176,99,0,0,0,0,0,1740,0.450444,0.469895,0.517266,0.512857,0.873249,2.345799,0.777148,67,0,5580,0,5940,7313,67,5580,13253,11587,7313,0.285648,2,0,0.685554,1.565156,36.057513,0.506531,base,5292000.0,461510.0,3296.56593,0.912791,0.730233,3630.718152,6927.284082,6927284.082
H2_value_guard,heterogeneous_condition,103,90,18900,18900,0,1.0,4829930.0,4224.96849,4224968.49,1632.5,0.0,2450.4,142.06849,0.0,580,582,242,199,141,0,0,0,0,0,2042,0.470442,0.50834,0.551796,0.517424,0.992559,2.718937,0.772926,59,0,5580,0,5940,7321,59,5580,13261,11579,7321,0.338426,2,0,0.685541,1.611699,36.036349,0.506819,base,5292000.0,462070.0,3300.56601,0.912685,0.730148,4224.96849,7525.5345,7525534.5
H2_value_guard,heterogeneous_condition,104,90,18900,18900,0,1.0,4830070.0,3851.980654,3851980.654,1471.0,0.0,2250.0,130.980654,0.0,526,529,204,167,158,0,0,0,0,0,1875,0.452811,0.504485,0.577645,0.508025,0.94391,2.700947,0.775019,61,0,5580,0,5940,7319,61,5580,13259,11581,7319,0.312269,2,0,0.685545,1.595509,36.042063,0.50674,base,5292000.0,461930.0,3299.56599,0.912712,0.730169,3851.980654,7151.546644,7151546.644
H2_value_guard,heterogeneous_condition,105,90,18900,18900,0,1.0,4830070.0,4139.394557,4139394.557,1593.5,0.0,2406.0,139.894557,0.0,562,564,224,197,143,0,0,0,0,0,2005,0.445088,0.488766,0.529504,0.494386,1.020715,2.576161,0.773278,61,0,5580,0,5940,7319,61,5580,13259,11581,7319,0.334028,2,0,0.685545,1.6037,36.042063,0.50674,base,5292000.0,461930.0,3299.56599,0.912712,0.730169,4139.394557,7438.960547,7438960.547
H2_value_guard,heterogeneous_condition,106,90,18900,18900,0,1.0,4830280.0,4179.230719,4179230.719,1613.5,0.0,2426.4,139.330719,0.0,560,565,219,207,139,0,0,0,0,0,2022,0.471198,0.48973,0.566665,0.52729,0.982959,2.36643,0.772889,64,0,5580,0,5940,7316,64,5580,13256,11584,7316,0.338889,2,0,0.685549,1.617031,36.049841,0.506635,base,5292000.0,461720.0,3298.06596,0.912751,0.730201,4179.230719,7477.296679,7477296.679
H2_value_guard,heterogeneous_condition,107,90,18900,18900,0,1.0,4830000.0,3732.442225,3732442.225,1450.0,0.0,2151.6,130.842225,0.0,536,537,253,156,128,0,0,0,0,0,1793,0.47814,0.532715,0.547846,0.509128,0.96149,2.78374,0.776685,60,0,5580,0,5940,7320,60,5580,13260,11580,7320,0.291435,2,0,0.685543,1.579025,36.039259,0.506779,base,5292000.0,462000.0,3300.066,0.912698,0.730159,3732.442225,7032.508225,7032508.225
H2_value_guard,heterogeneous_condition,108,90,18900,18900,0,1.0,4829860.0,4668.740232,4668740.232,1774.5,0.0,2739.6,154.640232,0.0,643,645,243,189,213,0,0,0,0,0,2283,0.469994,0.533492,0.527687,0.550159,1.128587,3.150683,0.76963,58,0,5580,0,5940,7322,58,5580,13262,11578,7322,0.37963,2,0,0.68554,1.618288,36.033333,0.506861,base,5292000.0,462140.0,3301.06602,0.912672,0.730138,4668.740232,7969.806252,7969806.252
H2_value_guard,heterogeneous_condition,109,90,18900,18900,0,1.0,4830140.0,3381.694013,3381694.013,1296.0,0.0,1964.4,121.294013,0.0,486,487,215,124,148,0,0,0,0,0,1637,0.44973,0.472742,0.541782,0.528405,0.909119,2.084195,0.778667,62,0,5580,0,5940,7318,62,5580,13258,11582,7318,0.266667,2,0,0.685546,1.579742,36.044762,0.506703,base,5292000.0,461860.0,3299.06598,0.912725,0.73018,3381.694013,6680.759993,6680759.993
H2_value_guard,heterogeneous_condition,110,90,18900,18900,0,1.0,4829790.0,5178.125831,5178125.831,1991.0,9.6,3008.4,169.125831,0.0,705,709,289,242,178,1,1,0,0,1,2507,0.467146,0.506697,0.521982,0.529054,1.167516,3.047173,0.76663,57,0,5580,0,5940,7323,57,5580,13263,11577,7323,0.415046,2,0,0.685541,1.638127,36.03513,0.50683,base,5292000.0,462210.0,3301.56603,0.912659,0.730127,5178.125831,8479.691861,8479691.861
H0,heterogeneous_condition,101,90,18900,18900,0,1.0,5435640.0,9163.306803,9163306.803,3349.0,211.2,5445.6,157.506803,0.0,394,1182,394,394,394,22,22,0,0,22,4538,0.857074,0.887814,0.908946,0.951529,0.937723,2.4518,0.72363,4178,4145,4145,2213,2186,2033,8323,6358,4219,10509,8391,0.908796,2,0,0.652972,0.821473,47.764507,0.319824,high,5292000.0,0.0,0.0,1.027143,0.821714,9163.306803,9163.306803,9163306.803
H0,heterogeneous_condition,102,90,18900,18900,0,1.0,5433610.0,9618.806105,9618806.105,3349.0,412.8,5697.6,159.406105,0.0,394,1182,394,394,394,43,43,0,0,43,4748,0.82367,0.856644,0.912723,0.95227,0.873249,2.345799,0.72013,4146,4142,4119,2251,2209,2033,8288,6370,4242,10474,8426,0.908796,2,0,0.652901,0.805475,47.841261,0.318345,high,5292000.0,0.0,0.0,1.026759,0.821407,9618.806105,9618.806105,9618806.105
H0,heterogeneous_condition,103,90,18900,18899,1,0.999947,5433610.0,10136.063606,10136063.606,3349.0,633.6,5956.8,194.663606,2.0,394,1182,394,394,394,59,45,14,0,59,4964,0.805144,0.869247,0.857461,0.951318,0.992559,2.718937,0.716426,4144,4136,4148,2245,2190,2036,8280,6393,4226,10482,8417,0.908796,2,0,0.652911,1.018742,47.810212,0.318961,high,5292000.0,0.0,0.0,1.026759,0.821451,10136.063606,10136.063606,10136063.606
H0,heterogeneous_condition,104,90,18900,18898,2,0.999894,5434380.0,9288.733081,9288733.081,3349.0,260.4,5508.0,167.333081,4.0,394,1182,394,394,394,27,26,0,1,27,4590,0.833531,0.843167,0.924642,0.940313,0.94391,2.700947,0.722759,4168,4144,4143,2215,2208,2020,8312,6358,4228,10519,8379,0.908796,2,0,0.653089,0.842127,47.769194,0.319687,high,5292000.0,0.0,0.0,1.026905,0.821611,9288.733081,9288.733081,9288733.081
H0,heterogeneous_condition,105,90,18900,18900,0,1.0,5434870.0,9759.82732,9759827.32,3349.0,475.2,5758.8,176.82732,0.0,394,1182,394,394,394,43,30,13,0,43,4799,0.831131,0.872256,0.914811,0.931722,1.020715,2.576161,0.719167,4147,4154,4133,2247,2190,2029,8301,6380,4219,10470,8430,0.908796,2,0,0.652901,0.90341,47.838938,0.318481,high,5292000.0,0.0,0.0,1.026997,0.821598,9759.82732,9759.82732,9759827.32
H0,heterogeneous_condition,106,90,18900,18898,2,0.999894,5434660.0,8955.70351,8955703.51,3349.0,115.2,5325.6,161.90351,4.0,394,1182,394,394,394,12,12,0,0,12,4438,0.869419,0.915544,0.894515,0.947598,0.982959,2.36643,0.725296,4159,4158,4138,2218,2191,2034,8317,6356,4225,10488,8410,0.908796,2,0,0.652942,0.74702,47.783184,0.319351,high,5292000.0,0.0,0.0,1.026958,0.821653,8955.70351,8955.70351,8955703.51
H0,heterogeneous_condition,107,90,18900,18899,1,0.999947,5434030.0,9945.055866,9945055.866,3349.0,548.4,5870.4,175.255866,2.0,394,1182,394,394,394,54,41,4,9,54,4892,0.803706,0.850981,0.911198,0.925312,0.96149,2.78374,0.717667,4154,4146,4139,2226,2203,2031,8300,6365,4234,10496,8403,0.908796,2,0,0.652972,0.924701,47.825146,0.318862,high,5292000.0,0.0,0.0,1.026839,0.821514,9945.055866,9945.055866,9945055.866
H0,heterogeneous_condition,108,90,18900,18897,3,0.999841,5430215.0,10930.450219,10930450.219,3349.0,972.0,6396.0,207.450219,6.0,394,1182,394,394,394,92,60,14,18,92,5330,0.775449,0.869233,0.871492,0.893517,1.128587,3.150683,0.710259,4105,4128,4141,2263,2216,2044,8233,6404,4260,10462,8435,0.908796,2,0,0.653033,1.000046,47.889884,0.317576,high,5292000.0,0.0,0.0,1.026118,0.821025,10930.450219,10930.450219,10930450.219
H0,heterogeneous_condition,109,90,18900,18900,0,1.0,5434485.0,8960.353569,8960353.569,3349.0,124.8,5334.0,152.553569,0.0,394,1182,394,394,394,13,13,0,0,13,4445,0.867919,0.878033,0.9489,0.939497,0.909119,2.084195,0.725167,4159,4148,4134,2223,2206,2030,8307,6357,4236,10499,8401,0.908796,2,0,0.653037,0.70722,47.802358,0.319079,high,5292000.0,0.0,0.0,1.026925,0.82154,8960.353569,8960.353569,8960353.569
H0,heterogeneous_condition,110,90,18900,18897,3,0.999841,5434170.0,10940.120382,10940120.382,3349.0,997.2,6378.0,209.920382,6.0,394,1182,394,394,394,87,51,33,3,87,5315,0.747663,0.794246,0.857606,0.929901,1.167516,3.047173,0.710407,4156,4151,4129,2240,2196,2025,8307,6369,4221,10481,8416,0.908796,2,0,0.652936,1.11411,47.832324,0.318658,high,5292000.0,0.0,0.0,1.026865,0.821622,10940.120382,10940.120382,10940120.382
H_TIME,heterogeneous_condition,101,90,18900,18900,0,1.0,5434975.0,8629.543999,8629543.999,3298.0,28.8,5145.6,157.143999,0.0,388,1164,388,388,388,3,3,0,0,3,4288,0.900236,0.910353,0.962533,0.962576,0.937723,2.4518,0.727796,4171,4150,4172,2171,2195,2041,8321,6343,4236,10538,8362,0.896296,2,0,0.653158,0.503646,47.728138,0.320488,high,5292000.0,0.0,0.0,1.027017,0.821614,8629.543999,8629.543999,8629543.999
H_TIME,heterogeneous_condition,102,90,18900,18899,1,0.999947,5432735.0,9022.119998,9022119.998,3298.0,201.6,5361.6,158.919998,2.0,388,1164,388,388,388,21,21,0,0,21,4468,0.727179,0.782506,0.92212,0.948933,0.873249,2.345799,0.724796,4154,4125,4157,2213,2200,2050,8279,6370,4250,10511,8388,0.896296,2,0,0.653072,0.763691,47.826691,0.31892,high,5292000.0,0.0,0.0,1.026594,0.821319,9022.119998,9022.119998,9022119.998
H_TIME,heterogeneous_condition,103,90,18900,18899,1,0.999947,5433925.0,9684.685195,9684685.195,3298.0,480.0,5709.6,195.085195,2.0,388,1164,388,388,388,50,50,0,0,50,4758,0.691556,0.809611,0.814862,0.91372,0.992559,2.718937,0.719963,4144,4150,4159,2215,2198,2033,8294,6374,4231,10501,8398,0.896296,2,0,0.65297,1.120405,47.785107,0.319307,high,5292000.0,0.0,0.0,1.026819,0.821498,9684.685195,9684.685195,9684685.195
H_TIME,heterogeneous_condition,104,90,18900,18900,0,1.0,5434765.0,8834.298707,8834298.707,3298.0,115.2,5253.6,167.498707,0.0,388,1164,388,388,388,12,12,0,0,12,4378,0.735236,0.810918,0.928859,0.894606,0.94391,2.700947,0.726296,4161,4159,4160,2179,2210,2031,8320,6339,4241,10531,8369,0.896296,2,0,0.653148,0.976886,47.745876,0.320024,high,5292000.0,0.0,0.0,1.026978,0.821582,8834.298707,8834.298707,8834298.707
H_TIME,heterogeneous_condition,105,90,18900,18900,0,1.0,5433610.0,9123.397136,9123397.136,3298.0,244.8,5404.8,175.797136,0.0,388,1164,388,388,388,21,12,9,0,21,4504,0.703419,0.837202,0.855409,0.911422,1.020715,2.576161,0.72413,4131,4154,4153,2223,2190,2049,8285,6376,4239,10474,8426,0.896296,2,0,0.652962,0.928894,47.843243,0.318429,high,5292000.0,0.0,0.0,1.026759,0.821407,9123.397136,9123.397136,9123397.136
H_TIME,heterogeneous_condition,106,90,18900,18900,0,1.0,5434520.0,8590.679998,8590679.998,3298.0,9.6,5121.6,161.479998,0.0,388,1164,388,388,388,1,1,0,0,1,4268,0.91003,0.922824,0.947223,0.966939,0.982959,2.36643,0.72813,4154,4153,4164,2194,2194,2041,8307,6358,4235,10512,8388,0.896296,2,0,0.653071,0.477551,47.775462,0.319618,high,5292000.0,0.0,0.0,1.026931,0.821545,8590.679998,8590.679998,8590679.998
H_TIME,heterogeneous_condition,107,90,18900,18900,0,1.0,5433505.0,9500.761458,9500761.458,3298.0,414.0,5613.6,175.161458,0.0,388,1164,388,388,388,43,42,0,1,43,4678,0.711841,0.799022,0.865756,0.940056,0.96149,2.78374,0.721278,4145,4139,4156,2219,2203,2038,8284,6375,4241,10504,8396,0.896296,2,0,0.653035,1.107143,47.821253,0.318853,high,5292000.0,0.0,0.0,1.026739,0.821392,9500.761458,9500.761458,9500761.458
H_TIME,heterogeneous_condition,108,90,18900,18899,1,0.999947,5430530.0,10554.226884,10554226.884,3298.0,864.0,6182.4,207.826884,2.0,388,1164,388,388,388,83,63,12,8,83,5152,0.692311,0.854127,0.841257,0.849987,1.128587,3.150683,0.713278,4110,4124,4157,2240,2234,2034,8234,6397,4268,10501,8398,0.896296,2,0,0.653176,1.068472,47.851544,0.318189,high,5292000.0,0.0,0.0,1.026177,0.820985,10554.226884,10554.226884,10554226.884
H_TIME,heterogeneous_condition,109,90,18900,18900,0,1.0,5434065.0,8581.235284,8581235.284,3298.0,9.6,5121.6,152.035284,0.0,388,1164,388,388,388,1,1,0,0,1,4268,0.927711,0.928546,0.971647,0.967487,0.909119,2.084195,0.72813,4151,4162,4140,2193,2222,2032,8313,6333,4254,10513,8387,0.896296,2,0,0.653116,0.472405,47.791493,0.319165,high,5292000.0,0.0,0.0,1.026845,0.821476,8581.235284,8581.235284,8581235.284
H_TIME,heterogeneous_condition,110,90,18900,18900,0,1.0,5433995.0,10108.415206,10108415.206,3298.0,667.2,5932.8,210.415206,0.0,388,1164,388,388,388,63,47,12,4,63,4944,0.651398,0.767207,0.798609,0.89454,1.167516,3.047173,0.716759,4130,4169,4149,2210,2208,2034,8299,6359,4242,10487,8413,0.896296,2,0,0.652982,1.301713,47.818752,0.3187,high,5292000.0,0.0,0.0,1.026832,0.821466,10108.415206,10108.415206,10108415.206
H1,heterogeneous_condition,101,90,18900,18900,0,1.0,4826430.0,3680.946547,3680946.547,1426.0,0.0,2126.4,128.546547,0.0,530,532,252,148,132,0,0,0,0,0,1772,0.500257,0.529428,0.564286,0.559325,0.937723,2.4518,0.777,18,0,3423,2139,5940,7380,18,5562,13320,9381,9519,0.2875,2,0,0.676335,1.517255,41.496931,0.417453,high,5292000.0,465570.0,6651.13302,0.912024,0.729619,3680.946547,10332.079567,10332079.567
H1,heterogeneous_condition,102,90,18900,18900,0,1.0,4826325.0,3576.347403,3576347.403,1392.0,0.0,2060.4,123.947403,0.0,495,496,221,175,100,0,0,0,0,0,1717,0.469155,0.498333,0.517467,0.576606,0.873249,2.345799,0.77737,15,0,3786,1779,5940,7380,15,5565,13320,9741,9159,0.28287,2,0,0.677868,1.52147,40.982328,0.426219,high,5292000.0,465675.0,6652.63305,0.912004,0.729603,3576.347403,10228.980453,10228980.453
H1,heterogeneous_condition,103,90,18900,18900,0,1.0,4826570.0,4210.888544,4210888.544,1627.0,0.0,2442.0,141.888544,0.0,580,582,244,196,142,0,0,0,0,0,2035,0.473079,0.515254,0.529149,0.543187,0.992559,2.718937,0.773056,22,0,3686,1872,5940,7380,22,5558,13320,9648,9252,0.336806,2,0,0.677463,1.564412,41.134815,0.42361,high,5292000.0,465430.0,6649.13298,0.91205,0.72964,4210.888544,10860.021524,10860021.524
H1,heterogeneous_condition,104,90,18900,18900,0,1.0,4826395.0,3868.586039,3868586.039,1480.0,0.0,2257.2,131.386039,0.0,533,534,208,166,160,0,0,0,0,0,1881,0.477231,0.518947,0.565679,0.543569,0.94391,2.700947,0.775,17,0,3396,2167,5940,7380,17,5563,13320,9353,9547,0.3125,2,0,0.676218,1.546165,41.557249,0.416467,high,5292000.0,465605.0,6651.63303,0.912017,0.729614,3868.586039,10520.219069,10520219.069
H1,heterogeneous_condition,105,90,18900,18900,0,1.0,4826465.0,4248.57614,4248576.14,1639.0,0.0,2468.4,141.17614,0.0,579,580,231,203,146,0,0,0,0,0,2057,0.47362,0.525395,0.564622,0.551265,1.020715,2.576161,0.772611,19,0,3560,2001,5940,7380,19,5561,13320,9519,9381,0.342361,2,0,0.67692,1.558669,41.340635,0.420174,high,5292000.0,465535.0,6650.63301,0.91203,0.729624,4248.57614,10899.20915,10899209.15
H1,heterogeneous_condition,106,90,18900,18900,0,1.0,4826185.0,4121.62835,4121628.35,1588.5,0.0,2395.2,137.92835,0.0,552,557,214,202,141,0,0,0,0,0,1996,0.476464,0.494479,0.545721,0.534416,0.982959,2.36643,0.773222,11,0,3537,2032,5940,7380,11,5569,13320,9488,9412,0.334722,2,0,0.6768,1.568983,41.424921,0.41885,high,5292000.0,465815.0,6654.63309,0.911978,0.729582,4121.62835,10776.26144,10776261.44
H1,heterogeneous_condition,107,90,18900,18900,0,1.0,4826395.0,3809.257481,3809257.481,1478.0,0.0,2199.6,131.657481,0.0,545,546,254,160,132,0,0,0,0,0,1833,0.459783,0.491685,0.561245,0.602771,0.96149,2.78374,0.776111,17,0,3785,1778,5940,7380,17,5563,13320,9742,9158,0.298611,2,0,0.67787,1.532087,40.985132,0.426172,high,5292000.0,465605.0,6651.63303,0.912017,0.729614,3809.257481,10460.890511,10460890.511
H1,heterogeneous_condition,108,90,18900,18900,0,1.0,4826325.0,4717.910119,4717910.119,1797.5,0.0,2764.8,155.610119,0.0,652,652,247,194,211,0,0,0,0,0,2304,0.474011,0.523289,0.532577,0.586148,1.128587,3.150683,0.76937,15,0,3253,2312,5940,7380,15,5565,13320,9208,9692,0.38287,2,0,0.675605,1.570246,41.807725,0.412305,high,5292000.0,465675.0,6652.63305,0.912004,0.729603,4717.910119,11370.543169,11370543.169
H1,heterogeneous_condition,109,90,18900,18900,0,1.0,4826535.0,3470.121738,3470121.738,1331.0,0.0,2016.0,123.121738,0.0,500,500,222,128,150,0,0,0,0,0,1680,0.483417,0.515561,0.543466,0.542295,0.909119,2.084195,0.77813,21,0,3541,2018,5940,7380,21,5559,13320,9502,9398,0.27338,2,0,0.676844,1.530974,41.335079,0.420218,high,5292000.0,465465.0,6649.63299,0.912044,0.729635,3470.121738,10119.754728,10119754.728
H1,heterogeneous_condition,110,90,18900,18900,0,1.0,4826185.0,5163.348668,5163348.668,1995.5,0.0,2998.8,169.048668,0.0,711,712,292,241,179,0,0,0,0,0,2499,0.460375,0.500239,0.525478,0.547919,1.167516,3.047173,0.766852,11,0,3555,2014,5940,7380,11,5569,13320,9506,9394,0.414352,2,0,0.676877,1.593742,41.321217,0.420489,high,5292000.0,465815.0,6654.63309,0.911978,0.729582,5163.348668,11817.981758,11817981.758
H2,heterogeneous_condition,101,90,18900,18900,0,1.0,4828880.0,3678.813268,3678813.268,1423.5,0.0,2126.4,128.913268,0.0,526,527,244,152,131,0,0,0,0,0,1772,0.462418,0.494984,0.552018,0.536605,0.937723,2.4518,0.776926,44,0,5580,0,5940,7336,44,5580,13276,11564,7336,0.288426,2,0,0.685517,1.562978,36.074815,0.506136,high,5292000.0,463120.0,6616.13232,0.912487,0.729989,3678.813268,10294.945588,10294945.588
H2,heterogeneous_condition,102,90,18900,18900,0,1.0,4829160.0,3697.975296,3697975.296,1440.0,0.0,2130.0,127.975296,0.0,513,515,232,179,104,0,0,0,0,0,1775,0.454596,0.464858,0.551471,0.538971,0.873249,2.345799,0.77663,48,0,5580,0,5940,7332,48,5580,13272,11568,7332,0.29213,2,0,0.685524,1.56733,36.068466,0.506257,high,5292000.0,462840.0,6612.13224,0.91254,0.730032,3697.975296,10310.107536,10310107.536
H2,heterogeneous_condition,103,90,18900,18900,0,1.0,4828530.0,4170.763675,4170763.675,1608.0,0.0,2421.6,141.163675,0.0,572,574,236,194,144,0,0,0,0,0,2018,0.454804,0.497653,0.514586,0.528263,0.992559,2.718937,0.773222,39,0,5580,0,5940,7341,39,5580,13281,11559,7341,0.334722,2,0,0.685509,1.614995,36.07254,0.506144,high,5292000.0,463470.0,6621.13242,0.912421,0.729937,4170.763675,10791.896095,10791896.095
H2,heterogeneous_condition,104,90,18900,18900,0,1.0,4829090.0,3819.27035,3819270.35,1457.5,0.0,2230.8,130.97035,0.0,523,525,202,164,159,0,0,0,0,0,1859,0.456279,0.51393,0.532512,0.503686,0.94391,2.700947,0.775259,47,0,5580,0,5940,7333,47,5580,13273,11567,7333,0.309259,2,0,0.685522,1.594795,36.065556,0.506297,high,5292000.0,462910.0,6613.13226,0.912526,0.730021,3819.27035,10432.40261,10432402.61
H2,heterogeneous_condition,105,90,18900,18900,0,1.0,4828880.0,4208.161575,4208161.575,1621.5,0.0,2445.6,141.061575,0.0,572,574,227,200,147,0,0,0,0,0,2038,0.454213,0.483968,0.544062,0.540173,1.020715,2.576161,0.772815,44,0,5580,0,5940,7336,44,5580,13276,11564,7336,0.339815,2,0,0.685517,1.60453,36.070476,0.506204,high,5292000.0,463120.0,6616.13232,0.912487,0.729989,4208.161575,10824.293895,10824293.895
H2,heterogeneous_condition,106,90,18900,18900,0,1.0,4828880.0,4134.42232,4134422.32,1592.5,0.0,2403.6,138.32232,0.0,556,558,214,203,141,0,0,0,0,0,2003,0.470498,0.507733,0.536314,0.525649,0.982959,2.36643,0.773185,44,0,5580,0,5940,7336,44,5580,13276,11564,7336,0.335185,2,0,0.685517,1.61773,36.070476,0.506204,high,5292000.0,463120.0,6616.13232,0.912487,0.729989,4134.42232,10750.55464,10750554.64
H2,heterogeneous_condition,107,90,18900,18900,0,1.0,4828600.0,3651.137699,3651137.699,1417.5,0.0,2104.8,128.837699,0.0,525,526,248,151,127,0,0,0,0,0,1754,0.47124,0.513073,0.5426,0.513792,0.96149,2.78374,0.777204,40,0,5580,0,5940,7340,40,5580,13280,11560,7340,0.284954,2,0,0.685511,1.57657,36.071429,0.506167,high,5292000.0,463400.0,6620.1324,0.912434,0.729947,3651.137699,10271.270099,10271270.099
H2,heterogeneous_condition,108,90,18900,18900,0,1.0,4828670.0,4743.539222,4743539.222,1803.5,0.0,2782.8,157.239222,0.0,652,653,243,195,215,0,0,0,0,0,2319,0.457436,0.509965,0.517259,0.534403,1.128587,3.150683,0.769111,41,0,5580,0,5940,7339,41,5580,13279,11561,7339,0.386111,2,0,0.685513,1.622883,36.070212,0.506192,high,5292000.0,463330.0,6619.13238,0.912447,0.729958,4743.539222,11362.671602,11362671.602
H2,heterogeneous_condition,109,90,18900,18900,0,1.0,4829020.0,3480.806853,3480806.853,1336.0,0.0,2020.8,124.006853,0.0,499,502,222,128,152,0,0,0,0,0,1684,0.462552,0.526826,0.524017,0.527831,0.909119,2.084195,0.778019,46,0,5580,0,5940,7334,46,5580,13274,11566,7334,0.274769,2,0,0.685521,1.579558,36.06254,0.506339,high,5292000.0,462980.0,6614.13228,0.912513,0.730011,3480.806853,10094.939133,10094939.133
H2,heterogeneous_condition,110,90,18900,18900,0,1.0,4828040.0,5134.89217,5134892.17,1985.5,0.0,2982.0,167.39217,0.0,703,709,291,239,179,0,0,0,0,0,2485,0.472718,0.507642,0.579272,0.536791,1.167516,3.047173,0.766963,32,0,5580,0,5940,7348,32,5580,13288,11552,7348,0.412963,2,0,0.685498,1.633972,36.077354,0.506031,high,5292000.0,463960.0,6628.13256,0.912328,0.729862,5134.89217,11763.02473,11763024.73
H3,heterogeneous_condition,101,90,18900,18900,0,1.0,5191200.0,4665.002947,4665002.947,1799.5,0.0,2720.4,145.102947,0.0,651,658,279,196,183,0,0,0,0,0,2267,0.737828,0.785522,0.765985,0.770221,0.937723,2.4518,0.770074,5220,0,5580,0,5940,2160,5220,5580,8100,16740,2160,0.374074,2,0,0.693816,1.78192,36.033333,0.534727,high,5292000.0,100800.0,1440.0288,0.980952,0.784762,4665.002947,6105.031747,6105031.747
H3,heterogeneous_condition,102,90,18900,18900,0,1.0,5191200.0,4623.560295,4623560.295,1817.0,0.0,2660.4,146.160295,0.0,657,669,332,207,130,0,0,0,0,0,2217,0.734905,0.764543,0.760785,0.776481,0.873249,2.345799,0.771111,5220,0,5580,0,5940,2160,5220,5580,8100,16740,2160,0.361111,2,0,0.693816,1.786707,36.033333,0.534727,high,5292000.0,100800.0,1440.0288,0.980952,0.784762,4623.560295,6063.589095,6063589.095
H3,heterogeneous_condition,103,90,18900,18900,0,1.0,5191200.0,5957.062617,5957062.617,2317.0,0.0,3459.6,180.462617,0.0,803,820,339,291,190,0,0,0,0,0,2883,0.721423,0.749221,0.767369,0.759316,0.992559,2.718937,0.761444,5220,0,5580,0,5940,2160,5220,5580,8100,16740,2160,0.481944,2,0,0.693816,1.841548,36.033333,0.534727,high,5292000.0,100800.0,1440.0288,0.980952,0.784762,5957.062617,7397.091417,7397091.417
H3,heterogeneous_condition,104,90,18900,18900,0,1.0,5191200.0,5089.986066,5089986.066,1971.0,0.0,2958.0,160.986066,0.0,725,744,345,189,210,0,0,0,0,0,2465,0.727939,0.772211,0.748347,0.781957,0.94391,2.700947,0.767741,5220,0,5580,0,5940,2160,5220,5580,8100,16740,2160,0.403241,2,0,0.693816,1.81029,36.033333,0.534727,high,5292000.0,100800.0,1440.0288,0.980952,0.784762,5089.986066,6530.014866,6530014.866
H3,heterogeneous_condition,105,90,18900,18900,0,1.0,5191200.0,5415.33486,5415334.86,2099.5,0.0,3150.0,165.83486,0.0,744,759,322,242,195,0,0,0,0,0,2625,0.740784,0.774168,0.781529,0.782497,1.020715,2.576161,0.765148,5220,0,5580,0,5940,2160,5220,5580,8100,16740,2160,0.435648,2,0,0.693816,1.813691,36.033333,0.534727,high,5292000.0,100800.0,1440.0288,0.980952,0.784762,5415.33486,6855.36366,6855363.66
H3,heterogeneous_condition,106,90,18900,18900,0,1.0,5191200.0,4908.604903,4908604.903,1896.0,0.0,2864.4,148.204903,0.0,649,658,245,249,164,0,0,0,0,0,2387,0.727054,0.77558,0.754517,0.772335,0.982959,2.36643,0.767796,5220,0,5580,0,5940,2160,5220,5580,8100,16740,2160,0.402546,2,0,0.693816,1.814946,36.033333,0.534727,high,5292000.0,100800.0,1440.0288,0.980952,0.784762,4908.604903,6348.633703,6348633.703
H3,heterogeneous_condition,107,90,18900,18900,0,1.0,5191200.0,5173.850823,5173850.823,2010.5,0.0,3000.0,163.350823,0.0,736,758,360,197,201,0,0,0,0,0,2500,0.734553,0.769848,0.768247,0.776742,0.96149,2.78374,0.767296,5220,0,5580,0,5940,2160,5220,5580,8100,16740,2160,0.408796,2,0,0.693816,1.80464,36.033333,0.534727,high,5292000.0,100800.0,1440.0288,0.980952,0.784762,5173.850823,6613.879623,6613879.623
H3,heterogeneous_condition,108,90,18900,18900,0,1.0,5191200.0,6452.597884,6452597.884,2477.0,0.0,3781.2,194.397884,0.0,868,890,342,282,266,0,0,0,0,0,3151,0.738364,0.770705,0.754382,0.784711,1.128587,3.150683,0.757685,5220,0,5580,0,5940,2160,5220,5580,8100,16740,2160,0.528935,2,0,0.693816,1.832581,36.033333,0.534727,high,5292000.0,100800.0,1440.0288,0.980952,0.784762,6452.597884,7892.626684,7892626.684
H3,heterogeneous_condition,109,90,18900,18900,0,1.0,5191200.0,4631.817192,4631817.192,1798.0,0.0,2685.6,148.217192,0.0,675,683,332,171,180,0,0,0,0,0,2238,0.727998,0.765314,0.756761,0.768077,0.909119,2.084195,0.771056,5220,0,5580,0,5940,2160,5220,5580,8100,16740,2160,0.361806,2,0,0.693816,1.796778,36.033333,0.534727,high,5292000.0,100800.0,1440.0288,0.980952,0.784762,4631.817192,6071.845992,6071845.992
H3,heterogeneous_condition,110,90,18900,18900,0,1.0,5191200.0,6421.138732,6421138.732,2509.0,0.0,3717.6,194.538732,0.0,858,893,389,314,190,0,0,0,0,0,3098,0.720484,0.785748,0.743533,0.773584,1.167516,3.047173,0.7585,5220,0,5580,0,5940,2160,5220,5580,8100,16740,2160,0.51875,2,0,0.693816,1.849792,36.033333,0.534727,high,5292000.0,100800.0,1440.0288,0.980952,0.784762,6421.138732,7861.167532,7861167.532
H4,heterogeneous_condition,101,90,18900,18900,0,1.0,5254200.0,4801.762282,4801762.282,1861.5,0.0,2791.2,149.062282,0.0,660,680,295,206,179,0,0,0,0,0,2326,0.750665,0.788265,0.771995,0.786633,0.937723,2.4518,0.769111,2430,3240,2430,4050,2700,4050,5670,6480,6750,7560,11340,0.386111,2,0,0.648189,1.743885,52.314286,0.243593,high,5292000.0,37800.0,540.0108,0.992857,0.794286,4801.762282,5341.773082,5341773.082
H4,heterogeneous_condition,102,90,18900,18900,0,1.0,5254200.0,4792.161615,4792161.615,1890.5,0.0,2750.4,151.261615,0.0,679,696,353,218,125,0,0,0,0,0,2292,0.741651,0.781789,0.762057,0.771326,0.873249,2.345799,0.77013,2430,3240,2430,4050,2700,4050,5670,6480,6750,7560,11340,0.37338,2,0,0.648189,1.750909,52.314286,0.243593,high,5292000.0,37800.0,540.0108,0.992857,0.794286,4792.161615,5332.172415,5332172.415
H4,heterogeneous_condition,103,90,18900,18900,0,1.0,5254200.0,6170.840806,6170840.806,2408.5,0.0,3576.0,186.340806,0.0,822,851,359,307,185,0,0,0,0,0,2980,0.719785,0.756054,0.772774,0.773869,0.992559,2.718937,0.76,2430,3240,2430,4050,2700,4050,5670,6480,6750,7560,11340,0.5,2,0,0.648189,1.807673,52.314286,0.243593,high,5292000.0,37800.0,540.0108,0.992857,0.794286,6170.840806,6710.851606,6710851.606
H4,heterogeneous_condition,104,90,18900,18900,0,1.0,5254200.0,5230.518704,5230518.704,2029.5,0.0,3036.0,165.018704,0.0,754,765,363,199,203,0,0,0,0,0,2530,0.73156,0.77091,0.755041,0.777273,0.94391,2.700947,0.767093,2430,3240,2430,4050,2700,4050,5670,6480,6750,7560,11340,0.411343,2,0,0.648189,1.774984,52.314286,0.243593,high,5292000.0,37800.0,540.0108,0.992857,0.794286,5230.518704,5770.529504,5770529.504
H4,heterogeneous_condition,105,90,18900,18900,0,1.0,5254200.0,5578.668509,5578668.509,2170.5,0.0,3237.6,170.568509,0.0,767,783,339,255,189,0,0,0,0,0,2698,0.749999,0.769501,0.787747,0.784852,1.020715,2.576161,0.764204,2430,3240,2430,4050,2700,4050,5670,6480,6750,7560,11340,0.447454,2,0,0.648189,1.774376,52.314286,0.243593,high,5292000.0,37800.0,540.0108,0.992857,0.794286,5578.668509,6118.679309,6118679.309
H4,heterogeneous_condition,106,90,18900,18900,0,1.0,5254200.0,5073.505128,5073505.128,1967.5,0.0,2953.2,152.805128,0.0,668,681,259,263,159,0,0,0,0,0,2461,0.741168,0.778621,0.759847,0.773345,0.982959,2.36643,0.766759,2430,3240,2430,4050,2700,4050,5670,6480,6750,7560,11340,0.415509,2,0,0.648189,1.775906,52.314286,0.243593,high,5292000.0,37800.0,540.0108,0.992857,0.794286,5073.505128,5613.515928,5613515.928
H4,heterogeneous_condition,107,90,18900,18900,0,1.0,5254200.0,5340.383529,5340383.529,2080.0,0.0,3092.4,167.983529,0.0,763,784,381,207,196,0,0,0,0,0,2577,0.742974,0.798929,0.754718,0.7967,0.96149,2.78374,0.76637,2430,3240,2430,4050,2700,4050,5670,6480,6750,7560,11340,0.42037,2,0,0.648189,1.765317,52.314286,0.243593,high,5292000.0,37800.0,540.0108,0.992857,0.794286,5340.383529,5880.394329,5880394.329
H4,heterogeneous_condition,108,90,18900,18900,0,1.0,5254200.0,6608.474924,6608474.924,2551.0,0.0,3858.0,199.474924,0.0,878,915,361,296,258,0,0,0,0,0,3215,0.728966,0.773913,0.749588,0.783627,1.128587,3.150683,0.756685,2430,3240,2430,4050,2700,4050,5670,6480,6750,7560,11340,0.541435,2,0,0.648189,1.805525,52.314286,0.243593,high,5292000.0,37800.0,540.0108,0.992857,0.794286,6608.474924,7148.485724,7148485.724
H4,heterogeneous_condition,109,90,18900,18900,0,1.0,5254200.0,4788.253645,4788253.645,1867.5,0.0,2768.4,152.353645,0.0,699,708,351,182,175,0,0,0,0,0,2307,0.740051,0.777128,0.781174,0.777585,0.909119,2.084195,0.770185,2430,3240,2430,4050,2700,4050,5670,6480,6750,7560,11340,0.372685,2,0,0.648189,1.759217,52.314286,0.243593,high,5292000.0,37800.0,540.0108,0.992857,0.794286,4788.253645,5328.264445,5328264.445
H4,heterogeneous_condition,110,90,18900,18900,0,1.0,5254200.0,6663.34565,6663345.65,2611.5,0.0,3850.8,201.04565,0.0,889,927,408,332,187,0,0,0,0,0,3209,0.725912,0.762931,0.767868,0.794023,1.167516,3.047173,0.757,2430,3240,2430,4050,2700,4050,5670,6480,6750,7560,11340,0.5375,2,0,0.648189,1.814709,52.314286,0.243593,high,5292000.0,37800.0,540.0108,0.992857,0.794286,6663.34565,7203.35645,7203356.45
H1_original,heterogeneous_condition,101,90,18900,18900,0,1.0,4826430.0,3680.946547,3680946.547,1426.0,0.0,2126.4,128.546547,0.0,530,532,252,148,132,0,0,0,0,0,1772,0.500257,0.529428,0.564286,0.559325,0.937723,2.4518,0.777,18,0,3423,2139,5940,7380,18,5562,13320,9381,9519,0.2875,2,0,0.676335,1.517255,41.496931,0.417453,high,5292000.0,465570.0,6651.13302,0.912024,0.729619,3680.946547,10332.079567,10332079.567
H1_original,heterogeneous_condition,102,90,18900,18900,0,1.0,4826325.0,3576.347403,3576347.403,1392.0,0.0,2060.4,123.947403,0.0,495,496,221,175,100,0,0,0,0,0,1717,0.469155,0.498333,0.517467,0.576606,0.873249,2.345799,0.77737,15,0,3786,1779,5940,7380,15,5565,13320,9741,9159,0.28287,2,0,0.677868,1.52147,40.982328,0.426219,high,5292000.0,465675.0,6652.63305,0.912004,0.729603,3576.347403,10228.980453,10228980.453
H1_original,heterogeneous_condition,103,90,18900,18900,0,1.0,4826570.0,4210.888544,4210888.544,1627.0,0.0,2442.0,141.888544,0.0,580,582,244,196,142,0,0,0,0,0,2035,0.473079,0.515254,0.529149,0.543187,0.992559,2.718937,0.773056,22,0,3686,1872,5940,7380,22,5558,13320,9648,9252,0.336806,2,0,0.677463,1.564412,41.134815,0.42361,high,5292000.0,465430.0,6649.13298,0.91205,0.72964,4210.888544,10860.021524,10860021.524
H1_original,heterogeneous_condition,104,90,18900,18900,0,1.0,4826395.0,3868.586039,3868586.039,1480.0,0.0,2257.2,131.386039,0.0,533,534,208,166,160,0,0,0,0,0,1881,0.477231,0.518947,0.565679,0.543569,0.94391,2.700947,0.775,17,0,3396,2167,5940,7380,17,5563,13320,9353,9547,0.3125,2,0,0.676218,1.546165,41.557249,0.416467,high,5292000.0,465605.0,6651.63303,0.912017,0.729614,3868.586039,10520.219069,10520219.069
H1_original,heterogeneous_condition,105,90,18900,18900,0,1.0,4826465.0,4248.57614,4248576.14,1639.0,0.0,2468.4,141.17614,0.0,579,580,231,203,146,0,0,0,0,0,2057,0.47362,0.525395,0.564622,0.551265,1.020715,2.576161,0.772611,19,0,3560,2001,5940,7380,19,5561,13320,9519,9381,0.342361,2,0,0.67692,1.558669,41.340635,0.420174,high,5292000.0,465535.0,6650.63301,0.91203,0.729624,4248.57614,10899.20915,10899209.15
H1_original,heterogeneous_condition,106,90,18900,18900,0,1.0,4826185.0,4121.62835,4121628.35,1588.5,0.0,2395.2,137.92835,0.0,552,557,214,202,141,0,0,0,0,0,1996,0.476464,0.494479,0.545721,0.534416,0.982959,2.36643,0.773222,11,0,3537,2032,5940,7380,11,5569,13320,9488,9412,0.334722,2,0,0.6768,1.568983,41.424921,0.41885,high,5292000.0,465815.0,6654.63309,0.911978,0.729582,4121.62835,10776.26144,10776261.44
H1_original,heterogeneous_condition,107,90,18900,18900,0,1.0,4826395.0,3809.257481,3809257.481,1478.0,0.0,2199.6,131.657481,0.0,545,546,254,160,132,0,0,0,0,0,1833,0.459783,0.491685,0.561245,0.602771,0.96149,2.78374,0.776111,17,0,3785,1778,5940,7380,17,5563,13320,9742,9158,0.298611,2,0,0.67787,1.532087,40.985132,0.426172,high,5292000.0,465605.0,6651.63303,0.912017,0.729614,3809.257481,10460.890511,10460890.511
H1_original,heterogeneous_condition,108,90,18900,18900,0,1.0,4826325.0,4717.910119,4717910.119,1797.5,0.0,2764.8,155.610119,0.0,652,652,247,194,211,0,0,0,0,0,2304,0.474011,0.523289,0.532577,0.586148,1.128587,3.150683,0.76937,15,0,3253,2312,5940,7380,15,5565,13320,9208,9692,0.38287,2,0,0.675605,1.570246,41.807725,0.412305,high,5292000.0,465675.0,6652.63305,0.912004,0.729603,4717.910119,11370.543169,11370543.169
H1_original,heterogeneous_condition,109,90,18900,18900,0,1.0,4826535.0,3470.121738,3470121.738,1331.0,0.0,2016.0,123.121738,0.0,500,500,222,128,150,0,0,0,0,0,1680,0.483417,0.515561,0.543466,0.542295,0.909119,2.084195,0.77813,21,0,3541,2018,5940,7380,21,5559,13320,9502,9398,0.27338,2,0,0.676844,1.530974,41.335079,0.420218,high,5292000.0,465465.0,6649.63299,0.912044,0.729635,3470.121738,10119.754728,10119754.728
H1_original,heterogeneous_condition,110,90,18900,18900,0,1.0,4826185.0,5163.348668,5163348.668,1995.5,0.0,2998.8,169.048668,0.0,711,712,292,241,179,0,0,0,0,0,2499,0.460375,0.500239,0.525478,0.547919,1.167516,3.047173,0.766852,11,0,3555,2014,5940,7380,11,5569,13320,9506,9394,0.414352,2,0,0.676877,1.593742,41.321217,0.420489,high,5292000.0,465815.0,6654.63309,0.911978,0.729582,5163.348668,11817.981758,11817981.758
H1_value_guard,heterogeneous_condition,101,90,18900,18900,0,1.0,4828670.0,3584.308515,3584308.515,1386.5,0.0,2071.2,126.608515,0.0,515,515,237,145,133,0,0,0,0,0,1726,0.457023,0.48295,0.535509,0.556629,0.937723,2.4518,0.777556,41,0,5580,0,5940,7339,41,5580,13279,11561,7339,0.280556,2,0,0.685513,1.522068,36.078466,0.506062,high,5292000.0,463330.0,6619.13238,0.912447,0.729958,3584.308515,10203.440895,10203440.895
H1_value_guard,heterogeneous_condition,102,90,18900,18900,0,1.0,4828530.0,3680.926934,3680926.934,1435.0,0.0,2119.2,126.726934,0.0,510,512,230,180,102,0,0,0,0,0,1766,0.474568,0.504253,0.543345,0.564867,0.873249,2.345799,0.776722,39,0,5580,0,5940,7341,39,5580,13281,11559,7341,0.290972,2,0,0.685509,1.525369,36.076561,0.506081,high,5292000.0,463470.0,6621.13242,0.912421,0.729937,3680.926934,10302.059354,10302059.354
H1_value_guard,heterogeneous_condition,103,90,18900,18900,0,1.0,4827970.0,4141.08722,4141087.22,1597.0,0.0,2404.8,139.28722,0.0,573,574,237,187,150,0,0,0,0,0,2004,0.467063,0.491024,0.544553,0.602595,0.992559,2.718937,0.773463,31,0,5580,0,5940,7349,31,5580,13289,11551,7349,0.331713,2,0,0.685497,1.569925,36.077619,0.506022,high,5292000.0,464030.0,6629.13258,0.912315,0.729852,4141.08722,10770.2198,10770219.8
H1_value_guard,heterogeneous_condition,104,90,18900,18900,0,1.0,4828180.0,3806.065543,3806065.543,1452.5,0.0,2223.6,129.965543,0.0,520,523,199,163,161,0,0,0,0,0,1853,0.470418,0.5139,0.541351,0.535911,0.94391,2.700947,0.775278,34,0,5580,0,5940,7346,34,5580,13286,11554,7346,0.309028,2,0,0.685501,1.547394,36.076508,0.506055,high,5292000.0,463820.0,6626.13252,0.912354,0.729884,3806.065543,10432.198063,10432198.063
H1_value_guard,heterogeneous_condition,105,90,18900,18900,0,1.0,4828320.0,4212.258416,4212258.416,1623.5,0.0,2448.0,140.758416,0.0,572,574,226,201,147,0,0,0,0,0,2040,0.471212,0.494603,0.547614,0.551117,1.020715,2.576161,0.772778,36,0,5580,0,5940,7344,36,5580,13284,11556,7344,0.340278,2,0,0.685505,1.559669,36.078942,0.506028,high,5292000.0,463680.0,6624.13248,0.912381,0.729905,4212.258416,10836.390896,10836390.896
H1_value_guard,heterogeneous_condition,106,90,18900,18900,0,1.0,4828180.0,4205.293739,4205293.739,1620.5,0.0,2445.6,139.193739,0.0,567,569,219,205,145,0,0,0,0,0,2038,0.493054,0.540599,0.535705,0.587311,0.982959,2.36643,0.772722,34,0,5580,0,5940,7346,34,5580,13286,11554,7346,0.340972,2,0,0.685501,1.567465,36.08,0.506001,high,5292000.0,463820.0,6626.13252,0.912354,0.729884,4205.293739,10831.426259,10831426.259
H1_value_guard,heterogeneous_condition,107,90,18900,18900,0,1.0,4828320.0,3779.598127,3779598.127,1463.5,0.0,2185.2,130.898127,0.0,540,541,249,157,135,0,0,0,0,0,1821,0.493527,0.528299,0.562211,0.557262,0.96149,2.78374,0.776259,36,0,5580,0,5940,7344,36,5580,13284,11556,7344,0.296759,2,0,0.685505,1.533568,36.075238,0.506086,high,5292000.0,463680.0,6624.13248,0.912381,0.729905,3779.598127,10403.730607,10403730.607
H1_value_guard,heterogeneous_condition,108,90,18900,18900,0,1.0,4828180.0,4757.644026,4757644.026,1806.0,0.0,2794.8,156.844026,0.0,653,654,240,194,220,0,0,0,0,0,2329,0.480713,0.517449,0.52635,0.56139,1.128587,3.150683,0.768963,34,0,5580,0,5940,7346,34,5580,13286,11554,7346,0.387963,2,0,0.685501,1.570153,36.076508,0.506055,high,5292000.0,463820.0,6626.13252,0.912354,0.729884,4757.644026,11383.776546,11383776.546
H1_value_guard,heterogeneous_condition,109,90,18900,18900,0,1.0,4828320.0,3512.227796,3512227.796,1343.5,0.0,2044.8,123.927796,0.0,503,503,218,130,155,0,0,0,0,0,1704,0.470984,0.505342,0.543997,0.551699,0.909119,2.084195,0.777741,36,0,5580,0,5940,7344,36,5580,13284,11556,7344,0.278241,2,0,0.685505,1.53403,36.075238,0.506086,high,5292000.0,463680.0,6624.13248,0.912381,0.729905,3512.227796,10136.360276,10136360.276
H1_value_guard,heterogeneous_condition,110,90,18900,18900,0,1.0,4827410.0,5129.55879,5129558.79,1978.0,0.0,2984.4,167.15879,0.0,707,708,289,235,184,0,0,0,0,0,2487,0.466109,0.492709,0.557129,0.576984,1.167516,3.047173,0.767,23,0,5580,0,5940,7357,23,5580,13297,11543,7357,0.4125,2,0,0.685484,1.5908,36.075926,0.506005,high,5292000.0,464590.0,6637.13274,0.912209,0.729767,5129.55879,11766.69153,11766691.53
H2_original,heterogeneous_condition,101,90,18900,18900,0,1.0,4828880.0,3678.813268,3678813.268,1423.5,0.0,2126.4,128.913268,0.0,526,527,244,152,131,0,0,0,0,0,1772,0.462418,0.494984,0.552018,0.536605,0.937723,2.4518,0.776926,44,0,5580,0,5940,7336,44,5580,13276,11564,7336,0.288426,2,0,0.685517,1.562978,36.074815,0.506136,high,5292000.0,463120.0,6616.13232,0.912487,0.729989,3678.813268,10294.945588,10294945.588
H2_original,heterogeneous_condition,102,90,18900,18900,0,1.0,4829160.0,3697.975296,3697975.296,1440.0,0.0,2130.0,127.975296,0.0,513,515,232,179,104,0,0,0,0,0,1775,0.454596,0.464858,0.551471,0.538971,0.873249,2.345799,0.77663,48,0,5580,0,5940,7332,48,5580,13272,11568,7332,0.29213,2,0,0.685524,1.56733,36.068466,0.506257,high,5292000.0,462840.0,6612.13224,0.91254,0.730032,3697.975296,10310.107536,10310107.536
H2_original,heterogeneous_condition,103,90,18900,18900,0,1.0,4828530.0,4170.763675,4170763.675,1608.0,0.0,2421.6,141.163675,0.0,572,574,236,194,144,0,0,0,0,0,2018,0.454804,0.497653,0.514586,0.528263,0.992559,2.718937,0.773222,39,0,5580,0,5940,7341,39,5580,13281,11559,7341,0.334722,2,0,0.685509,1.614995,36.07254,0.506144,high,5292000.0,463470.0,6621.13242,0.912421,0.729937,4170.763675,10791.896095,10791896.095
H2_original,heterogeneous_condition,104,90,18900,18900,0,1.0,4829090.0,3819.27035,3819270.35,1457.5,0.0,2230.8,130.97035,0.0,523,525,202,164,159,0,0,0,0,0,1859,0.456279,0.51393,0.532512,0.503686,0.94391,2.700947,0.775259,47,0,5580,0,5940,7333,47,5580,13273,11567,7333,0.309259,2,0,0.685522,1.594795,36.065556,0.506297,high,5292000.0,462910.0,6613.13226,0.912526,0.730021,3819.27035,10432.40261,10432402.61
H2_original,heterogeneous_condition,105,90,18900,18900,0,1.0,4828880.0,4208.161575,4208161.575,1621.5,0.0,2445.6,141.061575,0.0,572,574,227,200,147,0,0,0,0,0,2038,0.454213,0.483968,0.544062,0.540173,1.020715,2.576161,0.772815,44,0,5580,0,5940,7336,44,5580,13276,11564,7336,0.339815,2,0,0.685517,1.60453,36.070476,0.506204,high,5292000.0,463120.0,6616.13232,0.912487,0.729989,4208.161575,10824.293895,10824293.895
H2_original,heterogeneous_condition,106,90,18900,18900,0,1.0,4828880.0,4134.42232,4134422.32,1592.5,0.0,2403.6,138.32232,0.0,556,558,214,203,141,0,0,0,0,0,2003,0.470498,0.507733,0.536314,0.525649,0.982959,2.36643,0.773185,44,0,5580,0,5940,7336,44,5580,13276,11564,7336,0.335185,2,0,0.685517,1.61773,36.070476,0.506204,high,5292000.0,463120.0,6616.13232,0.912487,0.729989,4134.42232,10750.55464,10750554.64
H2_original,heterogeneous_condition,107,90,18900,18900,0,1.0,4828600.0,3651.137699,3651137.699,1417.5,0.0,2104.8,128.837699,0.0,525,526,248,151,127,0,0,0,0,0,1754,0.47124,0.513073,0.5426,0.513792,0.96149,2.78374,0.777204,40,0,5580,0,5940,7340,40,5580,13280,11560,7340,0.284954,2,0,0.685511,1.57657,36.071429,0.506167,high,5292000.0,463400.0,6620.1324,0.912434,0.729947,3651.137699,10271.270099,10271270.099
H2_original,heterogeneous_condition,108,90,18900,18900,0,1.0,4828670.0,4743.539222,4743539.222,1803.5,0.0,2782.8,157.239222,0.0,652,653,243,195,215,0,0,0,0,0,2319,0.457436,0.509965,0.517259,0.534403,1.128587,3.150683,0.769111,41,0,5580,0,5940,7339,41,5580,13279,11561,7339,0.386111,2,0,0.685513,1.622883,36.070212,0.506192,high,5292000.0,463330.0,6619.13238,0.912447,0.729958,4743.539222,11362.671602,11362671.602
H2_original,heterogeneous_condition,109,90,18900,18900,0,1.0,4829020.0,3480.806853,3480806.853,1336.0,0.0,2020.8,124.006853,0.0,499,502,222,128,152,0,0,0,0,0,1684,0.462552,0.526826,0.524017,0.527831,0.909119,2.084195,0.778019,46,0,5580,0,5940,7334,46,5580,13274,11566,7334,0.274769,2,0,0.685521,1.579558,36.06254,0.506339,high,5292000.0,462980.0,6614.13228,0.912513,0.730011,3480.806853,10094.939133,10094939.133
H2_original,heterogeneous_condition,110,90,18900,18900,0,1.0,4828040.0,5134.89217,5134892.17,1985.5,0.0,2982.0,167.39217,0.0,703,709,291,239,179,0,0,0,0,0,2485,0.472718,0.507642,0.579272,0.536791,1.167516,3.047173,0.766963,32,0,5580,0,5940,7348,32,5580,13288,11552,7348,0.412963,2,0,0.685498,1.633972,36.077354,0.506031,high,5292000.0,463960.0,6628.13256,0.912328,0.729862,5134.89217,11763.02473,11763024.73
H2_value_guard,heterogeneous_condition,101,90,18900,18900,0,1.0,4830280.0,3701.179922,3701179.922,1435.0,0.0,2136.0,130.179922,0.0,532,533,251,152,130,0,0,0,0,0,1780,0.459285,0.479253,0.545137,0.542112,0.937723,2.4518,0.77687,64,0,5580,0,5940,7316,64,5580,13256,11584,7316,0.28912,2,0,0.685549,1.566015,36.049841,0.506635,high,5292000.0,461720.0,6596.13192,0.912751,0.730201,3701.179922,10297.311842,10297311.842
H2_value_guard,heterogeneous_condition,102,90,18900,18900,0,1.0,4830490.0,3630.718152,3630718.152,1415.5,0.0,2088.0,127.218152,0.0,506,507,232,176,99,0,0,0,0,0,1740,0.450444,0.469895,0.517266,0.512857,0.873249,2.345799,0.777148,67,0,5580,0,5940,7313,67,5580,13253,11587,7313,0.285648,2,0,0.685554,1.565156,36.057513,0.506531,high,5292000.0,461510.0,6593.13186,0.912791,0.730233,3630.718152,10223.850012,10223850.012
H2_value_guard,heterogeneous_condition,103,90,18900,18900,0,1.0,4829930.0,4224.96849,4224968.49,1632.5,0.0,2450.4,142.06849,0.0,580,582,242,199,141,0,0,0,0,0,2042,0.470442,0.50834,0.551796,0.517424,0.992559,2.718937,0.772926,59,0,5580,0,5940,7321,59,5580,13261,11579,7321,0.338426,2,0,0.685541,1.611699,36.036349,0.506819,high,5292000.0,462070.0,6601.13202,0.912685,0.730148,4224.96849,10826.10051,10826100.51
H2_value_guard,heterogeneous_condition,104,90,18900,18900,0,1.0,4830070.0,3851.980654,3851980.654,1471.0,0.0,2250.0,130.980654,0.0,526,529,204,167,158,0,0,0,0,0,1875,0.452811,0.504485,0.577645,0.508025,0.94391,2.700947,0.775019,61,0,5580,0,5940,7319,61,5580,13259,11581,7319,0.312269,2,0,0.685545,1.595509,36.042063,0.50674,high,5292000.0,461930.0,6599.13198,0.912712,0.730169,3851.980654,10451.112634,10451112.634
H2_value_guard,heterogeneous_condition,105,90,18900,18900,0,1.0,4830070.0,4139.394557,4139394.557,1593.5,0.0,2406.0,139.894557,0.0,562,564,224,197,143,0,0,0,0,0,2005,0.445088,0.488766,0.529504,0.494386,1.020715,2.576161,0.773278,61,0,5580,0,5940,7319,61,5580,13259,11581,7319,0.334028,2,0,0.685545,1.6037,36.042063,0.50674,high,5292000.0,461930.0,6599.13198,0.912712,0.730169,4139.394557,10738.526537,10738526.537
H2_value_guard,heterogeneous_condition,106,90,18900,18900,0,1.0,4830280.0,4179.230719,4179230.719,1613.5,0.0,2426.4,139.330719,0.0,560,565,219,207,139,0,0,0,0,0,2022,0.471198,0.48973,0.566665,0.52729,0.982959,2.36643,0.772889,64,0,5580,0,5940,7316,64,5580,13256,11584,7316,0.338889,2,0,0.685549,1.617031,36.049841,0.506635,high,5292000.0,461720.0,6596.13192,0.912751,0.730201,4179.230719,10775.362639,10775362.639
H2_value_guard,heterogeneous_condition,107,90,18900,18900,0,1.0,4830000.0,3732.442225,3732442.225,1450.0,0.0,2151.6,130.842225,0.0,536,537,253,156,128,0,0,0,0,0,1793,0.47814,0.532715,0.547846,0.509128,0.96149,2.78374,0.776685,60,0,5580,0,5940,7320,60,5580,13260,11580,7320,0.291435,2,0,0.685543,1.579025,36.039259,0.506779,high,5292000.0,462000.0,6600.132,0.912698,0.730159,3732.442225,10332.574225,10332574.225
H2_value_guard,heterogeneous_condition,108,90,18900,18900,0,1.0,4829860.0,4668.740232,4668740.232,1774.5,0.0,2739.6,154.640232,0.0,643,645,243,189,213,0,0,0,0,0,2283,0.469994,0.533492,0.527687,0.550159,1.128587,3.150683,0.76963,58,0,5580,0,5940,7322,58,5580,13262,11578,7322,0.37963,2,0,0.68554,1.618288,36.033333,0.506861,high,5292000.0,462140.0,6602.13204,0.912672,0.730138,4668.740232,11270.872272,11270872.272
H2_value_guard,heterogeneous_condition,109,90,18900,18900,0,1.0,4830140.0,3381.694013,3381694.013,1296.0,0.0,1964.4,121.294013,0.0,486,487,215,124,148,0,0,0,0,0,1637,0.44973,0.472742,0.541782,0.528405,0.909119,2.084195,0.778667,62,0,5580,0,5940,7318,62,5580,13258,11582,7318,0.266667,2,0,0.685546,1.579742,36.044762,0.506703,high,5292000.0,461860.0,6598.13196,0.912725,0.73018,3381.694013,9979.825973,9979825.973
H2_value_guard,heterogeneous_condition,110,90,18900,18900,0,1.0,4829790.0,5178.125831,5178125.831,1991.0,9.6,3008.4,169.125831,0.0,705,709,289,242,178,1,1,0,0,1,2507,0.467146,0.506697,0.521982,0.529054,1.167516,3.047173,0.76663,57,0,5580,0,5940,7323,57,5580,13263,11577,7323,0.415046,2,0,0.685541,1.638127,36.03513,0.50683,high,5292000.0,462210.0,6603.13206,0.912659,0.730127,5178.125831,11781.257891,11781257.891
H0,high_stress,101,90,18900,18899,1,0.999947,5434380.0,10472.924692,10472924.692,3060.0,703.3,6503.9,203.724692,2.0,360,1080,360,360,360,64,56,7,1,64,5003,0.747551,0.788443,0.855077,0.872116,0.94495,1.789128,0.715167,4158,4152,4131,2224,2202,2032,8310,6355,4234,10491,8408,0.916667,2,0,0.652928,1.12252,47.794073,0.319183,low,5292000.0,0.0,0.0,1.026905,0.821567,10472.924692,10472.924692,10472924.692
H0,high_stress,102,90,18900,18895,5,0.999735,5431755.0,11043.990109,11043990.109,3060.0,941.2,6823.7,209.090109,10.0,360,1080,360,360,360,83,62,13,8,83,5249,0.714463,0.824387,0.839355,0.86284,0.943556,1.737806,0.710944,4145,4129,4134,2246,2190,2051,8274,6380,4241,10469,8426,0.916667,2,0,0.652902,1.155059,47.842133,0.31849,low,5292000.0,0.0,0.0,1.026409,0.821344,11043.990109,11043.990109,11043990.109
H0,high_stress,103,90,18900,18899,1,0.999947,5432700.0,11493.826575,11493826.575,3060.0,1151.8,7048.6,231.426575,2.0,360,1080,360,360,360,97,68,27,2,97,5422,0.662108,0.734242,0.780829,0.888199,0.997821,1.916314,0.707963,4139,4124,4145,2256,2202,2033,8263,6401,4235,10486,8413,0.916667,2,0,0.652994,1.3902,47.817311,0.318885,low,5292000.0,0.0,0.0,1.026587,0.821313,11493.826575,11493.826575,11493826.575
H0,high_stress,104,90,18900,18900,0,1.0,5434275.0,10503.130539,10503130.539,3060.0,720.2,6511.7,211.230539,0.0,360,1080,360,360,360,68,64,2,2,68,5009,0.690584,0.734835,0.850337,0.87962,0.957645,1.907839,0.715111,4158,4135,4141,2238,2196,2032,8293,6379,4228,10495,8405,0.916667,2,0,0.652984,1.221755,47.800453,0.3192,low,5292000.0,0.0,0.0,1.026885,0.821508,10503.130539,10503.130539,10503130.539
H0,high_stress,105,90,18900,18898,2,0.999894,5433190.0,10746.187714,10746187.714,3060.0,828.1,6640.4,213.687714,4.0,360,1080,360,360,360,72,56,15,1,72,5108,0.732006,0.791062,0.813472,0.873756,1.00073,1.848704,0.713315,4146,4135,4147,2239,2196,2035,8281,6386,4231,10489,8409,0.916667,2,0,0.652975,1.216142,47.830785,0.318766,low,5292000.0,0.0,0.0,1.02668,0.821431,10746.187714,10746.187714,10746187.714
H0,high_stress,106,90,18900,18899,1,0.999947,5435290.0,10231.004103,10231004.103,3060.0,594.1,6366.1,208.804103,2.0,360,1080,360,360,360,50,35,14,1,50,4897,0.723606,0.80855,0.759061,0.866974,0.994688,1.747836,0.716852,4154,4154,4146,2239,2187,2019,8308,6385,4206,10487,8412,0.916667,2,0,0.652925,1.212447,47.777666,0.319454,low,5292000.0,0.0,0.0,1.027077,0.821705,10231.004103,10231.004103,10231004.103
H0,high_stress,107,90,18900,18898,2,0.999894,5433260.0,11185.047235,11185047.235,3060.0,1012.7,6891.3,217.047235,4.0,360,1080,360,360,360,92,76,9,7,92,5301,0.729453,0.768835,0.848613,0.877313,0.972834,1.946739,0.71013,4158,4135,4132,2232,2204,2037,8293,6364,4241,10494,8404,0.916667,2,0,0.653012,1.296018,47.823855,0.318921,low,5292000.0,0.0,0.0,1.026693,0.821441,11185.047235,11185.047235,11185047.235
H0,high_stress,108,90,18900,18898,2,0.999894,5430600.0,12081.687849,12081687.849,3060.0,1400.1,7377.5,240.087849,4.0,360,1080,360,360,360,123,93,21,9,123,5675,0.707149,0.770957,0.82106,0.859329,1.054453,2.116225,0.703759,4121,4115,4148,2254,2226,2034,8236,6402,4260,10495,8403,0.916667,2,0,0.653147,1.413641,47.857932,0.318261,low,5292000.0,0.0,0.0,1.02619,0.821039,12081.687849,12081.687849,12081687.849
H0,high_stress,109,90,18900,18900,0,1.0,5434275.0,10010.480799,10010480.799,3060.0,504.4,6245.2,200.880799,0.0,360,1080,360,360,360,48,47,1,0,48,4804,0.733175,0.741214,0.88425,0.910074,0.947255,1.608784,0.718556,4155,4140,4146,2229,2199,2031,8295,6375,4230,10500,8400,0.916667,2,0,0.653042,1.171487,47.789951,0.319357,low,5292000.0,0.0,0.0,1.026885,0.821508,10010.480799,10010.480799,10010480.799
H0,high_stress,110,90,18900,18897,3,0.999841,5432455.0,12342.816247,12342816.247,3060.0,1497.6,7537.4,241.816247,6.0,360,1080,360,360,360,125,81,36,8,125,5798,0.648488,0.692987,0.784008,0.876187,1.097465,2.06887,0.701556,4129,4144,4137,2251,2200,2036,8273,6388,4236,10466,8431,0.916667,2,0,0.652944,1.465476,47.847703,0.318417,low,5292000.0,0.0,0.0,1.026541,0.821363,12342.816247,12342.816247,12342816.247
H_TIME,high_stress,101,90,18900,18899,1,0.999947,5434100.0,9839.557344,9839557.344,3026.0,475.8,6132.1,203.657344,2.0,356,1068,356,356,356,45,42,1,2,45,4717,0.724149,0.780865,0.867755,0.890299,0.94495,1.789128,0.720019,4161,4143,4156,2203,2193,2043,8304,6359,4236,10510,8389,0.903704,2,0,0.653036,1.308083,47.786318,0.31948,low,5292000.0,0.0,0.0,1.026852,0.821525,9839.557344,9839.557344,9839557.344
H_TIME,high_stress,102,90,18900,18899,1,0.999947,5432945.0,10304.846955,10304846.955,3026.0,677.3,6390.8,208.746955,2.0,356,1068,356,356,356,63,55,3,5,63,4916,0.657377,0.788363,0.803695,0.84546,0.943556,1.737806,0.716667,4146,4135,4152,2220,2200,2046,8281,6372,4246,10498,8401,0.903704,2,0,0.65298,1.275971,47.824808,0.318767,low,5292000.0,0.0,0.0,1.026634,0.82135,10304.846955,10304.846955,10304846.955
H_TIME,high_stress,103,90,18900,18898,2,0.999894,5432455.0,11113.614532,11113614.532,3026.0,1017.9,6834.1,231.614532,4.0,356,1068,356,356,356,90,72,15,3,90,5257,0.661167,0.752265,0.742677,0.882243,0.997821,1.916314,0.71087,4140,4132,4152,2231,2211,2032,8272,6383,4243,10503,8395,0.903704,2,0,0.653029,1.530632,47.824731,0.318639,low,5292000.0,0.0,0.0,1.026541,0.82132,11113.614532,11113.614532,11113614.532
H_TIME,high_stress,104,90,18900,18900,0,1.0,5434240.0,10366.565209,10366565.209,3026.0,704.6,6424.6,211.365209,0.0,356,1068,356,356,356,66,61,3,2,66,4942,0.657574,0.737429,0.860346,0.859064,0.957645,1.907839,0.716259,4154,4149,4149,2209,2210,2029,8303,6358,4239,10513,8387,0.903704,2,0,0.653089,1.407146,47.785564,0.319335,low,5292000.0,0.0,0.0,1.026878,0.821503,10366.565209,10366.565209,10366565.209
H_TIME,high_stress,105,90,18900,18900,0,1.0,5433295.0,10324.343392,10324343.392,3026.0,678.6,6406.4,213.343392,0.0,356,1068,356,356,356,58,42,14,2,58,4928,0.664071,0.726746,0.778808,0.881989,1.00073,1.848704,0.71637,4141,4137,4166,2215,2198,2043,8278,6381,4241,10505,8395,0.903704,2,0,0.653062,1.373461,47.826247,0.318883,low,5292000.0,0.0,0.0,1.0267,0.82136,10324.343392,10324.343392,10324343.392
H_TIME,high_stress,106,90,18900,18900,0,1.0,5434660.0,9534.359546,9534359.546,3026.0,338.0,5961.8,208.559546,0.0,356,1068,356,356,356,31,28,3,0,31,4586,0.667506,0.802042,0.712324,0.871285,0.994688,1.747836,0.722204,4147,4159,4160,2204,2192,2038,8306,6364,4230,10499,8401,0.903704,2,0,0.653019,1.36451,47.782526,0.319408,low,5292000.0,0.0,0.0,1.026958,0.821566,9534.359546,9534.359546,9534359.546
H_TIME,high_stress,107,90,18900,18899,1,0.999947,5432805.0,10853.878152,10853878.152,3026.0,915.2,6693.7,216.978152,2.0,356,1068,356,356,356,84,73,7,4,84,5149,0.653376,0.733884,0.810916,0.844312,0.972834,1.946739,0.712741,4146,4136,4148,2218,2211,2040,8282,6366,4251,10505,8394,0.903704,2,0,0.653061,1.435277,47.841384,0.318537,low,5292000.0,0.0,0.0,1.026607,0.821329,10853.878152,10853.878152,10853878.152
H_TIME,high_stress,108,90,18900,18900,0,1.0,5430635.0,11924.321927,11924321.927,3026.0,1374.1,7283.9,240.321927,0.0,356,1068,356,356,356,122,95,18,9,122,5603,0.641877,0.737934,0.770006,0.864267,1.054453,2.116225,0.705037,4107,4128,4149,2242,2233,2041,8235,6391,4274,10489,8411,0.903704,2,0,0.653126,1.526821,47.902581,0.31739,low,5292000.0,0.0,0.0,1.026197,0.820958,11924.321927,11924.321927,11924321.927
H_TIME,high_stress,109,90,18900,18899,1,0.999947,5433540.0,9793.912029,9793912.029,3026.0,457.6,6107.4,200.912029,2.0,356,1068,356,356,356,44,44,0,0,44,4698,0.690659,0.722036,0.868053,0.925581,0.947255,1.608784,0.72037,4146,4155,4138,2211,2215,2034,8301,6349,4249,10499,8400,0.903704,2,0,0.653056,1.291243,47.814074,0.318775,low,5292000.0,0.0,0.0,1.026746,0.82144,9793.912029,9793.912029,9793912.029
H_TIME,high_stress,110,90,18900,18898,2,0.999894,5431335.0,11773.619243,11773619.243,3026.0,1300.0,7202.0,241.619243,4.0,356,1068,356,356,356,111,77,26,8,111,5540,0.59693,0.744923,0.71309,0.816809,1.097465,2.06887,0.706,4122,4143,4152,2213,2225,2043,8265,6365,4268,10499,8399,0.903704,2,0,0.653128,1.632199,47.862434,0.318077,low,5292000.0,0.0,0.0,1.026329,0.82115,11773.619243,11773.619243,11773619.243
H1,high_stress,101,90,18900,18900,0,1.0,4826360.0,5662.694507,5662694.507,1936.0,0.0,3560.7,165.994507,0.0,700,700,273,215,212,0,0,0,0,0,2739,0.473093,0.517041,0.545724,0.534867,0.94495,1.789128,0.762204,16,0,3377,2187,5940,7380,16,5564,13320,9333,9567,0.472454,2,0,0.676134,1.622679,41.621481,0.415458,low,5292000.0,465640.0,1662.80044,0.912011,0.729608,5662.694507,7325.494947,7325494.947
H1,high_stress,102,90,18900,18900,0,1.0,4826360.0,5793.282184,5793282.184,1975.5,0.0,3647.8,169.982184,0.0,714,718,278,213,227,0,0,0,0,0,2806,0.45628,0.484359,0.53573,0.545915,0.943556,1.737806,0.761259,16,0,3399,2165,5940,7380,16,5564,13320,9355,9545,0.484259,2,0,0.676228,1.623232,41.583598,0.416092,low,5292000.0,465640.0,1662.80044,0.912011,0.729608,5793.282184,7456.082624,7456082.624
H1,high_stress,103,90,18900,18900,0,1.0,4826430.0,6287.054364,6287054.364,2162.5,0.0,3942.9,181.654364,0.0,772,775,315,255,205,0,0,0,0,0,3033,0.466514,0.509162,0.543223,0.532777,0.997821,1.916314,0.758093,18,0,3591,1971,5940,7380,18,5562,13320,9549,9351,0.523843,2,0,0.677048,1.644957,41.207831,0.422279,low,5292000.0,465570.0,1662.55047,0.912024,0.729619,6287.054364,7949.604834,7949604.834
H1,high_stress,104,90,18900,18900,0,1.0,4826465.0,5933.091336,5933091.336,2031.0,0.0,3729.7,172.391336,0.0,730,733,290,229,214,0,0,0,0,0,2869,0.478785,0.53349,0.548152,0.5418,0.957645,1.907839,0.76037,19,0,3468,2093,5940,7380,19,5561,13320,9427,9473,0.49537,2,0,0.676529,1.630604,41.478519,0.417838,low,5292000.0,465535.0,1662.425485,0.91203,0.729624,5933.091336,7595.516821,7595516.821
H1,high_stress,105,90,18900,18900,0,1.0,4826290.0,6153.714421,6153714.421,2119.5,0.0,3857.1,177.114421,0.0,747,751,296,260,195,0,0,0,0,0,2967,0.466361,0.501426,0.547784,0.554139,1.00073,1.848704,0.758889,14,0,3664,1902,5940,7380,14,5566,13320,9618,9282,0.513889,2,0,0.677348,1.643513,41.122011,0.423796,low,5292000.0,465710.0,1663.05041,0.911997,0.729598,6153.714421,7816.764831,7816764.831
H1,high_stress,106,90,18900,18900,0,1.0,4826080.0,6248.013478,6248013.478,2151.5,0.0,3916.9,179.613478,0.0,760,764,300,261,203,0,0,0,0,0,3013,0.45809,0.503884,0.542788,0.566814,0.994688,1.747836,0.758241,8,0,3508,2064,5940,7380,8,5572,13320,9456,9444,0.521991,2,0,0.676669,1.648957,41.493122,0.417747,low,5292000.0,465920.0,1663.80032,0.911958,0.729566,6248.013478,7911.813798,7911813.798
H1,high_stress,107,90,18900,18900,0,1.0,4826290.0,5865.84135,5865841.35,2005.5,0.0,3688.1,172.24135,0.0,734,738,327,216,195,0,0,0,0,0,2837,0.462868,0.476189,0.537642,0.57123,0.972834,1.946739,0.761019,14,0,3660,1906,5940,7380,14,5566,13320,9614,9286,0.487269,2,0,0.677331,1.627821,41.086984,0.424323,low,5292000.0,465710.0,1663.05041,0.911997,0.729598,5865.84135,7528.89176,7528891.76
H1,high_stress,108,90,18900,18900,0,1.0,4826325.0,6461.287453,6461287.453,2210.0,0.0,4063.8,187.487453,0.0,799,808,337,239,232,0,0,0,0,0,3126,0.44814,0.462366,0.566019,0.531174,1.054453,2.116225,0.75687,15,0,3433,2132,5940,7380,15,5565,13320,9388,9512,0.53912,2,0,0.676369,1.653649,41.440476,0.418373,low,5292000.0,465675.0,1662.925425,0.912004,0.729603,6461.287453,8124.212878,8124212.878
H1,high_stress,109,90,18900,18900,0,1.0,4826360.0,5772.600769,5772600.769,1972.0,0.0,3630.9,169.700769,0.0,720,723,301,210,212,0,0,0,0,0,2793,0.450001,0.47231,0.543627,0.574521,0.947255,1.608784,0.761574,16,0,3608,1956,5940,7380,16,5564,13320,9564,9336,0.480324,2,0,0.677115,1.629727,41.261058,0.421527,low,5292000.0,465640.0,1662.80044,0.912011,0.729608,5772.600769,7435.401209,7435401.209
H1,high_stress,110,90,18900,18900,0,1.0,4826185.0,6976.437254,6976437.254,2399.0,0.0,4378.4,199.037254,0.0,849,860,348,282,230,0,0,0,0,0,3368,0.46627,0.510082,0.539414,0.545229,1.097465,2.06887,0.753333,11,0,3459,2110,5940,7380,11,5569,13320,9410,9490,0.583333,2,0,0.676469,1.671523,41.580476,0.416295,low,5292000.0,465815.0,1663.425365,0.911978,0.729582,6976.437254,8639.862619,8639862.619
H2,high_stress,101,90,18900,18900,0,1.0,4827620.0,5673.60058,5673600.58,1939.5,0.0,3567.2,166.90058,0.0,699,701,271,215,215,0,0,0,0,0,2744,0.457234,0.497513,0.539154,0.518162,0.94495,1.789128,0.762093,26,0,5580,0,5940,7354,26,5580,13294,11546,7354,0.473843,2,0,0.685489,1.673703,36.077354,0.505999,low,5292000.0,464380.0,1658.30098,0.912249,0.729799,5673.60058,7331.90156,7331901.56
H2,high_stress,102,90,18900,18900,0,1.0,4828110.0,5761.871779,5761871.779,1964.0,0.0,3628.3,169.571779,0.0,712,714,272,210,232,0,0,0,0,0,2791,0.452778,0.490706,0.541151,0.512758,0.943556,1.737806,0.761481,33,0,5580,0,5940,7347,33,5580,13287,11553,7347,0.481481,2,0,0.6855,1.672606,36.076984,0.506042,low,5292000.0,463890.0,1656.55119,0.912341,0.729873,5761.871779,7418.422969,7418422.969
H2,high_stress,103,90,18900,18900,0,1.0,4827060.0,6277.00331,6277003.31,2156.0,0.0,3939.0,182.00331,0.0,769,776,318,250,208,0,0,0,0,0,3030,0.450867,0.504665,0.535028,0.521188,0.997821,1.916314,0.758093,18,0,5580,0,5940,7362,18,5580,13302,11538,7362,0.523843,2,0,0.685476,1.69864,36.071429,0.506048,low,5292000.0,464940.0,1660.30074,0.912143,0.729714,6277.00331,7937.30405,7937304.05
H2,high_stress,104,90,18900,18900,0,1.0,4827270.0,5878.894534,5878894.534,2015.0,0.0,3692.0,171.894534,0.0,721,727,286,227,214,0,0,0,0,0,2840,0.46004,0.475831,0.558316,0.53075,0.957645,1.907839,0.760722,21,0,5580,0,5940,7359,21,5580,13299,11541,7359,0.490972,2,0,0.68548,1.682193,36.074444,0.506017,low,5292000.0,464730.0,1659.55083,0.912183,0.729746,5878.894534,7538.445364,7538445.364
H2,high_stress,105,90,18900,18900,0,1.0,4827620.0,6154.172345,6154172.345,2122.5,0.0,3853.2,178.472345,0.0,741,750,291,262,197,0,0,0,0,0,2964,0.436587,0.460604,0.528687,0.524757,1.00073,1.848704,0.758815,26,0,5580,0,5940,7354,26,5580,13294,11546,7354,0.514815,2,0,0.685489,1.69192,36.077354,0.505999,low,5292000.0,464380.0,1658.30098,0.912249,0.729799,6154.172345,7812.473325,7812473.325
H2,high_stress,106,90,18900,18900,0,1.0,4827480.0,6234.873151,6234873.151,2147.0,0.0,3907.8,180.073151,0.0,756,763,301,260,202,0,0,0,0,0,3006,0.459613,0.494086,0.549171,0.517491,0.994688,1.747836,0.758296,24,0,5580,0,5940,7356,24,5580,13296,11544,7356,0.521296,2,0,0.685485,1.700242,36.078942,0.505963,low,5292000.0,464520.0,1658.80092,0.912222,0.729778,6234.873151,7893.674071,7893674.071
H2,high_stress,107,90,18900,18900,0,1.0,4827340.0,5811.808166,5811808.166,1989.0,0.0,3651.7,171.108166,0.0,728,730,323,217,190,0,0,0,0,0,2809,0.463251,0.493266,0.54071,0.527787,0.972834,1.946739,0.761426,22,0,5580,0,5940,7358,22,5580,13298,11542,7358,0.482176,2,0,0.685482,1.680169,36.075238,0.50601,low,5292000.0,464660.0,1659.30086,0.912196,0.729757,5811.808166,7471.109026,7471109.026
H2,high_stress,108,90,18900,18900,0,1.0,4827270.0,6475.403366,6475403.366,2211.5,0.0,4075.5,188.403366,0.0,801,812,348,237,227,0,0,0,0,0,3135,0.460514,0.504932,0.539271,0.496637,1.054453,2.116225,0.756778,21,0,5580,0,5940,7359,21,5580,13299,11541,7359,0.540278,2,0,0.68548,1.702024,36.074444,0.506017,low,5292000.0,464730.0,1659.55083,0.912183,0.729746,6475.403366,8134.954196,8134954.196
H2,high_stress,109,90,18900,18900,0,1.0,4827270.0,5781.442664,5781442.664,1974.5,0.0,3636.1,170.842664,0.0,720,725,303,209,213,0,0,0,0,0,2797,0.455402,0.483356,0.539166,0.516472,0.947255,1.608784,0.7615,21,0,5580,0,5940,7359,21,5580,13299,11541,7359,0.48125,2,0,0.68548,1.678695,36.074444,0.506017,low,5292000.0,464730.0,1659.55083,0.912183,0.729746,5781.442664,7440.993494,7440993.494
H2,high_stress,110,90,18900,18900,0,1.0,4826780.0,6956.379687,6956379.687,2389.5,0.0,4366.7,200.179687,0.0,850,859,347,277,235,0,0,0,0,0,3359,0.430457,0.448995,0.522133,0.521347,1.097465,2.06887,0.7535,14,0,5580,0,5940,7366,14,5580,13306,11534,7366,0.58125,2,0,0.685469,1.716777,36.065926,0.506113,low,5292000.0,465220.0,1661.30062,0.91209,0.729672,6956.379687,8617.680307,8617680.307
H3,high_stress,101,90,18900,18900,0,1.0,5191200.0,6921.953316,6921953.316,2378.5,0.0,4355.0,188.453316,0.0,836,870,367,258,245,0,0,0,0,0,3350,0.726592,0.785274,0.761094,0.773592,0.94495,1.789128,0.753407,5220,0,5580,0,5940,2160,5220,5580,8100,16740,2160,0.582407,2,0,0.693816,1.809096,36.033333,0.534727,low,5292000.0,100800.0,359.9568,0.980952,0.784762,6921.953316,7281.910116,7281910.116
H3,high_stress,102,90,18900,18900,0,1.0,5191200.0,7061.920517,7061920.517,2427.5,0.0,4443.4,191.020517,0.0,844,877,349,273,255,0,0,0,0,0,3418,0.7364,0.778905,0.771163,0.764328,0.943556,1.737806,0.752315,5220,0,5580,0,5940,2160,5220,5580,8100,16740,2160,0.596065,2,0,0.693816,1.818156,36.033333,0.534727,low,5292000.0,100800.0,359.9568,0.980952,0.784762,7061.920517,7421.877317,7421877.317
H3,high_stress,103,90,18900,18900,0,1.0,5191200.0,8036.795567,8036795.567,2786.5,0.0,5034.9,215.395567,0.0,905,991,405,341,245,0,0,0,0,0,3873,0.731375,0.774861,0.761671,0.756683,0.997821,1.916314,0.745,5220,0,5580,0,5940,2160,5220,5580,8100,16740,2160,0.6875,2,0,0.693816,1.87292,36.033333,0.534727,low,5292000.0,100800.0,359.9568,0.980952,0.784762,8036.795567,8396.752367,8396752.367
H3,high_stress,104,90,18900,18900,0,1.0,5191200.0,7258.944323,7258944.323,2489.5,0.0,4570.8,198.644323,0.0,885,924,409,256,259,0,0,0,0,0,3516,0.720941,0.779172,0.759352,0.755599,0.957645,1.907839,0.751241,5220,0,5580,0,5940,2160,5220,5580,8100,16740,2160,0.609491,2,0,0.693816,1.820682,36.033333,0.534727,low,5292000.0,100800.0,359.9568,0.980952,0.784762,7258.944323,7618.901123,7618901.123
H3,high_stress,105,90,18900,18900,0,1.0,5191200.0,7348.166306,7348166.306,2536.0,0.0,4613.7,198.466306,0.0,869,915,379,292,244,0,0,0,0,0,3549,0.731336,0.797862,0.747564,0.783609,1.00073,1.848704,0.750333,5220,0,5580,0,5940,2160,5220,5580,8100,16740,2160,0.620833,2,0,0.693816,1.824835,36.033333,0.534727,low,5292000.0,100800.0,359.9568,0.980952,0.784762,7348.166306,7708.123106,7708123.106
H3,high_stress,106,90,18900,18900,0,1.0,5191200.0,7202.936969,7202936.969,2496.5,0.0,4513.6,192.836969,0.0,840,878,336,313,229,0,0,0,0,0,3472,0.732579,0.780512,0.760243,0.780785,0.994688,1.747836,0.751222,5220,0,5580,0,5940,2160,5220,5580,8100,16740,2160,0.609722,2,0,0.693816,1.813999,36.033333,0.534727,low,5292000.0,100800.0,359.9568,0.980952,0.784762,7202.936969,7562.893769,7562893.769
H3,high_stress,107,90,18900,18900,0,1.0,5191200.0,7346.424201,7346424.201,2522.0,0.0,4624.1,200.324201,0.0,883,931,418,269,244,0,0,0,0,0,3557,0.727561,0.763357,0.757858,0.761779,0.972834,1.946739,0.750444,5220,0,5580,0,5940,2160,5220,5580,8100,16740,2160,0.619444,2,0,0.693816,1.827989,36.033333,0.534727,low,5292000.0,100800.0,359.9568,0.980952,0.784762,7346.424201,7706.381001,7706381.001
H3,high_stress,108,90,18900,18900,0,1.0,5191200.0,8256.50069,8256500.69,2853.5,0.0,5179.2,223.80069,0.0,924,1038,440,319,279,0,0,0,0,0,3984,0.719228,0.746794,0.742604,0.777487,1.054453,2.116225,0.743296,5220,0,5580,0,5940,2160,5220,5580,8100,16740,2160,0.708796,2,0,0.693816,1.897357,36.033333,0.534727,low,5292000.0,100800.0,359.9568,0.980952,0.784762,8256.50069,8616.45749,8616457.49
H3,high_stress,109,90,18900,18900,0,1.0,5191200.0,6893.733643,6893733.643,2365.0,0.0,4339.4,189.333643,0.0,833,880,399,243,238,0,0,0,0,0,3338,0.728794,0.797441,0.746859,0.759077,0.947255,1.608784,0.753574,5220,0,5580,0,5940,2160,5220,5580,8100,16740,2160,0.580324,2,0,0.693816,1.80854,36.033333,0.534727,low,5292000.0,100800.0,359.9568,0.980952,0.784762,6893.733643,7253.690443,7253690.443
H3,high_stress,110,90,18900,18900,0,1.0,5191200.0,8347.526328,8347526.328,2899.5,0.0,5223.4,224.626328,0.0,911,1037,436,350,251,0,0,0,0,0,4018,0.715385,0.758533,0.740488,0.772816,1.097465,2.06887,0.742426,5220,0,5580,0,5940,2160,5220,5580,8100,16740,2160,0.719676,2,0,0.693816,1.91301,36.033333,0.534727,low,5292000.0,100800.0,359.9568,0.980952,0.784762,8347.526328,8707.483128,8707483.128
H4,high_stress,101,90,18900,18900,0,1.0,5254200.0,7132.342696,7132342.696,2455.0,0.0,4483.7,193.642696,0.0,864,896,386,272,238,0,0,0,0,0,3449,0.740279,0.762308,0.774931,0.775989,0.94495,1.789128,0.752093,2430,3240,2430,4050,2700,4050,5670,6480,6750,7560,11340,0.598843,2,0,0.648189,1.838538,52.314286,0.243593,low,5292000.0,37800.0,134.9838,0.992857,0.794286,7132.342696,7267.326496,7267326.496
H4,high_stress,102,90,18900,18900,0,1.0,5254200.0,7266.137845,7266137.845,2505.5,0.0,4564.3,196.337845,0.0,849,903,368,288,247,0,0,0,0,0,3511,0.737248,0.767599,0.773821,0.765383,0.943556,1.737806,0.750685,2430,3240,2430,4050,2700,4050,5670,6480,6750,7560,11340,0.616435,2,0,0.648189,1.849617,52.314286,0.243593,low,5292000.0,37800.0,134.9838,0.992857,0.794286,7266.137845,7401.121645,7401121.645
H4,high_stress,103,90,18900,18900,0,1.0,5254200.0,8272.00015,8272000.15,2885.0,0.0,5164.9,222.10015,0.0,893,1024,427,359,238,0,0,0,0,0,3973,0.724009,0.762954,0.762728,0.76489,0.997821,1.916314,0.742926,2430,3240,2430,4050,2700,4050,5670,6480,6750,7560,11340,0.713426,2,0,0.648189,1.941945,52.314286,0.243593,low,5292000.0,37800.0,134.9838,0.992857,0.794286,8272.00015,8406.98395,8406983.95
H4,high_stress,104,90,18900,18900,0,1.0,5254200.0,7481.120154,7481120.154,2570.0,0.0,4707.3,203.820154,0.0,888,953,432,269,252,0,0,0,0,0,3621,0.736901,0.798206,0.763497,0.767489,0.957645,1.907839,0.74937,2430,3240,2430,4050,2700,4050,5670,6480,6750,7560,11340,0.63287,2,0,0.648189,1.863889,52.314286,0.243593,low,5292000.0,37800.0,134.9838,0.992857,0.794286,7481.120154,7616.103954,7616103.954
H4,high_stress,105,90,18900,18900,0,1.0,5254200.0,7555.071888,7555071.888,2610.0,0.0,4741.1,203.971888,0.0,893,939,396,307,236,0,0,0,0,0,3647,0.71677,0.75263,0.748702,0.77908,1.00073,1.848704,0.748963,2430,3240,2430,4050,2700,4050,5670,6480,6750,7560,11340,0.637963,2,0,0.648189,1.865561,52.314286,0.243593,low,5292000.0,37800.0,134.9838,0.992857,0.794286,7555.071888,7690.055688,7690055.688
H4,high_stress,106,90,18900,18900,0,1.0,5254200.0,7446.075868,7446075.868,2589.5,0.0,4657.9,198.675868,0.0,850,908,354,331,223,0,0,0,0,0,3583,0.743849,0.770403,0.773603,0.796135,0.994688,1.747836,0.749352,2430,3240,2430,4050,2700,4050,5670,6480,6750,7560,11340,0.633102,2,0,0.648189,1.865416,52.314286,0.243593,low,5292000.0,37800.0,134.9838,0.992857,0.794286,7446.075868,7581.059668,7581059.668
H4,high_stress,107,90,18900,18900,0,1.0,5254200.0,7580.587523,7580587.523,2612.5,0.0,4761.9,206.187523,0.0,893,963,442,284,237,0,0,0,0,0,3663,0.72414,0.779037,0.765199,0.770036,0.972834,1.946739,0.748667,2430,3240,2430,4050,2700,4050,5670,6480,6750,7560,11340,0.641667,2,0,0.648189,1.873395,52.314286,0.243593,low,5292000.0,37800.0,134.9838,0.992857,0.794286,7580.587523,7715.571323,7715571.323
H4,high_stress,108,90,18900,18900,0,1.0,5254200.0,8485.125045,8485125.045,2951.0,0.0,5304.0,230.125045,0.0,873,1072,466,336,270,0,0,0,0,0,4080,0.725722,0.775442,0.752322,0.768367,1.054453,2.116225,0.740574,2430,3240,2430,4050,2700,4050,5670,6480,6750,7560,11340,0.742824,2,0,0.648189,1.971352,52.314286,0.243593,low,5292000.0,37800.0,134.9838,0.992857,0.794286,8485.125045,8620.108845,8620108.845
H4,high_stress,109,90,18900,18900,0,1.0,5254200.0,7101.322557,7101322.557,2439.0,0.0,4468.1,194.222557,0.0,856,905,418,257,230,0,0,0,0,0,3437,0.726075,0.77342,0.768864,0.757495,0.947255,1.608784,0.752167,2430,3240,2430,4050,2700,4050,5670,6480,6750,7560,11340,0.597917,2,0,0.648189,1.851133,52.314286,0.243593,low,5292000.0,37800.0,134.9838,0.992857,0.794286,7101.322557,7236.306357,7236306.357
H4,high_stress,110,90,18900,18900,0,1.0,5254025.0,8620.613488,8620613.488,2978.5,42.9,5367.7,231.513488,0.0,816,1061,452,368,241,4,3,0,1,4,4129,0.706382,0.73133,0.743234,0.751347,1.097465,2.06887,0.738685,2429,3239,2430,4049,2704,4049,5668,6479,6753,7563,11337,0.757407,2,0,0.648208,2.008789,52.313532,0.243622,low,5292000.0,37975.0,135.608725,0.992824,0.794259,8620.613488,8756.222213,8756222.213
H1_original,high_stress,101,90,18900,18900,0,1.0,4826360.0,5662.694507,5662694.507,1936.0,0.0,3560.7,165.994507,0.0,700,700,273,215,212,0,0,0,0,0,2739,0.473093,0.517041,0.545724,0.534867,0.94495,1.789128,0.762204,16,0,3377,2187,5940,7380,16,5564,13320,9333,9567,0.472454,2,0,0.676134,1.622679,41.621481,0.415458,low,5292000.0,465640.0,1662.80044,0.912011,0.729608,5662.694507,7325.494947,7325494.947
H1_original,high_stress,102,90,18900,18900,0,1.0,4826360.0,5793.282184,5793282.184,1975.5,0.0,3647.8,169.982184,0.0,714,718,278,213,227,0,0,0,0,0,2806,0.45628,0.484359,0.53573,0.545915,0.943556,1.737806,0.761259,16,0,3399,2165,5940,7380,16,5564,13320,9355,9545,0.484259,2,0,0.676228,1.623232,41.583598,0.416092,low,5292000.0,465640.0,1662.80044,0.912011,0.729608,5793.282184,7456.082624,7456082.624
H1_original,high_stress,103,90,18900,18900,0,1.0,4826430.0,6287.054364,6287054.364,2162.5,0.0,3942.9,181.654364,0.0,772,775,315,255,205,0,0,0,0,0,3033,0.466514,0.509162,0.543223,0.532777,0.997821,1.916314,0.758093,18,0,3591,1971,5940,7380,18,5562,13320,9549,9351,0.523843,2,0,0.677048,1.644957,41.207831,0.422279,low,5292000.0,465570.0,1662.55047,0.912024,0.729619,6287.054364,7949.604834,7949604.834
H1_original,high_stress,104,90,18900,18900,0,1.0,4826465.0,5933.091336,5933091.336,2031.0,0.0,3729.7,172.391336,0.0,730,733,290,229,214,0,0,0,0,0,2869,0.478785,0.53349,0.548152,0.5418,0.957645,1.907839,0.76037,19,0,3468,2093,5940,7380,19,5561,13320,9427,9473,0.49537,2,0,0.676529,1.630604,41.478519,0.417838,low,5292000.0,465535.0,1662.425485,0.91203,0.729624,5933.091336,7595.516821,7595516.821
H1_original,high_stress,105,90,18900,18900,0,1.0,4826290.0,6153.714421,6153714.421,2119.5,0.0,3857.1,177.114421,0.0,747,751,296,260,195,0,0,0,0,0,2967,0.466361,0.501426,0.547784,0.554139,1.00073,1.848704,0.758889,14,0,3664,1902,5940,7380,14,5566,13320,9618,9282,0.513889,2,0,0.677348,1.643513,41.122011,0.423796,low,5292000.0,465710.0,1663.05041,0.911997,0.729598,6153.714421,7816.764831,7816764.831
H1_original,high_stress,106,90,18900,18900,0,1.0,4826080.0,6248.013478,6248013.478,2151.5,0.0,3916.9,179.613478,0.0,760,764,300,261,203,0,0,0,0,0,3013,0.45809,0.503884,0.542788,0.566814,0.994688,1.747836,0.758241,8,0,3508,2064,5940,7380,8,5572,13320,9456,9444,0.521991,2,0,0.676669,1.648957,41.493122,0.417747,low,5292000.0,465920.0,1663.80032,0.911958,0.729566,6248.013478,7911.813798,7911813.798
H1_original,high_stress,107,90,18900,18900,0,1.0,4826290.0,5865.84135,5865841.35,2005.5,0.0,3688.1,172.24135,0.0,734,738,327,216,195,0,0,0,0,0,2837,0.462868,0.476189,0.537642,0.57123,0.972834,1.946739,0.761019,14,0,3660,1906,5940,7380,14,5566,13320,9614,9286,0.487269,2,0,0.677331,1.627821,41.086984,0.424323,low,5292000.0,465710.0,1663.05041,0.911997,0.729598,5865.84135,7528.89176,7528891.76
H1_original,high_stress,108,90,18900,18900,0,1.0,4826325.0,6461.287453,6461287.453,2210.0,0.0,4063.8,187.487453,0.0,799,808,337,239,232,0,0,0,0,0,3126,0.44814,0.462366,0.566019,0.531174,1.054453,2.116225,0.75687,15,0,3433,2132,5940,7380,15,5565,13320,9388,9512,0.53912,2,0,0.676369,1.653649,41.440476,0.418373,low,5292000.0,465675.0,1662.925425,0.912004,0.729603,6461.287453,8124.212878,8124212.878
H1_original,high_stress,109,90,18900,18900,0,1.0,4826360.0,5772.600769,5772600.769,1972.0,0.0,3630.9,169.700769,0.0,720,723,301,210,212,0,0,0,0,0,2793,0.450001,0.47231,0.543627,0.574521,0.947255,1.608784,0.761574,16,0,3608,1956,5940,7380,16,5564,13320,9564,9336,0.480324,2,0,0.677115,1.629727,41.261058,0.421527,low,5292000.0,465640.0,1662.80044,0.912011,0.729608,5772.600769,7435.401209,7435401.209
H1_original,high_stress,110,90,18900,18900,0,1.0,4826185.0,6976.437254,6976437.254,2399.0,0.0,4378.4,199.037254,0.0,849,860,348,282,230,0,0,0,0,0,3368,0.46627,0.510082,0.539414,0.545229,1.097465,2.06887,0.753333,11,0,3459,2110,5940,7380,11,5569,13320,9410,9490,0.583333,2,0,0.676469,1.671523,41.580476,0.416295,low,5292000.0,465815.0,1663.425365,0.911978,0.729582,6976.437254,8639.862619,8639862.619
H1_value_guard,high_stress,101,90,18900,18900,0,1.0,4827270.0,5724.813107,5724813.107,1959.5,0.0,3598.4,166.913107,0.0,702,706,268,219,219,0,0,0,0,0,2768,0.492651,0.525275,0.560031,0.551356,0.94495,1.789128,0.761722,21,0,5580,0,5940,7359,21,5580,13299,11541,7359,0.478472,2,0,0.68548,1.62595,36.074444,0.506017,low,5292000.0,464730.0,1659.55083,0.912183,0.729746,5724.813107,7384.363937,7384363.937
H1_value_guard,high_stress,102,90,18900,18900,0,1.0,4827550.0,5810.002488,5810002.488,1984.0,0.0,3655.6,170.402488,0.0,717,720,277,215,228,0,0,0,0,0,2812,0.455854,0.473551,0.555373,0.535044,0.943556,1.737806,0.761167,25,0,5580,0,5940,7355,25,5580,13295,11545,7355,0.485417,2,0,0.685487,1.627644,36.076984,0.505999,low,5292000.0,464450.0,1658.55095,0.912235,0.729788,5810.002488,7468.553438,7468553.438
H1_value_guard,high_stress,103,90,18900,18900,0,1.0,4826780.0,6287.084106,6287084.106,2160.5,0.0,3945.5,181.084106,0.0,770,775,313,253,209,0,0,0,0,0,3035,0.484294,0.540987,0.531106,0.561095,0.997821,1.916314,0.758037,14,0,5580,0,5940,7366,14,5580,13306,11534,7366,0.524537,2,0,0.685469,1.646989,36.065926,0.506113,low,5292000.0,465220.0,1661.30062,0.91209,0.729672,6287.084106,7948.384726,7948384.726
H1_value_guard,high_stress,104,90,18900,18900,0,1.0,4827130.0,5894.611711,5894611.711,2017.5,0.0,3705.0,172.111711,0.0,726,729,285,225,219,0,0,0,0,0,2850,0.436757,0.494582,0.561482,0.522759,0.957645,1.907839,0.76063,19,0,5580,0,5940,7361,19,5580,13301,11539,7361,0.49213,2,0,0.685477,1.632555,36.07254,0.506036,low,5292000.0,464870.0,1660.05077,0.912156,0.729725,5894.611711,7554.662481,7554662.481
H1_value_guard,high_stress,105,90,18900,18900,0,1.0,4827130.0,6224.479012,6224479.012,2145.5,0.0,3900.0,178.979012,0.0,753,760,298,263,199,0,0,0,0,0,3000,0.462103,0.496194,0.570973,0.530606,1.00073,1.848704,0.75837,19,0,5580,0,5940,7361,19,5580,13301,11539,7361,0.52037,2,0,0.685477,1.643657,36.07254,0.506036,low,5292000.0,464870.0,1660.05077,0.912156,0.729725,6224.479012,7884.529782,7884529.782
H1_value_guard,high_stress,106,90,18900,18900,0,1.0,4827130.0,6246.795469,6246795.469,2150.5,0.0,3916.9,179.395469,0.0,760,766,303,258,205,0,0,0,0,0,3013,0.480924,0.535788,0.553779,0.555107,0.994688,1.747836,0.758241,19,0,5580,0,5940,7361,19,5580,13301,11539,7361,0.521991,2,0,0.685477,1.646133,36.074444,0.506007,low,5292000.0,464870.0,1660.05077,0.912156,0.729725,6246.795469,7906.846239,7906846.239
H1_value_guard,high_stress,107,90,18900,18900,0,1.0,4826920.0,5885.464102,5885464.102,2012.0,0.0,3701.1,172.364102,0.0,735,740,327,217,196,0,0,0,0,0,2847,0.47495,0.494321,0.55632,0.553032,0.972834,1.946739,0.760889,16,0,5580,0,5940,7364,16,5580,13304,11536,7364,0.488889,2,0,0.685472,1.624198,36.068889,0.506077,low,5292000.0,465080.0,1660.80068,0.912116,0.729693,5885.464102,7546.264782,7546264.782
H1_value_guard,high_stress,108,90,18900,18900,0,1.0,4826990.0,6504.201513,6504201.513,2220.5,0.0,4095.0,188.701513,0.0,812,817,349,235,233,0,0,0,0,0,3150,0.476915,0.496628,0.536463,0.551092,1.054453,2.116225,0.756667,17,0,5580,0,5940,7363,17,5580,13303,11537,7363,0.541667,2,0,0.685474,1.655122,36.070212,0.506062,low,5292000.0,465010.0,1660.55071,0.91213,0.729704,6504.201513,8164.752223,8164752.223
H1_value_guard,high_stress,109,90,18900,18900,0,1.0,4826990.0,5769.813967,5769813.967,1969.0,0.0,3630.9,169.913967,0.0,719,722,299,209,214,0,0,0,0,0,2793,0.450198,0.474347,0.555563,0.531363,0.947255,1.608784,0.761574,17,0,5580,0,5940,7363,17,5580,13303,11537,7363,0.480324,2,0,0.685474,1.631386,36.070212,0.506062,low,5292000.0,465010.0,1660.55071,0.91213,0.729704,5769.813967,7430.364677,7430364.677
H1_value_guard,high_stress,110,90,18900,18900,0,1.0,4826710.0,6970.86612,6970866.12,2396.5,0.0,4375.8,198.56612,0.0,849,858,340,281,237,0,0,0,0,0,3366,0.478282,0.492631,0.550646,0.564872,1.097465,2.06887,0.753352,13,0,5580,0,5940,7367,13,5580,13307,11533,7367,0.583102,2,0,0.685468,1.669925,36.064286,0.506133,low,5292000.0,465290.0,1661.55059,0.912077,0.729661,6970.86612,8632.41671,8632416.71
H2_original,high_stress,101,90,18900,18900,0,1.0,4827620.0,5673.60058,5673600.58,1939.5,0.0,3567.2,166.90058,0.0,699,701,271,215,215,0,0,0,0,0,2744,0.457234,0.497513,0.539154,0.518162,0.94495,1.789128,0.762093,26,0,5580,0,5940,7354,26,5580,13294,11546,7354,0.473843,2,0,0.685489,1.673703,36.077354,0.505999,low,5292000.0,464380.0,1658.30098,0.912249,0.729799,5673.60058,7331.90156,7331901.56
H2_original,high_stress,102,90,18900,18900,0,1.0,4828110.0,5761.871779,5761871.779,1964.0,0.0,3628.3,169.571779,0.0,712,714,272,210,232,0,0,0,0,0,2791,0.452778,0.490706,0.541151,0.512758,0.943556,1.737806,0.761481,33,0,5580,0,5940,7347,33,5580,13287,11553,7347,0.481481,2,0,0.6855,1.672606,36.076984,0.506042,low,5292000.0,463890.0,1656.55119,0.912341,0.729873,5761.871779,7418.422969,7418422.969
H2_original,high_stress,103,90,18900,18900,0,1.0,4827060.0,6277.00331,6277003.31,2156.0,0.0,3939.0,182.00331,0.0,769,776,318,250,208,0,0,0,0,0,3030,0.450867,0.504665,0.535028,0.521188,0.997821,1.916314,0.758093,18,0,5580,0,5940,7362,18,5580,13302,11538,7362,0.523843,2,0,0.685476,1.69864,36.071429,0.506048,low,5292000.0,464940.0,1660.30074,0.912143,0.729714,6277.00331,7937.30405,7937304.05
H2_original,high_stress,104,90,18900,18900,0,1.0,4827270.0,5878.894534,5878894.534,2015.0,0.0,3692.0,171.894534,0.0,721,727,286,227,214,0,0,0,0,0,2840,0.46004,0.475831,0.558316,0.53075,0.957645,1.907839,0.760722,21,0,5580,0,5940,7359,21,5580,13299,11541,7359,0.490972,2,0,0.68548,1.682193,36.074444,0.506017,low,5292000.0,464730.0,1659.55083,0.912183,0.729746,5878.894534,7538.445364,7538445.364
H2_original,high_stress,105,90,18900,18900,0,1.0,4827620.0,6154.172345,6154172.345,2122.5,0.0,3853.2,178.472345,0.0,741,750,291,262,197,0,0,0,0,0,2964,0.436587,0.460604,0.528687,0.524757,1.00073,1.848704,0.758815,26,0,5580,0,5940,7354,26,5580,13294,11546,7354,0.514815,2,0,0.685489,1.69192,36.077354,0.505999,low,5292000.0,464380.0,1658.30098,0.912249,0.729799,6154.172345,7812.473325,7812473.325
H2_original,high_stress,106,90,18900,18900,0,1.0,4827480.0,6234.873151,6234873.151,2147.0,0.0,3907.8,180.073151,0.0,756,763,301,260,202,0,0,0,0,0,3006,0.459613,0.494086,0.549171,0.517491,0.994688,1.747836,0.758296,24,0,5580,0,5940,7356,24,5580,13296,11544,7356,0.521296,2,0,0.685485,1.700242,36.078942,0.505963,low,5292000.0,464520.0,1658.80092,0.912222,0.729778,6234.873151,7893.674071,7893674.071
H2_original,high_stress,107,90,18900,18900,0,1.0,4827340.0,5811.808166,5811808.166,1989.0,0.0,3651.7,171.108166,0.0,728,730,323,217,190,0,0,0,0,0,2809,0.463251,0.493266,0.54071,0.527787,0.972834,1.946739,0.761426,22,0,5580,0,5940,7358,22,5580,13298,11542,7358,0.482176,2,0,0.685482,1.680169,36.075238,0.50601,low,5292000.0,464660.0,1659.30086,0.912196,0.729757,5811.808166,7471.109026,7471109.026
H2_original,high_stress,108,90,18900,18900,0,1.0,4827270.0,6475.403366,6475403.366,2211.5,0.0,4075.5,188.403366,0.0,801,812,348,237,227,0,0,0,0,0,3135,0.460514,0.504932,0.539271,0.496637,1.054453,2.116225,0.756778,21,0,5580,0,5940,7359,21,5580,13299,11541,7359,0.540278,2,0,0.68548,1.702024,36.074444,0.506017,low,5292000.0,464730.0,1659.55083,0.912183,0.729746,6475.403366,8134.954196,8134954.196
H2_original,high_stress,109,90,18900,18900,0,1.0,4827270.0,5781.442664,5781442.664,1974.5,0.0,3636.1,170.842664,0.0,720,725,303,209,213,0,0,0,0,0,2797,0.455402,0.483356,0.539166,0.516472,0.947255,1.608784,0.7615,21,0,5580,0,5940,7359,21,5580,13299,11541,7359,0.48125,2,0,0.68548,1.678695,36.074444,0.506017,low,5292000.0,464730.0,1659.55083,0.912183,0.729746,5781.442664,7440.993494,7440993.494
H2_original,high_stress,110,90,18900,18900,0,1.0,4826780.0,6956.379687,6956379.687,2389.5,0.0,4366.7,200.179687,0.0,850,859,347,277,235,0,0,0,0,0,3359,0.430457,0.448995,0.522133,0.521347,1.097465,2.06887,0.7535,14,0,5580,0,5940,7366,14,5580,13306,11534,7366,0.58125,2,0,0.685469,1.716777,36.065926,0.506113,low,5292000.0,465220.0,1661.30062,0.91209,0.729672,6956.379687,8617.680307,8617680.307
H2_value_guard,high_stress,101,90,18900,18900,0,1.0,4829580.0,5695.482969,5695482.969,1947.0,0.0,3581.5,166.982969,0.0,698,703,269,216,218,0,0,0,0,0,2755,0.462853,0.494882,0.560929,0.520495,0.94495,1.789128,0.761889,54,0,5580,0,5940,7326,54,5580,13266,11574,7326,0.476389,2,0,0.685533,1.670589,36.055767,0.506488,low,5292000.0,462420.0,1651.30182,0.912619,0.730095,5695.482969,7346.784789,7346784.789
H2_value_guard,high_stress,102,90,18900,18900,0,1.0,4829650.0,5777.787039,5777787.039,1970.5,0.0,3637.4,169.887039,0.0,713,716,275,212,229,0,0,0,0,0,2798,0.466574,0.518857,0.53446,0.502204,0.943556,1.737806,0.76137,55,0,5580,0,5940,7325,55,5580,13265,11575,7325,0.48287,2,0,0.685535,1.673348,36.042063,0.506708,low,5292000.0,462350.0,1651.05185,0.912632,0.730106,5777.787039,7428.838889,7428838.889
H2_value_guard,high_stress,103,90,18900,18900,0,1.0,4828810.0,6254.312541,6254312.541,2147.5,0.0,3926.0,180.812541,0.0,762,769,309,253,207,0,0,0,0,0,3020,0.443509,0.46798,0.547574,0.543415,0.997821,1.916314,0.758185,43,0,5580,0,5940,7337,43,5580,13277,11563,7337,0.522685,2,0,0.685516,1.695012,36.06746,0.506246,low,5292000.0,463190.0,1654.05149,0.912474,0.729979,6254.312541,7908.364031,7908364.031
H2_value_guard,high_stress,104,90,18900,18900,0,1.0,4829090.0,5894.20282,5894202.82,2016.0,0.0,3706.3,171.90282,0.0,724,727,284,227,216,0,0,0,0,0,2851,0.453067,0.46805,0.568419,0.527877,0.957645,1.907839,0.760611,47,0,5580,0,5940,7333,47,5580,13273,11567,7333,0.492361,2,0,0.685522,1.685496,36.060688,0.506373,low,5292000.0,462910.0,1653.05161,0.912526,0.730021,5894.20282,7547.25443,7547254.43
H2_value_guard,high_stress,105,90,18900,18900,0,1.0,4829300.0,6217.670373,6217670.373,2135.0,10.4,3893.5,178.770373,0.0,750,754,292,264,198,1,1,0,0,1,2995,0.460778,0.489281,0.54422,0.537948,1.00073,1.848704,0.758407,50,0,5580,0,5940,7330,50,5580,13270,11570,7330,0.517824,2,0,0.685528,1.694622,36.0555,0.506467,low,5292000.0,462700.0,1652.3017,0.912566,0.730053,6217.670373,7869.972073,7869972.073
H2_value_guard,high_stress,106,90,18900,18900,0,1.0,4829230.0,6191.19661,6191196.61,2131.5,0.0,3880.5,179.19661,0.0,753,758,298,257,203,0,0,0,0,0,2985,0.442075,0.491436,0.540169,0.521137,0.994688,1.747836,0.75863,49,0,5580,0,5940,7331,49,5580,13271,11569,7331,0.51713,2,0,0.685525,1.691771,36.061746,0.506367,low,5292000.0,462770.0,1652.55167,0.912553,0.730042,6191.19661,7843.74828,7843748.28
H2_value_guard,high_stress,107,90,18900,18900,0,1.0,4829300.0,5852.098296,5852098.296,2005.0,0.0,3675.1,171.998296,0.0,734,736,327,219,190,0,0,0,0,0,2827,0.464449,0.513325,0.543711,0.526396,0.972834,1.946739,0.761204,50,0,5580,0,5940,7330,50,5580,13270,11570,7330,0.484954,2,0,0.685527,1.681171,36.054497,0.506486,low,5292000.0,462700.0,1652.3017,0.912566,0.730053,5852.098296,7504.399996,7504399.996
H2_value_guard,high_stress,108,90,18900,18900,0,1.0,4829370.0,6473.352487,6473352.487,2213.5,0.0,4071.6,188.252487,0.0,807,811,345,239,227,0,0,0,0,0,3132,0.432662,0.468053,0.563305,0.502384,1.054453,2.116225,0.756907,51,0,5580,0,5940,7329,51,5580,13269,11571,7329,0.538657,2,0,0.685529,1.707039,36.052222,0.506527,low,5292000.0,462630.0,1652.05173,0.912579,0.730063,6473.352487,8125.404217,8125404.217
H2_value_guard,high_stress,109,90,18900,18900,0,1.0,4829440.0,5758.583347,5758583.347,1964.0,0.0,3624.4,170.183347,0.0,719,721,301,208,212,0,0,0,0,0,2788,0.436261,0.463931,0.553582,0.504058,0.947255,1.608784,0.761667,52,0,5580,0,5940,7328,52,5580,13268,11572,7328,0.479167,2,0,0.68553,1.679791,36.049841,0.50657,low,5292000.0,462560.0,1651.80176,0.912593,0.730074,5758.583347,7410.385107,7410385.107
H2_value_guard,high_stress,110,90,18900,18900,0,1.0,4828740.0,6949.311662,6949311.662,2388.5,0.0,4361.5,199.311662,0.0,849,857,345,279,233,0,0,0,0,0,3355,0.445001,0.482063,0.533014,0.517818,1.097465,2.06887,0.753556,42,0,5580,0,5940,7338,42,5580,13278,11562,7338,0.580556,2,0,0.685514,1.721428,36.068889,0.506218,low,5292000.0,463260.0,1654.30146,0.91246,0.729968,6949.311662,8603.613122,8603613.122
H0,high_stress,101,90,18900,18899,1,0.999947,5434380.0,10472.924692,10472924.692,3060.0,703.3,6503.9,203.724692,2.0,360,1080,360,360,360,64,56,7,1,64,5003,0.747551,0.788443,0.855077,0.872116,0.94495,1.789128,0.715167,4158,4152,4131,2224,2202,2032,8310,6355,4234,10491,8408,0.916667,2,0,0.652928,1.12252,47.794073,0.319183,base,5292000.0,0.0,0.0,1.026905,0.821567,10472.924692,10472.924692,10472924.692
H0,high_stress,102,90,18900,18895,5,0.999735,5431755.0,11043.990109,11043990.109,3060.0,941.2,6823.7,209.090109,10.0,360,1080,360,360,360,83,62,13,8,83,5249,0.714463,0.824387,0.839355,0.86284,0.943556,1.737806,0.710944,4145,4129,4134,2246,2190,2051,8274,6380,4241,10469,8426,0.916667,2,0,0.652902,1.155059,47.842133,0.31849,base,5292000.0,0.0,0.0,1.026409,0.821344,11043.990109,11043.990109,11043990.109
H0,high_stress,103,90,18900,18899,1,0.999947,5432700.0,11493.826575,11493826.575,3060.0,1151.8,7048.6,231.426575,2.0,360,1080,360,360,360,97,68,27,2,97,5422,0.662108,0.734242,0.780829,0.888199,0.997821,1.916314,0.707963,4139,4124,4145,2256,2202,2033,8263,6401,4235,10486,8413,0.916667,2,0,0.652994,1.3902,47.817311,0.318885,base,5292000.0,0.0,0.0,1.026587,0.821313,11493.826575,11493.826575,11493826.575
H0,high_stress,104,90,18900,18900,0,1.0,5434275.0,10503.130539,10503130.539,3060.0,720.2,6511.7,211.230539,0.0,360,1080,360,360,360,68,64,2,2,68,5009,0.690584,0.734835,0.850337,0.87962,0.957645,1.907839,0.715111,4158,4135,4141,2238,2196,2032,8293,6379,4228,10495,8405,0.916667,2,0,0.652984,1.221755,47.800453,0.3192,base,5292000.0,0.0,0.0,1.026885,0.821508,10503.130539,10503.130539,10503130.539
H0,high_stress,105,90,18900,18898,2,0.999894,5433190.0,10746.187714,10746187.714,3060.0,828.1,6640.4,213.687714,4.0,360,1080,360,360,360,72,56,15,1,72,5108,0.732006,0.791062,0.813472,0.873756,1.00073,1.848704,0.713315,4146,4135,4147,2239,2196,2035,8281,6386,4231,10489,8409,0.916667,2,0,0.652975,1.216142,47.830785,0.318766,base,5292000.0,0.0,0.0,1.02668,0.821431,10746.187714,10746.187714,10746187.714
H0,high_stress,106,90,18900,18899,1,0.999947,5435290.0,10231.004103,10231004.103,3060.0,594.1,6366.1,208.804103,2.0,360,1080,360,360,360,50,35,14,1,50,4897,0.723606,0.80855,0.759061,0.866974,0.994688,1.747836,0.716852,4154,4154,4146,2239,2187,2019,8308,6385,4206,10487,8412,0.916667,2,0,0.652925,1.212447,47.777666,0.319454,base,5292000.0,0.0,0.0,1.027077,0.821705,10231.004103,10231.004103,10231004.103
H0,high_stress,107,90,18900,18898,2,0.999894,5433260.0,11185.047235,11185047.235,3060.0,1012.7,6891.3,217.047235,4.0,360,1080,360,360,360,92,76,9,7,92,5301,0.729453,0.768835,0.848613,0.877313,0.972834,1.946739,0.71013,4158,4135,4132,2232,2204,2037,8293,6364,4241,10494,8404,0.916667,2,0,0.653012,1.296018,47.823855,0.318921,base,5292000.0,0.0,0.0,1.026693,0.821441,11185.047235,11185.047235,11185047.235
H0,high_stress,108,90,18900,18898,2,0.999894,5430600.0,12081.687849,12081687.849,3060.0,1400.1,7377.5,240.087849,4.0,360,1080,360,360,360,123,93,21,9,123,5675,0.707149,0.770957,0.82106,0.859329,1.054453,2.116225,0.703759,4121,4115,4148,2254,2226,2034,8236,6402,4260,10495,8403,0.916667,2,0,0.653147,1.413641,47.857932,0.318261,base,5292000.0,0.0,0.0,1.02619,0.821039,12081.687849,12081.687849,12081687.849
H0,high_stress,109,90,18900,18900,0,1.0,5434275.0,10010.480799,10010480.799,3060.0,504.4,6245.2,200.880799,0.0,360,1080,360,360,360,48,47,1,0,48,4804,0.733175,0.741214,0.88425,0.910074,0.947255,1.608784,0.718556,4155,4140,4146,2229,2199,2031,8295,6375,4230,10500,8400,0.916667,2,0,0.653042,1.171487,47.789951,0.319357,base,5292000.0,0.0,0.0,1.026885,0.821508,10010.480799,10010.480799,10010480.799
H0,high_stress,110,90,18900,18897,3,0.999841,5432455.0,12342.816247,12342816.247,3060.0,1497.6,7537.4,241.816247,6.0,360,1080,360,360,360,125,81,36,8,125,5798,0.648488,0.692987,0.784008,0.876187,1.097465,2.06887,0.701556,4129,4144,4137,2251,2200,2036,8273,6388,4236,10466,8431,0.916667,2,0,0.652944,1.465476,47.847703,0.318417,base,5292000.0,0.0,0.0,1.026541,0.821363,12342.816247,12342.816247,12342816.247
H_TIME,high_stress,101,90,18900,18899,1,0.999947,5434100.0,9839.557344,9839557.344,3026.0,475.8,6132.1,203.657344,2.0,356,1068,356,356,356,45,42,1,2,45,4717,0.724149,0.780865,0.867755,0.890299,0.94495,1.789128,0.720019,4161,4143,4156,2203,2193,2043,8304,6359,4236,10510,8389,0.903704,2,0,0.653036,1.308083,47.786318,0.31948,base,5292000.0,0.0,0.0,1.026852,0.821525,9839.557344,9839.557344,9839557.344
H_TIME,high_stress,102,90,18900,18899,1,0.999947,5432945.0,10304.846955,10304846.955,3026.0,677.3,6390.8,208.746955,2.0,356,1068,356,356,356,63,55,3,5,63,4916,0.657377,0.788363,0.803695,0.84546,0.943556,1.737806,0.716667,4146,4135,4152,2220,2200,2046,8281,6372,4246,10498,8401,0.903704,2,0,0.65298,1.275971,47.824808,0.318767,base,5292000.0,0.0,0.0,1.026634,0.82135,10304.846955,10304.846955,10304846.955
H_TIME,high_stress,103,90,18900,18898,2,0.999894,5432455.0,11113.614532,11113614.532,3026.0,1017.9,6834.1,231.614532,4.0,356,1068,356,356,356,90,72,15,3,90,5257,0.661167,0.752265,0.742677,0.882243,0.997821,1.916314,0.71087,4140,4132,4152,2231,2211,2032,8272,6383,4243,10503,8395,0.903704,2,0,0.653029,1.530632,47.824731,0.318639,base,5292000.0,0.0,0.0,1.026541,0.82132,11113.614532,11113.614532,11113614.532
H_TIME,high_stress,104,90,18900,18900,0,1.0,5434240.0,10366.565209,10366565.209,3026.0,704.6,6424.6,211.365209,0.0,356,1068,356,356,356,66,61,3,2,66,4942,0.657574,0.737429,0.860346,0.859064,0.957645,1.907839,0.716259,4154,4149,4149,2209,2210,2029,8303,6358,4239,10513,8387,0.903704,2,0,0.653089,1.407146,47.785564,0.319335,base,5292000.0,0.0,0.0,1.026878,0.821503,10366.565209,10366.565209,10366565.209
H_TIME,high_stress,105,90,18900,18900,0,1.0,5433295.0,10324.343392,10324343.392,3026.0,678.6,6406.4,213.343392,0.0,356,1068,356,356,356,58,42,14,2,58,4928,0.664071,0.726746,0.778808,0.881989,1.00073,1.848704,0.71637,4141,4137,4166,2215,2198,2043,8278,6381,4241,10505,8395,0.903704,2,0,0.653062,1.373461,47.826247,0.318883,base,5292000.0,0.0,0.0,1.0267,0.82136,10324.343392,10324.343392,10324343.392
H_TIME,high_stress,106,90,18900,18900,0,1.0,5434660.0,9534.359546,9534359.546,3026.0,338.0,5961.8,208.559546,0.0,356,1068,356,356,356,31,28,3,0,31,4586,0.667506,0.802042,0.712324,0.871285,0.994688,1.747836,0.722204,4147,4159,4160,2204,2192,2038,8306,6364,4230,10499,8401,0.903704,2,0,0.653019,1.36451,47.782526,0.319408,base,5292000.0,0.0,0.0,1.026958,0.821566,9534.359546,9534.359546,9534359.546
H_TIME,high_stress,107,90,18900,18899,1,0.999947,5432805.0,10853.878152,10853878.152,3026.0,915.2,6693.7,216.978152,2.0,356,1068,356,356,356,84,73,7,4,84,5149,0.653376,0.733884,0.810916,0.844312,0.972834,1.946739,0.712741,4146,4136,4148,2218,2211,2040,8282,6366,4251,10505,8394,0.903704,2,0,0.653061,1.435277,47.841384,0.318537,base,5292000.0,0.0,0.0,1.026607,0.821329,10853.878152,10853.878152,10853878.152
H_TIME,high_stress,108,90,18900,18900,0,1.0,5430635.0,11924.321927,11924321.927,3026.0,1374.1,7283.9,240.321927,0.0,356,1068,356,356,356,122,95,18,9,122,5603,0.641877,0.737934,0.770006,0.864267,1.054453,2.116225,0.705037,4107,4128,4149,2242,2233,2041,8235,6391,4274,10489,8411,0.903704,2,0,0.653126,1.526821,47.902581,0.31739,base,5292000.0,0.0,0.0,1.026197,0.820958,11924.321927,11924.321927,11924321.927
H_TIME,high_stress,109,90,18900,18899,1,0.999947,5433540.0,9793.912029,9793912.029,3026.0,457.6,6107.4,200.912029,2.0,356,1068,356,356,356,44,44,0,0,44,4698,0.690659,0.722036,0.868053,0.925581,0.947255,1.608784,0.72037,4146,4155,4138,2211,2215,2034,8301,6349,4249,10499,8400,0.903704,2,0,0.653056,1.291243,47.814074,0.318775,base,5292000.0,0.0,0.0,1.026746,0.82144,9793.912029,9793.912029,9793912.029
H_TIME,high_stress,110,90,18900,18898,2,0.999894,5431335.0,11773.619243,11773619.243,3026.0,1300.0,7202.0,241.619243,4.0,356,1068,356,356,356,111,77,26,8,111,5540,0.59693,0.744923,0.71309,0.816809,1.097465,2.06887,0.706,4122,4143,4152,2213,2225,2043,8265,6365,4268,10499,8399,0.903704,2,0,0.653128,1.632199,47.862434,0.318077,base,5292000.0,0.0,0.0,1.026329,0.82115,11773.619243,11773.619243,11773619.243
H1,high_stress,101,90,18900,18900,0,1.0,4826360.0,5662.694507,5662694.507,1936.0,0.0,3560.7,165.994507,0.0,700,700,273,215,212,0,0,0,0,0,2739,0.473093,0.517041,0.545724,0.534867,0.94495,1.789128,0.762204,16,0,3377,2187,5940,7380,16,5564,13320,9333,9567,0.472454,2,0,0.676134,1.622679,41.621481,0.415458,base,5292000.0,465640.0,3326.06652,0.912011,0.729608,5662.694507,8988.761027,8988761.027
H1,high_stress,102,90,18900,18900,0,1.0,4826360.0,5793.282184,5793282.184,1975.5,0.0,3647.8,169.982184,0.0,714,718,278,213,227,0,0,0,0,0,2806,0.45628,0.484359,0.53573,0.545915,0.943556,1.737806,0.761259,16,0,3399,2165,5940,7380,16,5564,13320,9355,9545,0.484259,2,0,0.676228,1.623232,41.583598,0.416092,base,5292000.0,465640.0,3326.06652,0.912011,0.729608,5793.282184,9119.348704,9119348.704
H1,high_stress,103,90,18900,18900,0,1.0,4826430.0,6287.054364,6287054.364,2162.5,0.0,3942.9,181.654364,0.0,772,775,315,255,205,0,0,0,0,0,3033,0.466514,0.509162,0.543223,0.532777,0.997821,1.916314,0.758093,18,0,3591,1971,5940,7380,18,5562,13320,9549,9351,0.523843,2,0,0.677048,1.644957,41.207831,0.422279,base,5292000.0,465570.0,3325.56651,0.912024,0.729619,6287.054364,9612.620874,9612620.874
H1,high_stress,104,90,18900,18900,0,1.0,4826465.0,5933.091336,5933091.336,2031.0,0.0,3729.7,172.391336,0.0,730,733,290,229,214,0,0,0,0,0,2869,0.478785,0.53349,0.548152,0.5418,0.957645,1.907839,0.76037,19,0,3468,2093,5940,7380,19,5561,13320,9427,9473,0.49537,2,0,0.676529,1.630604,41.478519,0.417838,base,5292000.0,465535.0,3325.316505,0.91203,0.729624,5933.091336,9258.407841,9258407.841
H1,high_stress,105,90,18900,18900,0,1.0,4826290.0,6153.714421,6153714.421,2119.5,0.0,3857.1,177.114421,0.0,747,751,296,260,195,0,0,0,0,0,2967,0.466361,0.501426,0.547784,0.554139,1.00073,1.848704,0.758889,14,0,3664,1902,5940,7380,14,5566,13320,9618,9282,0.513889,2,0,0.677348,1.643513,41.122011,0.423796,base,5292000.0,465710.0,3326.56653,0.911997,0.729598,6153.714421,9480.280951,9480280.951
H1,high_stress,106,90,18900,18900,0,1.0,4826080.0,6248.013478,6248013.478,2151.5,0.0,3916.9,179.613478,0.0,760,764,300,261,203,0,0,0,0,0,3013,0.45809,0.503884,0.542788,0.566814,0.994688,1.747836,0.758241,8,0,3508,2064,5940,7380,8,5572,13320,9456,9444,0.521991,2,0,0.676669,1.648957,41.493122,0.417747,base,5292000.0,465920.0,3328.06656,0.911958,0.729566,6248.013478,9576.080038,9576080.038
H1,high_stress,107,90,18900,18900,0,1.0,4826290.0,5865.84135,5865841.35,2005.5,0.0,3688.1,172.24135,0.0,734,738,327,216,195,0,0,0,0,0,2837,0.462868,0.476189,0.537642,0.57123,0.972834,1.946739,0.761019,14,0,3660,1906,5940,7380,14,5566,13320,9614,9286,0.487269,2,0,0.677331,1.627821,41.086984,0.424323,base,5292000.0,465710.0,3326.56653,0.911997,0.729598,5865.84135,9192.40788,9192407.88
H1,high_stress,108,90,18900,18900,0,1.0,4826325.0,6461.287453,6461287.453,2210.0,0.0,4063.8,187.487453,0.0,799,808,337,239,232,0,0,0,0,0,3126,0.44814,0.462366,0.566019,0.531174,1.054453,2.116225,0.75687,15,0,3433,2132,5940,7380,15,5565,13320,9388,9512,0.53912,2,0,0.676369,1.653649,41.440476,0.418373,base,5292000.0,465675.0,3326.316525,0.912004,0.729603,6461.287453,9787.603978,9787603.978
H1,high_stress,109,90,18900,18900,0,1.0,4826360.0,5772.600769,5772600.769,1972.0,0.0,3630.9,169.700769,0.0,720,723,301,210,212,0,0,0,0,0,2793,0.450001,0.47231,0.543627,0.574521,0.947255,1.608784,0.761574,16,0,3608,1956,5940,7380,16,5564,13320,9564,9336,0.480324,2,0,0.677115,1.629727,41.261058,0.421527,base,5292000.0,465640.0,3326.06652,0.912011,0.729608,5772.600769,9098.667289,9098667.289
H1,high_stress,110,90,18900,18900,0,1.0,4826185.0,6976.437254,6976437.254,2399.0,0.0,4378.4,199.037254,0.0,849,860,348,282,230,0,0,0,0,0,3368,0.46627,0.510082,0.539414,0.545229,1.097465,2.06887,0.753333,11,0,3459,2110,5940,7380,11,5569,13320,9410,9490,0.583333,2,0,0.676469,1.671523,41.580476,0.416295,base,5292000.0,465815.0,3327.316545,0.911978,0.729582,6976.437254,10303.753799,10303753.799
H2,high_stress,101,90,18900,18900,0,1.0,4827620.0,5673.60058,5673600.58,1939.5,0.0,3567.2,166.90058,0.0,699,701,271,215,215,0,0,0,0,0,2744,0.457234,0.497513,0.539154,0.518162,0.94495,1.789128,0.762093,26,0,5580,0,5940,7354,26,5580,13294,11546,7354,0.473843,2,0,0.685489,1.673703,36.077354,0.505999,base,5292000.0,464380.0,3317.06634,0.912249,0.729799,5673.60058,8990.66692,8990666.92
H2,high_stress,102,90,18900,18900,0,1.0,4828110.0,5761.871779,5761871.779,1964.0,0.0,3628.3,169.571779,0.0,712,714,272,210,232,0,0,0,0,0,2791,0.452778,0.490706,0.541151,0.512758,0.943556,1.737806,0.761481,33,0,5580,0,5940,7347,33,5580,13287,11553,7347,0.481481,2,0,0.6855,1.672606,36.076984,0.506042,base,5292000.0,463890.0,3313.56627,0.912341,0.729873,5761.871779,9075.438049,9075438.049
H2,high_stress,103,90,18900,18900,0,1.0,4827060.0,6277.00331,6277003.31,2156.0,0.0,3939.0,182.00331,0.0,769,776,318,250,208,0,0,0,0,0,3030,0.450867,0.504665,0.535028,0.521188,0.997821,1.916314,0.758093,18,0,5580,0,5940,7362,18,5580,13302,11538,7362,0.523843,2,0,0.685476,1.69864,36.071429,0.506048,base,5292000.0,464940.0,3321.06642,0.912143,0.729714,6277.00331,9598.06973,9598069.73
H2,high_stress,104,90,18900,18900,0,1.0,4827270.0,5878.894534,5878894.534,2015.0,0.0,3692.0,171.894534,0.0,721,727,286,227,214,0,0,0,0,0,2840,0.46004,0.475831,0.558316,0.53075,0.957645,1.907839,0.760722,21,0,5580,0,5940,7359,21,5580,13299,11541,7359,0.490972,2,0,0.68548,1.682193,36.074444,0.506017,base,5292000.0,464730.0,3319.56639,0.912183,0.729746,5878.894534,9198.460924,9198460.924
H2,high_stress,105,90,18900,18900,0,1.0,4827620.0,6154.172345,6154172.345,2122.5,0.0,3853.2,178.472345,0.0,741,750,291,262,197,0,0,0,0,0,2964,0.436587,0.460604,0.528687,0.524757,1.00073,1.848704,0.758815,26,0,5580,0,5940,7354,26,5580,13294,11546,7354,0.514815,2,0,0.685489,1.69192,36.077354,0.505999,base,5292000.0,464380.0,3317.06634,0.912249,0.729799,6154.172345,9471.238685,9471238.685
H2,high_stress,106,90,18900,18900,0,1.0,4827480.0,6234.873151,6234873.151,2147.0,0.0,3907.8,180.073151,0.0,756,763,301,260,202,0,0,0,0,0,3006,0.459613,0.494086,0.549171,0.517491,0.994688,1.747836,0.758296,24,0,5580,0,5940,7356,24,5580,13296,11544,7356,0.521296,2,0,0.685485,1.700242,36.078942,0.505963,base,5292000.0,464520.0,3318.06636,0.912222,0.729778,6234.873151,9552.939511,9552939.511
H2,high_stress,107,90,18900,18900,0,1.0,4827340.0,5811.808166,5811808.166,1989.0,0.0,3651.7,171.108166,0.0,728,730,323,217,190,0,0,0,0,0,2809,0.463251,0.493266,0.54071,0.527787,0.972834,1.946739,0.761426,22,0,5580,0,5940,7358,22,5580,13298,11542,7358,0.482176,2,0,0.685482,1.680169,36.075238,0.50601,base,5292000.0,464660.0,3319.06638,0.912196,0.729757,5811.808166,9130.874546,9130874.546
H2,high_stress,108,90,18900,18900,0,1.0,4827270.0,6475.403366,6475403.366,2211.5,0.0,4075.5,188.403366,0.0,801,812,348,237,227,0,0,0,0,0,3135,0.460514,0.504932,0.539271,0.496637,1.054453,2.116225,0.756778,21,0,5580,0,5940,7359,21,5580,13299,11541,7359,0.540278,2,0,0.68548,1.702024,36.074444,0.506017,base,5292000.0,464730.0,3319.56639,0.912183,0.729746,6475.403366,9794.969756,9794969.756
H2,high_stress,109,90,18900,18900,0,1.0,4827270.0,5781.442664,5781442.664,1974.5,0.0,3636.1,170.842664,0.0,720,725,303,209,213,0,0,0,0,0,2797,0.455402,0.483356,0.539166,0.516472,0.947255,1.608784,0.7615,21,0,5580,0,5940,7359,21,5580,13299,11541,7359,0.48125,2,0,0.68548,1.678695,36.074444,0.506017,base,5292000.0,464730.0,3319.56639,0.912183,0.729746,5781.442664,9101.009054,9101009.054
H2,high_stress,110,90,18900,18900,0,1.0,4826780.0,6956.379687,6956379.687,2389.5,0.0,4366.7,200.179687,0.0,850,859,347,277,235,0,0,0,0,0,3359,0.430457,0.448995,0.522133,0.521347,1.097465,2.06887,0.7535,14,0,5580,0,5940,7366,14,5580,13306,11534,7366,0.58125,2,0,0.685469,1.716777,36.065926,0.506113,base,5292000.0,465220.0,3323.06646,0.91209,0.729672,6956.379687,10279.446147,10279446.147
H3,high_stress,101,90,18900,18900,0,1.0,5191200.0,6921.953316,6921953.316,2378.5,0.0,4355.0,188.453316,0.0,836,870,367,258,245,0,0,0,0,0,3350,0.726592,0.785274,0.761094,0.773592,0.94495,1.789128,0.753407,5220,0,5580,0,5940,2160,5220,5580,8100,16740,2160,0.582407,2,0,0.693816,1.809096,36.033333,0.534727,base,5292000.0,100800.0,720.0144,0.980952,0.784762,6921.953316,7641.967716,7641967.716
H3,high_stress,102,90,18900,18900,0,1.0,5191200.0,7061.920517,7061920.517,2427.5,0.0,4443.4,191.020517,0.0,844,877,349,273,255,0,0,0,0,0,3418,0.7364,0.778905,0.771163,0.764328,0.943556,1.737806,0.752315,5220,0,5580,0,5940,2160,5220,5580,8100,16740,2160,0.596065,2,0,0.693816,1.818156,36.033333,0.534727,base,5292000.0,100800.0,720.0144,0.980952,0.784762,7061.920517,7781.934917,7781934.917
H3,high_stress,103,90,18900,18900,0,1.0,5191200.0,8036.795567,8036795.567,2786.5,0.0,5034.9,215.395567,0.0,905,991,405,341,245,0,0,0,0,0,3873,0.731375,0.774861,0.761671,0.756683,0.997821,1.916314,0.745,5220,0,5580,0,5940,2160,5220,5580,8100,16740,2160,0.6875,2,0,0.693816,1.87292,36.033333,0.534727,base,5292000.0,100800.0,720.0144,0.980952,0.784762,8036.795567,8756.809967,8756809.967
H3,high_stress,104,90,18900,18900,0,1.0,5191200.0,7258.944323,7258944.323,2489.5,0.0,4570.8,198.644323,0.0,885,924,409,256,259,0,0,0,0,0,3516,0.720941,0.779172,0.759352,0.755599,0.957645,1.907839,0.751241,5220,0,5580,0,5940,2160,5220,5580,8100,16740,2160,0.609491,2,0,0.693816,1.820682,36.033333,0.534727,base,5292000.0,100800.0,720.0144,0.980952,0.784762,7258.944323,7978.958723,7978958.723
H3,high_stress,105,90,18900,18900,0,1.0,5191200.0,7348.166306,7348166.306,2536.0,0.0,4613.7,198.466306,0.0,869,915,379,292,244,0,0,0,0,0,3549,0.731336,0.797862,0.747564,0.783609,1.00073,1.848704,0.750333,5220,0,5580,0,5940,2160,5220,5580,8100,16740,2160,0.620833,2,0,0.693816,1.824835,36.033333,0.534727,base,5292000.0,100800.0,720.0144,0.980952,0.784762,7348.166306,8068.180706,8068180.706
H3,high_stress,106,90,18900,18900,0,1.0,5191200.0,7202.936969,7202936.969,2496.5,0.0,4513.6,192.836969,0.0,840,878,336,313,229,0,0,0,0,0,3472,0.732579,0.780512,0.760243,0.780785,0.994688,1.747836,0.751222,5220,0,5580,0,5940,2160,5220,5580,8100,16740,2160,0.609722,2,0,0.693816,1.813999,36.033333,0.534727,base,5292000.0,100800.0,720.0144,0.980952,0.784762,7202.936969,7922.951369,7922951.369
H3,high_stress,107,90,18900,18900,0,1.0,5191200.0,7346.424201,7346424.201,2522.0,0.0,4624.1,200.324201,0.0,883,931,418,269,244,0,0,0,0,0,3557,0.727561,0.763357,0.757858,0.761779,0.972834,1.946739,0.750444,5220,0,5580,0,5940,2160,5220,5580,8100,16740,2160,0.619444,2,0,0.693816,1.827989,36.033333,0.534727,base,5292000.0,100800.0,720.0144,0.980952,0.784762,7346.424201,8066.438601,8066438.601
H3,high_stress,108,90,18900,18900,0,1.0,5191200.0,8256.50069,8256500.69,2853.5,0.0,5179.2,223.80069,0.0,924,1038,440,319,279,0,0,0,0,0,3984,0.719228,0.746794,0.742604,0.777487,1.054453,2.116225,0.743296,5220,0,5580,0,5940,2160,5220,5580,8100,16740,2160,0.708796,2,0,0.693816,1.897357,36.033333,0.534727,base,5292000.0,100800.0,720.0144,0.980952,0.784762,8256.50069,8976.51509,8976515.09
H3,high_stress,109,90,18900,18900,0,1.0,5191200.0,6893.733643,6893733.643,2365.0,0.0,4339.4,189.333643,0.0,833,880,399,243,238,0,0,0,0,0,3338,0.728794,0.797441,0.746859,0.759077,0.947255,1.608784,0.753574,5220,0,5580,0,5940,2160,5220,5580,8100,16740,2160,0.580324,2,0,0.693816,1.80854,36.033333,0.534727,base,5292000.0,100800.0,720.0144,0.980952,0.784762,6893.733643,7613.748043,7613748.043
H3,high_stress,110,90,18900,18900,0,1.0,5191200.0,8347.526328,8347526.328,2899.5,0.0,5223.4,224.626328,0.0,911,1037,436,350,251,0,0,0,0,0,4018,0.715385,0.758533,0.740488,0.772816,1.097465,2.06887,0.742426,5220,0,5580,0,5940,2160,5220,5580,8100,16740,2160,0.719676,2,0,0.693816,1.91301,36.033333,0.534727,base,5292000.0,100800.0,720.0144,0.980952,0.784762,8347.526328,9067.540728,9067540.728
H4,high_stress,101,90,18900,18900,0,1.0,5254200.0,7132.342696,7132342.696,2455.0,0.0,4483.7,193.642696,0.0,864,896,386,272,238,0,0,0,0,0,3449,0.740279,0.762308,0.774931,0.775989,0.94495,1.789128,0.752093,2430,3240,2430,4050,2700,4050,5670,6480,6750,7560,11340,0.598843,2,0,0.648189,1.838538,52.314286,0.243593,base,5292000.0,37800.0,270.0054,0.992857,0.794286,7132.342696,7402.348096,7402348.096
H4,high_stress,102,90,18900,18900,0,1.0,5254200.0,7266.137845,7266137.845,2505.5,0.0,4564.3,196.337845,0.0,849,903,368,288,247,0,0,0,0,0,3511,0.737248,0.767599,0.773821,0.765383,0.943556,1.737806,0.750685,2430,3240,2430,4050,2700,4050,5670,6480,6750,7560,11340,0.616435,2,0,0.648189,1.849617,52.314286,0.243593,base,5292000.0,37800.0,270.0054,0.992857,0.794286,7266.137845,7536.143245,7536143.245
H4,high_stress,103,90,18900,18900,0,1.0,5254200.0,8272.00015,8272000.15,2885.0,0.0,5164.9,222.10015,0.0,893,1024,427,359,238,0,0,0,0,0,3973,0.724009,0.762954,0.762728,0.76489,0.997821,1.916314,0.742926,2430,3240,2430,4050,2700,4050,5670,6480,6750,7560,11340,0.713426,2,0,0.648189,1.941945,52.314286,0.243593,base,5292000.0,37800.0,270.0054,0.992857,0.794286,8272.00015,8542.00555,8542005.55
H4,high_stress,104,90,18900,18900,0,1.0,5254200.0,7481.120154,7481120.154,2570.0,0.0,4707.3,203.820154,0.0,888,953,432,269,252,0,0,0,0,0,3621,0.736901,0.798206,0.763497,0.767489,0.957645,1.907839,0.74937,2430,3240,2430,4050,2700,4050,5670,6480,6750,7560,11340,0.63287,2,0,0.648189,1.863889,52.314286,0.243593,base,5292000.0,37800.0,270.0054,0.992857,0.794286,7481.120154,7751.125554,7751125.554
H4,high_stress,105,90,18900,18900,0,1.0,5254200.0,7555.071888,7555071.888,2610.0,0.0,4741.1,203.971888,0.0,893,939,396,307,236,0,0,0,0,0,3647,0.71677,0.75263,0.748702,0.77908,1.00073,1.848704,0.748963,2430,3240,2430,4050,2700,4050,5670,6480,6750,7560,11340,0.637963,2,0,0.648189,1.865561,52.314286,0.243593,base,5292000.0,37800.0,270.0054,0.992857,0.794286,7555.071888,7825.077288,7825077.288
H4,high_stress,106,90,18900,18900,0,1.0,5254200.0,7446.075868,7446075.868,2589.5,0.0,4657.9,198.675868,0.0,850,908,354,331,223,0,0,0,0,0,3583,0.743849,0.770403,0.773603,0.796135,0.994688,1.747836,0.749352,2430,3240,2430,4050,2700,4050,5670,6480,6750,7560,11340,0.633102,2,0,0.648189,1.865416,52.314286,0.243593,base,5292000.0,37800.0,270.0054,0.992857,0.794286,7446.075868,7716.081268,7716081.268
H4,high_stress,107,90,18900,18900,0,1.0,5254200.0,7580.587523,7580587.523,2612.5,0.0,4761.9,206.187523,0.0,893,963,442,284,237,0,0,0,0,0,3663,0.72414,0.779037,0.765199,0.770036,0.972834,1.946739,0.748667,2430,3240,2430,4050,2700,4050,5670,6480,6750,7560,11340,0.641667,2,0,0.648189,1.873395,52.314286,0.243593,base,5292000.0,37800.0,270.0054,0.992857,0.794286,7580.587523,7850.592923,7850592.923
H4,high_stress,108,90,18900,18900,0,1.0,5254200.0,8485.125045,8485125.045,2951.0,0.0,5304.0,230.125045,0.0,873,1072,466,336,270,0,0,0,0,0,4080,0.725722,0.775442,0.752322,0.768367,1.054453,2.116225,0.740574,2430,3240,2430,4050,2700,4050,5670,6480,6750,7560,11340,0.742824,2,0,0.648189,1.971352,52.314286,0.243593,base,5292000.0,37800.0,270.0054,0.992857,0.794286,8485.125045,8755.130445,8755130.445
H4,high_stress,109,90,18900,18900,0,1.0,5254200.0,7101.322557,7101322.557,2439.0,0.0,4468.1,194.222557,0.0,856,905,418,257,230,0,0,0,0,0,3437,0.726075,0.77342,0.768864,0.757495,0.947255,1.608784,0.752167,2430,3240,2430,4050,2700,4050,5670,6480,6750,7560,11340,0.597917,2,0,0.648189,1.851133,52.314286,0.243593,base,5292000.0,37800.0,270.0054,0.992857,0.794286,7101.322557,7371.327957,7371327.957
H4,high_stress,110,90,18900,18900,0,1.0,5254025.0,8620.613488,8620613.488,2978.5,42.9,5367.7,231.513488,0.0,816,1061,452,368,241,4,3,0,1,4,4129,0.706382,0.73133,0.743234,0.751347,1.097465,2.06887,0.738685,2429,3239,2430,4049,2704,4049,5668,6479,6753,7563,11337,0.757407,2,0,0.648208,2.008789,52.313532,0.243622,base,5292000.0,37975.0,271.255425,0.992824,0.794259,8620.613488,8891.868913,8891868.913
H1_original,high_stress,101,90,18900,18900,0,1.0,4826360.0,5662.694507,5662694.507,1936.0,0.0,3560.7,165.994507,0.0,700,700,273,215,212,0,0,0,0,0,2739,0.473093,0.517041,0.545724,0.534867,0.94495,1.789128,0.762204,16,0,3377,2187,5940,7380,16,5564,13320,9333,9567,0.472454,2,0,0.676134,1.622679,41.621481,0.415458,base,5292000.0,465640.0,3326.06652,0.912011,0.729608,5662.694507,8988.761027,8988761.027
H1_original,high_stress,102,90,18900,18900,0,1.0,4826360.0,5793.282184,5793282.184,1975.5,0.0,3647.8,169.982184,0.0,714,718,278,213,227,0,0,0,0,0,2806,0.45628,0.484359,0.53573,0.545915,0.943556,1.737806,0.761259,16,0,3399,2165,5940,7380,16,5564,13320,9355,9545,0.484259,2,0,0.676228,1.623232,41.583598,0.416092,base,5292000.0,465640.0,3326.06652,0.912011,0.729608,5793.282184,9119.348704,9119348.704
H1_original,high_stress,103,90,18900,18900,0,1.0,4826430.0,6287.054364,6287054.364,2162.5,0.0,3942.9,181.654364,0.0,772,775,315,255,205,0,0,0,0,0,3033,0.466514,0.509162,0.543223,0.532777,0.997821,1.916314,0.758093,18,0,3591,1971,5940,7380,18,5562,13320,9549,9351,0.523843,2,0,0.677048,1.644957,41.207831,0.422279,base,5292000.0,465570.0,3325.56651,0.912024,0.729619,6287.054364,9612.620874,9612620.874
H1_original,high_stress,104,90,18900,18900,0,1.0,4826465.0,5933.091336,5933091.336,2031.0,0.0,3729.7,172.391336,0.0,730,733,290,229,214,0,0,0,0,0,2869,0.478785,0.53349,0.548152,0.5418,0.957645,1.907839,0.76037,19,0,3468,2093,5940,7380,19,5561,13320,9427,9473,0.49537,2,0,0.676529,1.630604,41.478519,0.417838,base,5292000.0,465535.0,3325.316505,0.91203,0.729624,5933.091336,9258.407841,9258407.841
H1_original,high_stress,105,90,18900,18900,0,1.0,4826290.0,6153.714421,6153714.421,2119.5,0.0,3857.1,177.114421,0.0,747,751,296,260,195,0,0,0,0,0,2967,0.466361,0.501426,0.547784,0.554139,1.00073,1.848704,0.758889,14,0,3664,1902,5940,7380,14,5566,13320,9618,9282,0.513889,2,0,0.677348,1.643513,41.122011,0.423796,base,5292000.0,465710.0,3326.56653,0.911997,0.729598,6153.714421,9480.280951,9480280.951
H1_original,high_stress,106,90,18900,18900,0,1.0,4826080.0,6248.013478,6248013.478,2151.5,0.0,3916.9,179.613478,0.0,760,764,300,261,203,0,0,0,0,0,3013,0.45809,0.503884,0.542788,0.566814,0.994688,1.747836,0.758241,8,0,3508,2064,5940,7380,8,5572,13320,9456,9444,0.521991,2,0,0.676669,1.648957,41.493122,0.417747,base,5292000.0,465920.0,3328.06656,0.911958,0.729566,6248.013478,9576.080038,9576080.038
H1_original,high_stress,107,90,18900,18900,0,1.0,4826290.0,5865.84135,5865841.35,2005.5,0.0,3688.1,172.24135,0.0,734,738,327,216,195,0,0,0,0,0,2837,0.462868,0.476189,0.537642,0.57123,0.972834,1.946739,0.761019,14,0,3660,1906,5940,7380,14,5566,13320,9614,9286,0.487269,2,0,0.677331,1.627821,41.086984,0.424323,base,5292000.0,465710.0,3326.56653,0.911997,0.729598,5865.84135,9192.40788,9192407.88
H1_original,high_stress,108,90,18900,18900,0,1.0,4826325.0,6461.287453,6461287.453,2210.0,0.0,4063.8,187.487453,0.0,799,808,337,239,232,0,0,0,0,0,3126,0.44814,0.462366,0.566019,0.531174,1.054453,2.116225,0.75687,15,0,3433,2132,5940,7380,15,5565,13320,9388,9512,0.53912,2,0,0.676369,1.653649,41.440476,0.418373,base,5292000.0,465675.0,3326.316525,0.912004,0.729603,6461.287453,9787.603978,9787603.978
H1_original,high_stress,109,90,18900,18900,0,1.0,4826360.0,5772.600769,5772600.769,1972.0,0.0,3630.9,169.700769,0.0,720,723,301,210,212,0,0,0,0,0,2793,0.450001,0.47231,0.543627,0.574521,0.947255,1.608784,0.761574,16,0,3608,1956,5940,7380,16,5564,13320,9564,9336,0.480324,2,0,0.677115,1.629727,41.261058,0.421527,base,5292000.0,465640.0,3326.06652,0.912011,0.729608,5772.600769,9098.667289,9098667.289
H1_original,high_stress,110,90,18900,18900,0,1.0,4826185.0,6976.437254,6976437.254,2399.0,0.0,4378.4,199.037254,0.0,849,860,348,282,230,0,0,0,0,0,3368,0.46627,0.510082,0.539414,0.545229,1.097465,2.06887,0.753333,11,0,3459,2110,5940,7380,11,5569,13320,9410,9490,0.583333,2,0,0.676469,1.671523,41.580476,0.416295,base,5292000.0,465815.0,3327.316545,0.911978,0.729582,6976.437254,10303.753799,10303753.799
H1_value_guard,high_stress,101,90,18900,18900,0,1.0,4827270.0,5724.813107,5724813.107,1959.5,0.0,3598.4,166.913107,0.0,702,706,268,219,219,0,0,0,0,0,2768,0.492651,0.525275,0.560031,0.551356,0.94495,1.789128,0.761722,21,0,5580,0,5940,7359,21,5580,13299,11541,7359,0.478472,2,0,0.68548,1.62595,36.074444,0.506017,base,5292000.0,464730.0,3319.56639,0.912183,0.729746,5724.813107,9044.379497,9044379.497
H1_value_guard,high_stress,102,90,18900,18900,0,1.0,4827550.0,5810.002488,5810002.488,1984.0,0.0,3655.6,170.402488,0.0,717,720,277,215,228,0,0,0,0,0,2812,0.455854,0.473551,0.555373,0.535044,0.943556,1.737806,0.761167,25,0,5580,0,5940,7355,25,5580,13295,11545,7355,0.485417,2,0,0.685487,1.627644,36.076984,0.505999,base,5292000.0,464450.0,3317.56635,0.912235,0.729788,5810.002488,9127.568838,9127568.838
H1_value_guard,high_stress,103,90,18900,18900,0,1.0,4826780.0,6287.084106,6287084.106,2160.5,0.0,3945.5,181.084106,0.0,770,775,313,253,209,0,0,0,0,0,3035,0.484294,0.540987,0.531106,0.561095,0.997821,1.916314,0.758037,14,0,5580,0,5940,7366,14,5580,13306,11534,7366,0.524537,2,0,0.685469,1.646989,36.065926,0.506113,base,5292000.0,465220.0,3323.06646,0.91209,0.729672,6287.084106,9610.150566,9610150.566
H1_value_guard,high_stress,104,90,18900,18900,0,1.0,4827130.0,5894.611711,5894611.711,2017.5,0.0,3705.0,172.111711,0.0,726,729,285,225,219,0,0,0,0,0,2850,0.436757,0.494582,0.561482,0.522759,0.957645,1.907839,0.76063,19,0,5580,0,5940,7361,19,5580,13301,11539,7361,0.49213,2,0,0.685477,1.632555,36.07254,0.506036,base,5292000.0,464870.0,3320.56641,0.912156,0.729725,5894.611711,9215.178121,9215178.121
H1_value_guard,high_stress,105,90,18900,18900,0,1.0,4827130.0,6224.479012,6224479.012,2145.5,0.0,3900.0,178.979012,0.0,753,760,298,263,199,0,0,0,0,0,3000,0.462103,0.496194,0.570973,0.530606,1.00073,1.848704,0.75837,19,0,5580,0,5940,7361,19,5580,13301,11539,7361,0.52037,2,0,0.685477,1.643657,36.07254,0.506036,base,5292000.0,464870.0,3320.56641,0.912156,0.729725,6224.479012,9545.045422,9545045.422
H1_value_guard,high_stress,106,90,18900,18900,0,1.0,4827130.0,6246.795469,6246795.469,2150.5,0.0,3916.9,179.395469,0.0,760,766,303,258,205,0,0,0,0,0,3013,0.480924,0.535788,0.553779,0.555107,0.994688,1.747836,0.758241,19,0,5580,0,5940,7361,19,5580,13301,11539,7361,0.521991,2,0,0.685477,1.646133,36.074444,0.506007,base,5292000.0,464870.0,3320.56641,0.912156,0.729725,6246.795469,9567.361879,9567361.879
H1_value_guard,high_stress,107,90,18900,18900,0,1.0,4826920.0,5885.464102,5885464.102,2012.0,0.0,3701.1,172.364102,0.0,735,740,327,217,196,0,0,0,0,0,2847,0.47495,0.494321,0.55632,0.553032,0.972834,1.946739,0.760889,16,0,5580,0,5940,7364,16,5580,13304,11536,7364,0.488889,2,0,0.685472,1.624198,36.068889,0.506077,base,5292000.0,465080.0,3322.06644,0.912116,0.729693,5885.464102,9207.530542,9207530.542
H1_value_guard,high_stress,108,90,18900,18900,0,1.0,4826990.0,6504.201513,6504201.513,2220.5,0.0,4095.0,188.701513,0.0,812,817,349,235,233,0,0,0,0,0,3150,0.476915,0.496628,0.536463,0.551092,1.054453,2.116225,0.756667,17,0,5580,0,5940,7363,17,5580,13303,11537,7363,0.541667,2,0,0.685474,1.655122,36.070212,0.506062,base,5292000.0,465010.0,3321.56643,0.91213,0.729704,6504.201513,9825.767943,9825767.943
H1_value_guard,high_stress,109,90,18900,18900,0,1.0,4826990.0,5769.813967,5769813.967,1969.0,0.0,3630.9,169.913967,0.0,719,722,299,209,214,0,0,0,0,0,2793,0.450198,0.474347,0.555563,0.531363,0.947255,1.608784,0.761574,17,0,5580,0,5940,7363,17,5580,13303,11537,7363,0.480324,2,0,0.685474,1.631386,36.070212,0.506062,base,5292000.0,465010.0,3321.56643,0.91213,0.729704,5769.813967,9091.380397,9091380.397
H1_value_guard,high_stress,110,90,18900,18900,0,1.0,4826710.0,6970.86612,6970866.12,2396.5,0.0,4375.8,198.56612,0.0,849,858,340,281,237,0,0,0,0,0,3366,0.478282,0.492631,0.550646,0.564872,1.097465,2.06887,0.753352,13,0,5580,0,5940,7367,13,5580,13307,11533,7367,0.583102,2,0,0.685468,1.669925,36.064286,0.506133,base,5292000.0,465290.0,3323.56647,0.912077,0.729661,6970.86612,10294.43259,10294432.59
H2_original,high_stress,101,90,18900,18900,0,1.0,4827620.0,5673.60058,5673600.58,1939.5,0.0,3567.2,166.90058,0.0,699,701,271,215,215,0,0,0,0,0,2744,0.457234,0.497513,0.539154,0.518162,0.94495,1.789128,0.762093,26,0,5580,0,5940,7354,26,5580,13294,11546,7354,0.473843,2,0,0.685489,1.673703,36.077354,0.505999,base,5292000.0,464380.0,3317.06634,0.912249,0.729799,5673.60058,8990.66692,8990666.92
H2_original,high_stress,102,90,18900,18900,0,1.0,4828110.0,5761.871779,5761871.779,1964.0,0.0,3628.3,169.571779,0.0,712,714,272,210,232,0,0,0,0,0,2791,0.452778,0.490706,0.541151,0.512758,0.943556,1.737806,0.761481,33,0,5580,0,5940,7347,33,5580,13287,11553,7347,0.481481,2,0,0.6855,1.672606,36.076984,0.506042,base,5292000.0,463890.0,3313.56627,0.912341,0.729873,5761.871779,9075.438049,9075438.049
H2_original,high_stress,103,90,18900,18900,0,1.0,4827060.0,6277.00331,6277003.31,2156.0,0.0,3939.0,182.00331,0.0,769,776,318,250,208,0,0,0,0,0,3030,0.450867,0.504665,0.535028,0.521188,0.997821,1.916314,0.758093,18,0,5580,0,5940,7362,18,5580,13302,11538,7362,0.523843,2,0,0.685476,1.69864,36.071429,0.506048,base,5292000.0,464940.0,3321.06642,0.912143,0.729714,6277.00331,9598.06973,9598069.73
H2_original,high_stress,104,90,18900,18900,0,1.0,4827270.0,5878.894534,5878894.534,2015.0,0.0,3692.0,171.894534,0.0,721,727,286,227,214,0,0,0,0,0,2840,0.46004,0.475831,0.558316,0.53075,0.957645,1.907839,0.760722,21,0,5580,0,5940,7359,21,5580,13299,11541,7359,0.490972,2,0,0.68548,1.682193,36.074444,0.506017,base,5292000.0,464730.0,3319.56639,0.912183,0.729746,5878.894534,9198.460924,9198460.924
H2_original,high_stress,105,90,18900,18900,0,1.0,4827620.0,6154.172345,6154172.345,2122.5,0.0,3853.2,178.472345,0.0,741,750,291,262,197,0,0,0,0,0,2964,0.436587,0.460604,0.528687,0.524757,1.00073,1.848704,0.758815,26,0,5580,0,5940,7354,26,5580,13294,11546,7354,0.514815,2,0,0.685489,1.69192,36.077354,0.505999,base,5292000.0,464380.0,3317.06634,0.912249,0.729799,6154.172345,9471.238685,9471238.685
H2_original,high_stress,106,90,18900,18900,0,1.0,4827480.0,6234.873151,6234873.151,2147.0,0.0,3907.8,180.073151,0.0,756,763,301,260,202,0,0,0,0,0,3006,0.459613,0.494086,0.549171,0.517491,0.994688,1.747836,0.758296,24,0,5580,0,5940,7356,24,5580,13296,11544,7356,0.521296,2,0,0.685485,1.700242,36.078942,0.505963,base,5292000.0,464520.0,3318.06636,0.912222,0.729778,6234.873151,9552.939511,9552939.511
H2_original,high_stress,107,90,18900,18900,0,1.0,4827340.0,5811.808166,5811808.166,1989.0,0.0,3651.7,171.108166,0.0,728,730,323,217,190,0,0,0,0,0,2809,0.463251,0.493266,0.54071,0.527787,0.972834,1.946739,0.761426,22,0,5580,0,5940,7358,22,5580,13298,11542,7358,0.482176,2,0,0.685482,1.680169,36.075238,0.50601,base,5292000.0,464660.0,3319.06638,0.912196,0.729757,5811.808166,9130.874546,9130874.546
H2_original,high_stress,108,90,18900,18900,0,1.0,4827270.0,6475.403366,6475403.366,2211.5,0.0,4075.5,188.403366,0.0,801,812,348,237,227,0,0,0,0,0,3135,0.460514,0.504932,0.539271,0.496637,1.054453,2.116225,0.756778,21,0,5580,0,5940,7359,21,5580,13299,11541,7359,0.540278,2,0,0.68548,1.702024,36.074444,0.506017,base,5292000.0,464730.0,3319.56639,0.912183,0.729746,6475.403366,9794.969756,9794969.756
H2_original,high_stress,109,90,18900,18900,0,1.0,4827270.0,5781.442664,5781442.664,1974.5,0.0,3636.1,170.842664,0.0,720,725,303,209,213,0,0,0,0,0,2797,0.455402,0.483356,0.539166,0.516472,0.947255,1.608784,0.7615,21,0,5580,0,5940,7359,21,5580,13299,11541,7359,0.48125,2,0,0.68548,1.678695,36.074444,0.506017,base,5292000.0,464730.0,3319.56639,0.912183,0.729746,5781.442664,9101.009054,9101009.054
H2_original,high_stress,110,90,18900,18900,0,1.0,4826780.0,6956.379687,6956379.687,2389.5,0.0,4366.7,200.179687,0.0,850,859,347,277,235,0,0,0,0,0,3359,0.430457,0.448995,0.522133,0.521347,1.097465,2.06887,0.7535,14,0,5580,0,5940,7366,14,5580,13306,11534,7366,0.58125,2,0,0.685469,1.716777,36.065926,0.506113,base,5292000.0,465220.0,3323.06646,0.91209,0.729672,6956.379687,10279.446147,10279446.147
H2_value_guard,high_stress,101,90,18900,18900,0,1.0,4829580.0,5695.482969,5695482.969,1947.0,0.0,3581.5,166.982969,0.0,698,703,269,216,218,0,0,0,0,0,2755,0.462853,0.494882,0.560929,0.520495,0.94495,1.789128,0.761889,54,0,5580,0,5940,7326,54,5580,13266,11574,7326,0.476389,2,0,0.685533,1.670589,36.055767,0.506488,base,5292000.0,462420.0,3303.06606,0.912619,0.730095,5695.482969,8998.549029,8998549.029
H2_value_guard,high_stress,102,90,18900,18900,0,1.0,4829650.0,5777.787039,5777787.039,1970.5,0.0,3637.4,169.887039,0.0,713,716,275,212,229,0,0,0,0,0,2798,0.466574,0.518857,0.53446,0.502204,0.943556,1.737806,0.76137,55,0,5580,0,5940,7325,55,5580,13265,11575,7325,0.48287,2,0,0.685535,1.673348,36.042063,0.506708,base,5292000.0,462350.0,3302.56605,0.912632,0.730106,5777.787039,9080.353089,9080353.089
H2_value_guard,high_stress,103,90,18900,18900,0,1.0,4828810.0,6254.312541,6254312.541,2147.5,0.0,3926.0,180.812541,0.0,762,769,309,253,207,0,0,0,0,0,3020,0.443509,0.46798,0.547574,0.543415,0.997821,1.916314,0.758185,43,0,5580,0,5940,7337,43,5580,13277,11563,7337,0.522685,2,0,0.685516,1.695012,36.06746,0.506246,base,5292000.0,463190.0,3308.56617,0.912474,0.729979,6254.312541,9562.878711,9562878.711
H2_value_guard,high_stress,104,90,18900,18900,0,1.0,4829090.0,5894.20282,5894202.82,2016.0,0.0,3706.3,171.90282,0.0,724,727,284,227,216,0,0,0,0,0,2851,0.453067,0.46805,0.568419,0.527877,0.957645,1.907839,0.760611,47,0,5580,0,5940,7333,47,5580,13273,11567,7333,0.492361,2,0,0.685522,1.685496,36.060688,0.506373,base,5292000.0,462910.0,3306.56613,0.912526,0.730021,5894.20282,9200.76895,9200768.95
H2_value_guard,high_stress,105,90,18900,18900,0,1.0,4829300.0,6217.670373,6217670.373,2135.0,10.4,3893.5,178.770373,0.0,750,754,292,264,198,1,1,0,0,1,2995,0.460778,0.489281,0.54422,0.537948,1.00073,1.848704,0.758407,50,0,5580,0,5940,7330,50,5580,13270,11570,7330,0.517824,2,0,0.685528,1.694622,36.0555,0.506467,base,5292000.0,462700.0,3305.0661,0.912566,0.730053,6217.670373,9522.736473,9522736.473
H2_value_guard,high_stress,106,90,18900,18900,0,1.0,4829230.0,6191.19661,6191196.61,2131.5,0.0,3880.5,179.19661,0.0,753,758,298,257,203,0,0,0,0,0,2985,0.442075,0.491436,0.540169,0.521137,0.994688,1.747836,0.75863,49,0,5580,0,5940,7331,49,5580,13271,11569,7331,0.51713,2,0,0.685525,1.691771,36.061746,0.506367,base,5292000.0,462770.0,3305.56611,0.912553,0.730042,6191.19661,9496.76272,9496762.72
H2_value_guard,high_stress,107,90,18900,18900,0,1.0,4829300.0,5852.098296,5852098.296,2005.0,0.0,3675.1,171.998296,0.0,734,736,327,219,190,0,0,0,0,0,2827,0.464449,0.513325,0.543711,0.526396,0.972834,1.946739,0.761204,50,0,5580,0,5940,7330,50,5580,13270,11570,7330,0.484954,2,0,0.685527,1.681171,36.054497,0.506486,base,5292000.0,462700.0,3305.0661,0.912566,0.730053,5852.098296,9157.164396,9157164.396
H2_value_guard,high_stress,108,90,18900,18900,0,1.0,4829370.0,6473.352487,6473352.487,2213.5,0.0,4071.6,188.252487,0.0,807,811,345,239,227,0,0,0,0,0,3132,0.432662,0.468053,0.563305,0.502384,1.054453,2.116225,0.756907,51,0,5580,0,5940,7329,51,5580,13269,11571,7329,0.538657,2,0,0.685529,1.707039,36.052222,0.506527,base,5292000.0,462630.0,3304.56609,0.912579,0.730063,6473.352487,9777.918577,9777918.577
H2_value_guard,high_stress,109,90,18900,18900,0,1.0,4829440.0,5758.583347,5758583.347,1964.0,0.0,3624.4,170.183347,0.0,719,721,301,208,212,0,0,0,0,0,2788,0.436261,0.463931,0.553582,0.504058,0.947255,1.608784,0.761667,52,0,5580,0,5940,7328,52,5580,13268,11572,7328,0.479167,2,0,0.68553,1.679791,36.049841,0.50657,base,5292000.0,462560.0,3304.06608,0.912593,0.730074,5758.583347,9062.649427,9062649.427
H2_value_guard,high_stress,110,90,18900,18900,0,1.0,4828740.0,6949.311662,6949311.662,2388.5,0.0,4361.5,199.311662,0.0,849,857,345,279,233,0,0,0,0,0,3355,0.445001,0.482063,0.533014,0.517818,1.097465,2.06887,0.753556,42,0,5580,0,5940,7338,42,5580,13278,11562,7338,0.580556,2,0,0.685514,1.721428,36.068889,0.506218,base,5292000.0,463260.0,3309.06618,0.91246,0.729968,6949.311662,10258.377842,10258377.842
H0,high_stress,101,90,18900,18899,1,0.999947,5434380.0,10472.924692,10472924.692,3060.0,703.3,6503.9,203.724692,2.0,360,1080,360,360,360,64,56,7,1,64,5003,0.747551,0.788443,0.855077,0.872116,0.94495,1.789128,0.715167,4158,4152,4131,2224,2202,2032,8310,6355,4234,10491,8408,0.916667,2,0,0.652928,1.12252,47.794073,0.319183,high,5292000.0,0.0,0.0,1.026905,0.821567,10472.924692,10472.924692,10472924.692
H0,high_stress,102,90,18900,18895,5,0.999735,5431755.0,11043.990109,11043990.109,3060.0,941.2,6823.7,209.090109,10.0,360,1080,360,360,360,83,62,13,8,83,5249,0.714463,0.824387,0.839355,0.86284,0.943556,1.737806,0.710944,4145,4129,4134,2246,2190,2051,8274,6380,4241,10469,8426,0.916667,2,0,0.652902,1.155059,47.842133,0.31849,high,5292000.0,0.0,0.0,1.026409,0.821344,11043.990109,11043.990109,11043990.109
H0,high_stress,103,90,18900,18899,1,0.999947,5432700.0,11493.826575,11493826.575,3060.0,1151.8,7048.6,231.426575,2.0,360,1080,360,360,360,97,68,27,2,97,5422,0.662108,0.734242,0.780829,0.888199,0.997821,1.916314,0.707963,4139,4124,4145,2256,2202,2033,8263,6401,4235,10486,8413,0.916667,2,0,0.652994,1.3902,47.817311,0.318885,high,5292000.0,0.0,0.0,1.026587,0.821313,11493.826575,11493.826575,11493826.575
H0,high_stress,104,90,18900,18900,0,1.0,5434275.0,10503.130539,10503130.539,3060.0,720.2,6511.7,211.230539,0.0,360,1080,360,360,360,68,64,2,2,68,5009,0.690584,0.734835,0.850337,0.87962,0.957645,1.907839,0.715111,4158,4135,4141,2238,2196,2032,8293,6379,4228,10495,8405,0.916667,2,0,0.652984,1.221755,47.800453,0.3192,high,5292000.0,0.0,0.0,1.026885,0.821508,10503.130539,10503.130539,10503130.539
H0,high_stress,105,90,18900,18898,2,0.999894,5433190.0,10746.187714,10746187.714,3060.0,828.1,6640.4,213.687714,4.0,360,1080,360,360,360,72,56,15,1,72,5108,0.732006,0.791062,0.813472,0.873756,1.00073,1.848704,0.713315,4146,4135,4147,2239,2196,2035,8281,6386,4231,10489,8409,0.916667,2,0,0.652975,1.216142,47.830785,0.318766,high,5292000.0,0.0,0.0,1.02668,0.821431,10746.187714,10746.187714,10746187.714
H0,high_stress,106,90,18900,18899,1,0.999947,5435290.0,10231.004103,10231004.103,3060.0,594.1,6366.1,208.804103,2.0,360,1080,360,360,360,50,35,14,1,50,4897,0.723606,0.80855,0.759061,0.866974,0.994688,1.747836,0.716852,4154,4154,4146,2239,2187,2019,8308,6385,4206,10487,8412,0.916667,2,0,0.652925,1.212447,47.777666,0.319454,high,5292000.0,0.0,0.0,1.027077,0.821705,10231.004103,10231.004103,10231004.103
H0,high_stress,107,90,18900,18898,2,0.999894,5433260.0,11185.047235,11185047.235,3060.0,1012.7,6891.3,217.047235,4.0,360,1080,360,360,360,92,76,9,7,92,5301,0.729453,0.768835,0.848613,0.877313,0.972834,1.946739,0.71013,4158,4135,4132,2232,2204,2037,8293,6364,4241,10494,8404,0.916667,2,0,0.653012,1.296018,47.823855,0.318921,high,5292000.0,0.0,0.0,1.026693,0.821441,11185.047235,11185.047235,11185047.235
H0,high_stress,108,90,18900,18898,2,0.999894,5430600.0,12081.687849,12081687.849,3060.0,1400.1,7377.5,240.087849,4.0,360,1080,360,360,360,123,93,21,9,123,5675,0.707149,0.770957,0.82106,0.859329,1.054453,2.116225,0.703759,4121,4115,4148,2254,2226,2034,8236,6402,4260,10495,8403,0.916667,2,0,0.653147,1.413641,47.857932,0.318261,high,5292000.0,0.0,0.0,1.02619,0.821039,12081.687849,12081.687849,12081687.849
H0,high_stress,109,90,18900,18900,0,1.0,5434275.0,10010.480799,10010480.799,3060.0,504.4,6245.2,200.880799,0.0,360,1080,360,360,360,48,47,1,0,48,4804,0.733175,0.741214,0.88425,0.910074,0.947255,1.608784,0.718556,4155,4140,4146,2229,2199,2031,8295,6375,4230,10500,8400,0.916667,2,0,0.653042,1.171487,47.789951,0.319357,high,5292000.0,0.0,0.0,1.026885,0.821508,10010.480799,10010.480799,10010480.799
H0,high_stress,110,90,18900,18897,3,0.999841,5432455.0,12342.816247,12342816.247,3060.0,1497.6,7537.4,241.816247,6.0,360,1080,360,360,360,125,81,36,8,125,5798,0.648488,0.692987,0.784008,0.876187,1.097465,2.06887,0.701556,4129,4144,4137,2251,2200,2036,8273,6388,4236,10466,8431,0.916667,2,0,0.652944,1.465476,47.847703,0.318417,high,5292000.0,0.0,0.0,1.026541,0.821363,12342.816247,12342.816247,12342816.247
H_TIME,high_stress,101,90,18900,18899,1,0.999947,5434100.0,9839.557344,9839557.344,3026.0,475.8,6132.1,203.657344,2.0,356,1068,356,356,356,45,42,1,2,45,4717,0.724149,0.780865,0.867755,0.890299,0.94495,1.789128,0.720019,4161,4143,4156,2203,2193,2043,8304,6359,4236,10510,8389,0.903704,2,0,0.653036,1.308083,47.786318,0.31948,high,5292000.0,0.0,0.0,1.026852,0.821525,9839.557344,9839.557344,9839557.344
H_TIME,high_stress,102,90,18900,18899,1,0.999947,5432945.0,10304.846955,10304846.955,3026.0,677.3,6390.8,208.746955,2.0,356,1068,356,356,356,63,55,3,5,63,4916,0.657377,0.788363,0.803695,0.84546,0.943556,1.737806,0.716667,4146,4135,4152,2220,2200,2046,8281,6372,4246,10498,8401,0.903704,2,0,0.65298,1.275971,47.824808,0.318767,high,5292000.0,0.0,0.0,1.026634,0.82135,10304.846955,10304.846955,10304846.955
H_TIME,high_stress,103,90,18900,18898,2,0.999894,5432455.0,11113.614532,11113614.532,3026.0,1017.9,6834.1,231.614532,4.0,356,1068,356,356,356,90,72,15,3,90,5257,0.661167,0.752265,0.742677,0.882243,0.997821,1.916314,0.71087,4140,4132,4152,2231,2211,2032,8272,6383,4243,10503,8395,0.903704,2,0,0.653029,1.530632,47.824731,0.318639,high,5292000.0,0.0,0.0,1.026541,0.82132,11113.614532,11113.614532,11113614.532
H_TIME,high_stress,104,90,18900,18900,0,1.0,5434240.0,10366.565209,10366565.209,3026.0,704.6,6424.6,211.365209,0.0,356,1068,356,356,356,66,61,3,2,66,4942,0.657574,0.737429,0.860346,0.859064,0.957645,1.907839,0.716259,4154,4149,4149,2209,2210,2029,8303,6358,4239,10513,8387,0.903704,2,0,0.653089,1.407146,47.785564,0.319335,high,5292000.0,0.0,0.0,1.026878,0.821503,10366.565209,10366.565209,10366565.209
H_TIME,high_stress,105,90,18900,18900,0,1.0,5433295.0,10324.343392,10324343.392,3026.0,678.6,6406.4,213.343392,0.0,356,1068,356,356,356,58,42,14,2,58,4928,0.664071,0.726746,0.778808,0.881989,1.00073,1.848704,0.71637,4141,4137,4166,2215,2198,2043,8278,6381,4241,10505,8395,0.903704,2,0,0.653062,1.373461,47.826247,0.318883,high,5292000.0,0.0,0.0,1.0267,0.82136,10324.343392,10324.343392,10324343.392
H_TIME,high_stress,106,90,18900,18900,0,1.0,5434660.0,9534.359546,9534359.546,3026.0,338.0,5961.8,208.559546,0.0,356,1068,356,356,356,31,28,3,0,31,4586,0.667506,0.802042,0.712324,0.871285,0.994688,1.747836,0.722204,4147,4159,4160,2204,2192,2038,8306,6364,4230,10499,8401,0.903704,2,0,0.653019,1.36451,47.782526,0.319408,high,5292000.0,0.0,0.0,1.026958,0.821566,9534.359546,9534.359546,9534359.546
H_TIME,high_stress,107,90,18900,18899,1,0.999947,5432805.0,10853.878152,10853878.152,3026.0,915.2,6693.7,216.978152,2.0,356,1068,356,356,356,84,73,7,4,84,5149,0.653376,0.733884,0.810916,0.844312,0.972834,1.946739,0.712741,4146,4136,4148,2218,2211,2040,8282,6366,4251,10505,8394,0.903704,2,0,0.653061,1.435277,47.841384,0.318537,high,5292000.0,0.0,0.0,1.026607,0.821329,10853.878152,10853.878152,10853878.152
H_TIME,high_stress,108,90,18900,18900,0,1.0,5430635.0,11924.321927,11924321.927,3026.0,1374.1,7283.9,240.321927,0.0,356,1068,356,356,356,122,95,18,9,122,5603,0.641877,0.737934,0.770006,0.864267,1.054453,2.116225,0.705037,4107,4128,4149,2242,2233,2041,8235,6391,4274,10489,8411,0.903704,2,0,0.653126,1.526821,47.902581,0.31739,high,5292000.0,0.0,0.0,1.026197,0.820958,11924.321927,11924.321927,11924321.927
H_TIME,high_stress,109,90,18900,18899,1,0.999947,5433540.0,9793.912029,9793912.029,3026.0,457.6,6107.4,200.912029,2.0,356,1068,356,356,356,44,44,0,0,44,4698,0.690659,0.722036,0.868053,0.925581,0.947255,1.608784,0.72037,4146,4155,4138,2211,2215,2034,8301,6349,4249,10499,8400,0.903704,2,0,0.653056,1.291243,47.814074,0.318775,high,5292000.0,0.0,0.0,1.026746,0.82144,9793.912029,9793.912029,9793912.029
H_TIME,high_stress,110,90,18900,18898,2,0.999894,5431335.0,11773.619243,11773619.243,3026.0,1300.0,7202.0,241.619243,4.0,356,1068,356,356,356,111,77,26,8,111,5540,0.59693,0.744923,0.71309,0.816809,1.097465,2.06887,0.706,4122,4143,4152,2213,2225,2043,8265,6365,4268,10499,8399,0.903704,2,0,0.653128,1.632199,47.862434,0.318077,high,5292000.0,0.0,0.0,1.026329,0.82115,11773.619243,11773.619243,11773619.243
H1,high_stress,101,90,18900,18900,0,1.0,4826360.0,5662.694507,5662694.507,1936.0,0.0,3560.7,165.994507,0.0,700,700,273,215,212,0,0,0,0,0,2739,0.473093,0.517041,0.545724,0.534867,0.94495,1.789128,0.762204,16,0,3377,2187,5940,7380,16,5564,13320,9333,9567,0.472454,2,0,0.676134,1.622679,41.621481,0.415458,high,5292000.0,465640.0,6652.13304,0.912011,0.729608,5662.694507,12314.827547,12314827.547
H1,high_stress,102,90,18900,18900,0,1.0,4826360.0,5793.282184,5793282.184,1975.5,0.0,3647.8,169.982184,0.0,714,718,278,213,227,0,0,0,0,0,2806,0.45628,0.484359,0.53573,0.545915,0.943556,1.737806,0.761259,16,0,3399,2165,5940,7380,16,5564,13320,9355,9545,0.484259,2,0,0.676228,1.623232,41.583598,0.416092,high,5292000.0,465640.0,6652.13304,0.912011,0.729608,5793.282184,12445.415224,12445415.224
H1,high_stress,103,90,18900,18900,0,1.0,4826430.0,6287.054364,6287054.364,2162.5,0.0,3942.9,181.654364,0.0,772,775,315,255,205,0,0,0,0,0,3033,0.466514,0.509162,0.543223,0.532777,0.997821,1.916314,0.758093,18,0,3591,1971,5940,7380,18,5562,13320,9549,9351,0.523843,2,0,0.677048,1.644957,41.207831,0.422279,high,5292000.0,465570.0,6651.13302,0.912024,0.729619,6287.054364,12938.187384,12938187.384
H1,high_stress,104,90,18900,18900,0,1.0,4826465.0,5933.091336,5933091.336,2031.0,0.0,3729.7,172.391336,0.0,730,733,290,229,214,0,0,0,0,0,2869,0.478785,0.53349,0.548152,0.5418,0.957645,1.907839,0.76037,19,0,3468,2093,5940,7380,19,5561,13320,9427,9473,0.49537,2,0,0.676529,1.630604,41.478519,0.417838,high,5292000.0,465535.0,6650.63301,0.91203,0.729624,5933.091336,12583.724346,12583724.346
H1,high_stress,105,90,18900,18900,0,1.0,4826290.0,6153.714421,6153714.421,2119.5,0.0,3857.1,177.114421,0.0,747,751,296,260,195,0,0,0,0,0,2967,0.466361,0.501426,0.547784,0.554139,1.00073,1.848704,0.758889,14,0,3664,1902,5940,7380,14,5566,13320,9618,9282,0.513889,2,0,0.677348,1.643513,41.122011,0.423796,high,5292000.0,465710.0,6653.13306,0.911997,0.729598,6153.714421,12806.847481,12806847.481
H1,high_stress,106,90,18900,18900,0,1.0,4826080.0,6248.013478,6248013.478,2151.5,0.0,3916.9,179.613478,0.0,760,764,300,261,203,0,0,0,0,0,3013,0.45809,0.503884,0.542788,0.566814,0.994688,1.747836,0.758241,8,0,3508,2064,5940,7380,8,5572,13320,9456,9444,0.521991,2,0,0.676669,1.648957,41.493122,0.417747,high,5292000.0,465920.0,6656.13312,0.911958,0.729566,6248.013478,12904.146598,12904146.598
H1,high_stress,107,90,18900,18900,0,1.0,4826290.0,5865.84135,5865841.35,2005.5,0.0,3688.1,172.24135,0.0,734,738,327,216,195,0,0,0,0,0,2837,0.462868,0.476189,0.537642,0.57123,0.972834,1.946739,0.761019,14,0,3660,1906,5940,7380,14,5566,13320,9614,9286,0.487269,2,0,0.677331,1.627821,41.086984,0.424323,high,5292000.0,465710.0,6653.13306,0.911997,0.729598,5865.84135,12518.97441,12518974.41
H1,high_stress,108,90,18900,18900,0,1.0,4826325.0,6461.287453,6461287.453,2210.0,0.0,4063.8,187.487453,0.0,799,808,337,239,232,0,0,0,0,0,3126,0.44814,0.462366,0.566019,0.531174,1.054453,2.116225,0.75687,15,0,3433,2132,5940,7380,15,5565,13320,9388,9512,0.53912,2,0,0.676369,1.653649,41.440476,0.418373,high,5292000.0,465675.0,6652.63305,0.912004,0.729603,6461.287453,13113.920503,13113920.503
H1,high_stress,109,90,18900,18900,0,1.0,4826360.0,5772.600769,5772600.769,1972.0,0.0,3630.9,169.700769,0.0,720,723,301,210,212,0,0,0,0,0,2793,0.450001,0.47231,0.543627,0.574521,0.947255,1.608784,0.761574,16,0,3608,1956,5940,7380,16,5564,13320,9564,9336,0.480324,2,0,0.677115,1.629727,41.261058,0.421527,high,5292000.0,465640.0,6652.13304,0.912011,0.729608,5772.600769,12424.733809,12424733.809
H1,high_stress,110,90,18900,18900,0,1.0,4826185.0,6976.437254,6976437.254,2399.0,0.0,4378.4,199.037254,0.0,849,860,348,282,230,0,0,0,0,0,3368,0.46627,0.510082,0.539414,0.545229,1.097465,2.06887,0.753333,11,0,3459,2110,5940,7380,11,5569,13320,9410,9490,0.583333,2,0,0.676469,1.671523,41.580476,0.416295,high,5292000.0,465815.0,6654.63309,0.911978,0.729582,6976.437254,13631.070344,13631070.344
H2,high_stress,101,90,18900,18900,0,1.0,4827620.0,5673.60058,5673600.58,1939.5,0.0,3567.2,166.90058,0.0,699,701,271,215,215,0,0,0,0,0,2744,0.457234,0.497513,0.539154,0.518162,0.94495,1.789128,0.762093,26,0,5580,0,5940,7354,26,5580,13294,11546,7354,0.473843,2,0,0.685489,1.673703,36.077354,0.505999,high,5292000.0,464380.0,6634.13268,0.912249,0.729799,5673.60058,12307.73326,12307733.26
H2,high_stress,102,90,18900,18900,0,1.0,4828110.0,5761.871779,5761871.779,1964.0,0.0,3628.3,169.571779,0.0,712,714,272,210,232,0,0,0,0,0,2791,0.452778,0.490706,0.541151,0.512758,0.943556,1.737806,0.761481,33,0,5580,0,5940,7347,33,5580,13287,11553,7347,0.481481,2,0,0.6855,1.672606,36.076984,0.506042,high,5292000.0,463890.0,6627.13254,0.912341,0.729873,5761.871779,12389.004319,12389004.319
H2,high_stress,103,90,18900,18900,0,1.0,4827060.0,6277.00331,6277003.31,2156.0,0.0,3939.0,182.00331,0.0,769,776,318,250,208,0,0,0,0,0,3030,0.450867,0.504665,0.535028,0.521188,0.997821,1.916314,0.758093,18,0,5580,0,5940,7362,18,5580,13302,11538,7362,0.523843,2,0,0.685476,1.69864,36.071429,0.506048,high,5292000.0,464940.0,6642.13284,0.912143,0.729714,6277.00331,12919.13615,12919136.15
H2,high_stress,104,90,18900,18900,0,1.0,4827270.0,5878.894534,5878894.534,2015.0,0.0,3692.0,171.894534,0.0,721,727,286,227,214,0,0,0,0,0,2840,0.46004,0.475831,0.558316,0.53075,0.957645,1.907839,0.760722,21,0,5580,0,5940,7359,21,5580,13299,11541,7359,0.490972,2,0,0.68548,1.682193,36.074444,0.506017,high,5292000.0,464730.0,6639.13278,0.912183,0.729746,5878.894534,12518.027314,12518027.314
H2,high_stress,105,90,18900,18900,0,1.0,4827620.0,6154.172345,6154172.345,2122.5,0.0,3853.2,178.472345,0.0,741,750,291,262,197,0,0,0,0,0,2964,0.436587,0.460604,0.528687,0.524757,1.00073,1.848704,0.758815,26,0,5580,0,5940,7354,26,5580,13294,11546,7354,0.514815,2,0,0.685489,1.69192,36.077354,0.505999,high,5292000.0,464380.0,6634.13268,0.912249,0.729799,6154.172345,12788.305025,12788305.025
H2,high_stress,106,90,18900,18900,0,1.0,4827480.0,6234.873151,6234873.151,2147.0,0.0,3907.8,180.073151,0.0,756,763,301,260,202,0,0,0,0,0,3006,0.459613,0.494086,0.549171,0.517491,0.994688,1.747836,0.758296,24,0,5580,0,5940,7356,24,5580,13296,11544,7356,0.521296,2,0,0.685485,1.700242,36.078942,0.505963,high,5292000.0,464520.0,6636.13272,0.912222,0.729778,6234.873151,12871.005871,12871005.871
H2,high_stress,107,90,18900,18900,0,1.0,4827340.0,5811.808166,5811808.166,1989.0,0.0,3651.7,171.108166,0.0,728,730,323,217,190,0,0,0,0,0,2809,0.463251,0.493266,0.54071,0.527787,0.972834,1.946739,0.761426,22,0,5580,0,5940,7358,22,5580,13298,11542,7358,0.482176,2,0,0.685482,1.680169,36.075238,0.50601,high,5292000.0,464660.0,6638.13276,0.912196,0.729757,5811.808166,12449.940926,12449940.926
H2,high_stress,108,90,18900,18900,0,1.0,4827270.0,6475.403366,6475403.366,2211.5,0.0,4075.5,188.403366,0.0,801,812,348,237,227,0,0,0,0,0,3135,0.460514,0.504932,0.539271,0.496637,1.054453,2.116225,0.756778,21,0,5580,0,5940,7359,21,5580,13299,11541,7359,0.540278,2,0,0.68548,1.702024,36.074444,0.506017,high,5292000.0,464730.0,6639.13278,0.912183,0.729746,6475.403366,13114.536146,13114536.146
H2,high_stress,109,90,18900,18900,0,1.0,4827270.0,5781.442664,5781442.664,1974.5,0.0,3636.1,170.842664,0.0,720,725,303,209,213,0,0,0,0,0,2797,0.455402,0.483356,0.539166,0.516472,0.947255,1.608784,0.7615,21,0,5580,0,5940,7359,21,5580,13299,11541,7359,0.48125,2,0,0.68548,1.678695,36.074444,0.506017,high,5292000.0,464730.0,6639.13278,0.912183,0.729746,5781.442664,12420.575444,12420575.444
H2,high_stress,110,90,18900,18900,0,1.0,4826780.0,6956.379687,6956379.687,2389.5,0.0,4366.7,200.179687,0.0,850,859,347,277,235,0,0,0,0,0,3359,0.430457,0.448995,0.522133,0.521347,1.097465,2.06887,0.7535,14,0,5580,0,5940,7366,14,5580,13306,11534,7366,0.58125,2,0,0.685469,1.716777,36.065926,0.506113,high,5292000.0,465220.0,6646.13292,0.91209,0.729672,6956.379687,13602.512607,13602512.607
H3,high_stress,101,90,18900,18900,0,1.0,5191200.0,6921.953316,6921953.316,2378.5,0.0,4355.0,188.453316,0.0,836,870,367,258,245,0,0,0,0,0,3350,0.726592,0.785274,0.761094,0.773592,0.94495,1.789128,0.753407,5220,0,5580,0,5940,2160,5220,5580,8100,16740,2160,0.582407,2,0,0.693816,1.809096,36.033333,0.534727,high,5292000.0,100800.0,1440.0288,0.980952,0.784762,6921.953316,8361.982116,8361982.116
H3,high_stress,102,90,18900,18900,0,1.0,5191200.0,7061.920517,7061920.517,2427.5,0.0,4443.4,191.020517,0.0,844,877,349,273,255,0,0,0,0,0,3418,0.7364,0.778905,0.771163,0.764328,0.943556,1.737806,0.752315,5220,0,5580,0,5940,2160,5220,5580,8100,16740,2160,0.596065,2,0,0.693816,1.818156,36.033333,0.534727,high,5292000.0,100800.0,1440.0288,0.980952,0.784762,7061.920517,8501.949317,8501949.317
H3,high_stress,103,90,18900,18900,0,1.0,5191200.0,8036.795567,8036795.567,2786.5,0.0,5034.9,215.395567,0.0,905,991,405,341,245,0,0,0,0,0,3873,0.731375,0.774861,0.761671,0.756683,0.997821,1.916314,0.745,5220,0,5580,0,5940,2160,5220,5580,8100,16740,2160,0.6875,2,0,0.693816,1.87292,36.033333,0.534727,high,5292000.0,100800.0,1440.0288,0.980952,0.784762,8036.795567,9476.824367,9476824.367
H3,high_stress,104,90,18900,18900,0,1.0,5191200.0,7258.944323,7258944.323,2489.5,0.0,4570.8,198.644323,0.0,885,924,409,256,259,0,0,0,0,0,3516,0.720941,0.779172,0.759352,0.755599,0.957645,1.907839,0.751241,5220,0,5580,0,5940,2160,5220,5580,8100,16740,2160,0.609491,2,0,0.693816,1.820682,36.033333,0.534727,high,5292000.0,100800.0,1440.0288,0.980952,0.784762,7258.944323,8698.973123,8698973.123
H3,high_stress,105,90,18900,18900,0,1.0,5191200.0,7348.166306,7348166.306,2536.0,0.0,4613.7,198.466306,0.0,869,915,379,292,244,0,0,0,0,0,3549,0.731336,0.797862,0.747564,0.783609,1.00073,1.848704,0.750333,5220,0,5580,0,5940,2160,5220,5580,8100,16740,2160,0.620833,2,0,0.693816,1.824835,36.033333,0.534727,high,5292000.0,100800.0,1440.0288,0.980952,0.784762,7348.166306,8788.195106,8788195.106
H3,high_stress,106,90,18900,18900,0,1.0,5191200.0,7202.936969,7202936.969,2496.5,0.0,4513.6,192.836969,0.0,840,878,336,313,229,0,0,0,0,0,3472,0.732579,0.780512,0.760243,0.780785,0.994688,1.747836,0.751222,5220,0,5580,0,5940,2160,5220,5580,8100,16740,2160,0.609722,2,0,0.693816,1.813999,36.033333,0.534727,high,5292000.0,100800.0,1440.0288,0.980952,0.784762,7202.936969,8642.965769,8642965.769
H3,high_stress,107,90,18900,18900,0,1.0,5191200.0,7346.424201,7346424.201,2522.0,0.0,4624.1,200.324201,0.0,883,931,418,269,244,0,0,0,0,0,3557,0.727561,0.763357,0.757858,0.761779,0.972834,1.946739,0.750444,5220,0,5580,0,5940,2160,5220,5580,8100,16740,2160,0.619444,2,0,0.693816,1.827989,36.033333,0.534727,high,5292000.0,100800.0,1440.0288,0.980952,0.784762,7346.424201,8786.453001,8786453.001
H3,high_stress,108,90,18900,18900,0,1.0,5191200.0,8256.50069,8256500.69,2853.5,0.0,5179.2,223.80069,0.0,924,1038,440,319,279,0,0,0,0,0,3984,0.719228,0.746794,0.742604,0.777487,1.054453,2.116225,0.743296,5220,0,5580,0,5940,2160,5220,5580,8100,16740,2160,0.708796,2,0,0.693816,1.897357,36.033333,0.534727,high,5292000.0,100800.0,1440.0288,0.980952,0.784762,8256.50069,9696.52949,9696529.49
H3,high_stress,109,90,18900,18900,0,1.0,5191200.0,6893.733643,6893733.643,2365.0,0.0,4339.4,189.333643,0.0,833,880,399,243,238,0,0,0,0,0,3338,0.728794,0.797441,0.746859,0.759077,0.947255,1.608784,0.753574,5220,0,5580,0,5940,2160,5220,5580,8100,16740,2160,0.580324,2,0,0.693816,1.80854,36.033333,0.534727,high,5292000.0,100800.0,1440.0288,0.980952,0.784762,6893.733643,8333.762443,8333762.443
H3,high_stress,110,90,18900,18900,0,1.0,5191200.0,8347.526328,8347526.328,2899.5,0.0,5223.4,224.626328,0.0,911,1037,436,350,251,0,0,0,0,0,4018,0.715385,0.758533,0.740488,0.772816,1.097465,2.06887,0.742426,5220,0,5580,0,5940,2160,5220,5580,8100,16740,2160,0.719676,2,0,0.693816,1.91301,36.033333,0.534727,high,5292000.0,100800.0,1440.0288,0.980952,0.784762,8347.526328,9787.555128,9787555.128
H4,high_stress,101,90,18900,18900,0,1.0,5254200.0,7132.342696,7132342.696,2455.0,0.0,4483.7,193.642696,0.0,864,896,386,272,238,0,0,0,0,0,3449,0.740279,0.762308,0.774931,0.775989,0.94495,1.789128,0.752093,2430,3240,2430,4050,2700,4050,5670,6480,6750,7560,11340,0.598843,2,0,0.648189,1.838538,52.314286,0.243593,high,5292000.0,37800.0,540.0108,0.992857,0.794286,7132.342696,7672.353496,7672353.496
H4,high_stress,102,90,18900,18900,0,1.0,5254200.0,7266.137845,7266137.845,2505.5,0.0,4564.3,196.337845,0.0,849,903,368,288,247,0,0,0,0,0,3511,0.737248,0.767599,0.773821,0.765383,0.943556,1.737806,0.750685,2430,3240,2430,4050,2700,4050,5670,6480,6750,7560,11340,0.616435,2,0,0.648189,1.849617,52.314286,0.243593,high,5292000.0,37800.0,540.0108,0.992857,0.794286,7266.137845,7806.148645,7806148.645
H4,high_stress,103,90,18900,18900,0,1.0,5254200.0,8272.00015,8272000.15,2885.0,0.0,5164.9,222.10015,0.0,893,1024,427,359,238,0,0,0,0,0,3973,0.724009,0.762954,0.762728,0.76489,0.997821,1.916314,0.742926,2430,3240,2430,4050,2700,4050,5670,6480,6750,7560,11340,0.713426,2,0,0.648189,1.941945,52.314286,0.243593,high,5292000.0,37800.0,540.0108,0.992857,0.794286,8272.00015,8812.01095,8812010.95
H4,high_stress,104,90,18900,18900,0,1.0,5254200.0,7481.120154,7481120.154,2570.0,0.0,4707.3,203.820154,0.0,888,953,432,269,252,0,0,0,0,0,3621,0.736901,0.798206,0.763497,0.767489,0.957645,1.907839,0.74937,2430,3240,2430,4050,2700,4050,5670,6480,6750,7560,11340,0.63287,2,0,0.648189,1.863889,52.314286,0.243593,high,5292000.0,37800.0,540.0108,0.992857,0.794286,7481.120154,8021.130954,8021130.954
H4,high_stress,105,90,18900,18900,0,1.0,5254200.0,7555.071888,7555071.888,2610.0,0.0,4741.1,203.971888,0.0,893,939,396,307,236,0,0,0,0,0,3647,0.71677,0.75263,0.748702,0.77908,1.00073,1.848704,0.748963,2430,3240,2430,4050,2700,4050,5670,6480,6750,7560,11340,0.637963,2,0,0.648189,1.865561,52.314286,0.243593,high,5292000.0,37800.0,540.0108,0.992857,0.794286,7555.071888,8095.082688,8095082.688
H4,high_stress,106,90,18900,18900,0,1.0,5254200.0,7446.075868,7446075.868,2589.5,0.0,4657.9,198.675868,0.0,850,908,354,331,223,0,0,0,0,0,3583,0.743849,0.770403,0.773603,0.796135,0.994688,1.747836,0.749352,2430,3240,2430,4050,2700,4050,5670,6480,6750,7560,11340,0.633102,2,0,0.648189,1.865416,52.314286,0.243593,high,5292000.0,37800.0,540.0108,0.992857,0.794286,7446.075868,7986.086668,7986086.668
H4,high_stress,107,90,18900,18900,0,1.0,5254200.0,7580.587523,7580587.523,2612.5,0.0,4761.9,206.187523,0.0,893,963,442,284,237,0,0,0,0,0,3663,0.72414,0.779037,0.765199,0.770036,0.972834,1.946739,0.748667,2430,3240,2430,4050,2700,4050,5670,6480,6750,7560,11340,0.641667,2,0,0.648189,1.873395,52.314286,0.243593,high,5292000.0,37800.0,540.0108,0.992857,0.794286,7580.587523,8120.598323,8120598.323
H4,high_stress,108,90,18900,18900,0,1.0,5254200.0,8485.125045,8485125.045,2951.0,0.0,5304.0,230.125045,0.0,873,1072,466,336,270,0,0,0,0,0,4080,0.725722,0.775442,0.752322,0.768367,1.054453,2.116225,0.740574,2430,3240,2430,4050,2700,4050,5670,6480,6750,7560,11340,0.742824,2,0,0.648189,1.971352,52.314286,0.243593,high,5292000.0,37800.0,540.0108,0.992857,0.794286,8485.125045,9025.135845,9025135.845
H4,high_stress,109,90,18900,18900,0,1.0,5254200.0,7101.322557,7101322.557,2439.0,0.0,4468.1,194.222557,0.0,856,905,418,257,230,0,0,0,0,0,3437,0.726075,0.77342,0.768864,0.757495,0.947255,1.608784,0.752167,2430,3240,2430,4050,2700,4050,5670,6480,6750,7560,11340,0.597917,2,0,0.648189,1.851133,52.314286,0.243593,high,5292000.0,37800.0,540.0108,0.992857,0.794286,7101.322557,7641.333357,7641333.357
H4,high_stress,110,90,18900,18900,0,1.0,5254025.0,8620.613488,8620613.488,2978.5,42.9,5367.7,231.513488,0.0,816,1061,452,368,241,4,3,0,1,4,4129,0.706382,0.73133,0.743234,0.751347,1.097465,2.06887,0.738685,2429,3239,2430,4049,2704,4049,5668,6479,6753,7563,11337,0.757407,2,0,0.648208,2.008789,52.313532,0.243622,high,5292000.0,37975.0,542.51085,0.992824,0.794259,8620.613488,9163.124338,9163124.338
H1_original,high_stress,101,90,18900,18900,0,1.0,4826360.0,5662.694507,5662694.507,1936.0,0.0,3560.7,165.994507,0.0,700,700,273,215,212,0,0,0,0,0,2739,0.473093,0.517041,0.545724,0.534867,0.94495,1.789128,0.762204,16,0,3377,2187,5940,7380,16,5564,13320,9333,9567,0.472454,2,0,0.676134,1.622679,41.621481,0.415458,high,5292000.0,465640.0,6652.13304,0.912011,0.729608,5662.694507,12314.827547,12314827.547
H1_original,high_stress,102,90,18900,18900,0,1.0,4826360.0,5793.282184,5793282.184,1975.5,0.0,3647.8,169.982184,0.0,714,718,278,213,227,0,0,0,0,0,2806,0.45628,0.484359,0.53573,0.545915,0.943556,1.737806,0.761259,16,0,3399,2165,5940,7380,16,5564,13320,9355,9545,0.484259,2,0,0.676228,1.623232,41.583598,0.416092,high,5292000.0,465640.0,6652.13304,0.912011,0.729608,5793.282184,12445.415224,12445415.224
H1_original,high_stress,103,90,18900,18900,0,1.0,4826430.0,6287.054364,6287054.364,2162.5,0.0,3942.9,181.654364,0.0,772,775,315,255,205,0,0,0,0,0,3033,0.466514,0.509162,0.543223,0.532777,0.997821,1.916314,0.758093,18,0,3591,1971,5940,7380,18,5562,13320,9549,9351,0.523843,2,0,0.677048,1.644957,41.207831,0.422279,high,5292000.0,465570.0,6651.13302,0.912024,0.729619,6287.054364,12938.187384,12938187.384
H1_original,high_stress,104,90,18900,18900,0,1.0,4826465.0,5933.091336,5933091.336,2031.0,0.0,3729.7,172.391336,0.0,730,733,290,229,214,0,0,0,0,0,2869,0.478785,0.53349,0.548152,0.5418,0.957645,1.907839,0.76037,19,0,3468,2093,5940,7380,19,5561,13320,9427,9473,0.49537,2,0,0.676529,1.630604,41.478519,0.417838,high,5292000.0,465535.0,6650.63301,0.91203,0.729624,5933.091336,12583.724346,12583724.346
H1_original,high_stress,105,90,18900,18900,0,1.0,4826290.0,6153.714421,6153714.421,2119.5,0.0,3857.1,177.114421,0.0,747,751,296,260,195,0,0,0,0,0,2967,0.466361,0.501426,0.547784,0.554139,1.00073,1.848704,0.758889,14,0,3664,1902,5940,7380,14,5566,13320,9618,9282,0.513889,2,0,0.677348,1.643513,41.122011,0.423796,high,5292000.0,465710.0,6653.13306,0.911997,0.729598,6153.714421,12806.847481,12806847.481
H1_original,high_stress,106,90,18900,18900,0,1.0,4826080.0,6248.013478,6248013.478,2151.5,0.0,3916.9,179.613478,0.0,760,764,300,261,203,0,0,0,0,0,3013,0.45809,0.503884,0.542788,0.566814,0.994688,1.747836,0.758241,8,0,3508,2064,5940,7380,8,5572,13320,9456,9444,0.521991,2,0,0.676669,1.648957,41.493122,0.417747,high,5292000.0,465920.0,6656.13312,0.911958,0.729566,6248.013478,12904.146598,12904146.598
H1_original,high_stress,107,90,18900,18900,0,1.0,4826290.0,5865.84135,5865841.35,2005.5,0.0,3688.1,172.24135,0.0,734,738,327,216,195,0,0,0,0,0,2837,0.462868,0.476189,0.537642,0.57123,0.972834,1.946739,0.761019,14,0,3660,1906,5940,7380,14,5566,13320,9614,9286,0.487269,2,0,0.677331,1.627821,41.086984,0.424323,high,5292000.0,465710.0,6653.13306,0.911997,0.729598,5865.84135,12518.97441,12518974.41
H1_original,high_stress,108,90,18900,18900,0,1.0,4826325.0,6461.287453,6461287.453,2210.0,0.0,4063.8,187.487453,0.0,799,808,337,239,232,0,0,0,0,0,3126,0.44814,0.462366,0.566019,0.531174,1.054453,2.116225,0.75687,15,0,3433,2132,5940,7380,15,5565,13320,9388,9512,0.53912,2,0,0.676369,1.653649,41.440476,0.418373,high,5292000.0,465675.0,6652.63305,0.912004,0.729603,6461.287453,13113.920503,13113920.503
H1_original,high_stress,109,90,18900,18900,0,1.0,4826360.0,5772.600769,5772600.769,1972.0,0.0,3630.9,169.700769,0.0,720,723,301,210,212,0,0,0,0,0,2793,0.450001,0.47231,0.543627,0.574521,0.947255,1.608784,0.761574,16,0,3608,1956,5940,7380,16,5564,13320,9564,9336,0.480324,2,0,0.677115,1.629727,41.261058,0.421527,high,5292000.0,465640.0,6652.13304,0.912011,0.729608,5772.600769,12424.733809,12424733.809
H1_original,high_stress,110,90,18900,18900,0,1.0,4826185.0,6976.437254,6976437.254,2399.0,0.0,4378.4,199.037254,0.0,849,860,348,282,230,0,0,0,0,0,3368,0.46627,0.510082,0.539414,0.545229,1.097465,2.06887,0.753333,11,0,3459,2110,5940,7380,11,5569,13320,9410,9490,0.583333,2,0,0.676469,1.671523,41.580476,0.416295,high,5292000.0,465815.0,6654.63309,0.911978,0.729582,6976.437254,13631.070344,13631070.344
H1_value_guard,high_stress,101,90,18900,18900,0,1.0,4827270.0,5724.813107,5724813.107,1959.5,0.0,3598.4,166.913107,0.0,702,706,268,219,219,0,0,0,0,0,2768,0.492651,0.525275,0.560031,0.551356,0.94495,1.789128,0.761722,21,0,5580,0,5940,7359,21,5580,13299,11541,7359,0.478472,2,0,0.68548,1.62595,36.074444,0.506017,high,5292000.0,464730.0,6639.13278,0.912183,0.729746,5724.813107,12363.945887,12363945.887
H1_value_guard,high_stress,102,90,18900,18900,0,1.0,4827550.0,5810.002488,5810002.488,1984.0,0.0,3655.6,170.402488,0.0,717,720,277,215,228,0,0,0,0,0,2812,0.455854,0.473551,0.555373,0.535044,0.943556,1.737806,0.761167,25,0,5580,0,5940,7355,25,5580,13295,11545,7355,0.485417,2,0,0.685487,1.627644,36.076984,0.505999,high,5292000.0,464450.0,6635.1327,0.912235,0.729788,5810.002488,12445.135188,12445135.188
H1_value_guard,high_stress,103,90,18900,18900,0,1.0,4826780.0,6287.084106,6287084.106,2160.5,0.0,3945.5,181.084106,0.0,770,775,313,253,209,0,0,0,0,0,3035,0.484294,0.540987,0.531106,0.561095,0.997821,1.916314,0.758037,14,0,5580,0,5940,7366,14,5580,13306,11534,7366,0.524537,2,0,0.685469,1.646989,36.065926,0.506113,high,5292000.0,465220.0,6646.13292,0.91209,0.729672,6287.084106,12933.217026,12933217.026
H1_value_guard,high_stress,104,90,18900,18900,0,1.0,4827130.0,5894.611711,5894611.711,2017.5,0.0,3705.0,172.111711,0.0,726,729,285,225,219,0,0,0,0,0,2850,0.436757,0.494582,0.561482,0.522759,0.957645,1.907839,0.76063,19,0,5580,0,5940,7361,19,5580,13301,11539,7361,0.49213,2,0,0.685477,1.632555,36.07254,0.506036,high,5292000.0,464870.0,6641.13282,0.912156,0.729725,5894.611711,12535.744531,12535744.531
H1_value_guard,high_stress,105,90,18900,18900,0,1.0,4827130.0,6224.479012,6224479.012,2145.5,0.0,3900.0,178.979012,0.0,753,760,298,263,199,0,0,0,0,0,3000,0.462103,0.496194,0.570973,0.530606,1.00073,1.848704,0.75837,19,0,5580,0,5940,7361,19,5580,13301,11539,7361,0.52037,2,0,0.685477,1.643657,36.07254,0.506036,high,5292000.0,464870.0,6641.13282,0.912156,0.729725,6224.479012,12865.611832,12865611.832
H1_value_guard,high_stress,106,90,18900,18900,0,1.0,4827130.0,6246.795469,6246795.469,2150.5,0.0,3916.9,179.395469,0.0,760,766,303,258,205,0,0,0,0,0,3013,0.480924,0.535788,0.553779,0.555107,0.994688,1.747836,0.758241,19,0,5580,0,5940,7361,19,5580,13301,11539,7361,0.521991,2,0,0.685477,1.646133,36.074444,0.506007,high,5292000.0,464870.0,6641.13282,0.912156,0.729725,6246.795469,12887.928289,12887928.289
H1_value_guard,high_stress,107,90,18900,18900,0,1.0,4826920.0,5885.464102,5885464.102,2012.0,0.0,3701.1,172.364102,0.0,735,740,327,217,196,0,0,0,0,0,2847,0.47495,0.494321,0.55632,0.553032,0.972834,1.946739,0.760889,16,0,5580,0,5940,7364,16,5580,13304,11536,7364,0.488889,2,0,0.685472,1.624198,36.068889,0.506077,high,5292000.0,465080.0,6644.13288,0.912116,0.729693,5885.464102,12529.596982,12529596.982
H1_value_guard,high_stress,108,90,18900,18900,0,1.0,4826990.0,6504.201513,6504201.513,2220.5,0.0,4095.0,188.701513,0.0,812,817,349,235,233,0,0,0,0,0,3150,0.476915,0.496628,0.536463,0.551092,1.054453,2.116225,0.756667,17,0,5580,0,5940,7363,17,5580,13303,11537,7363,0.541667,2,0,0.685474,1.655122,36.070212,0.506062,high,5292000.0,465010.0,6643.13286,0.91213,0.729704,6504.201513,13147.334373,13147334.373
H1_value_guard,high_stress,109,90,18900,18900,0,1.0,4826990.0,5769.813967,5769813.967,1969.0,0.0,3630.9,169.913967,0.0,719,722,299,209,214,0,0,0,0,0,2793,0.450198,0.474347,0.555563,0.531363,0.947255,1.608784,0.761574,17,0,5580,0,5940,7363,17,5580,13303,11537,7363,0.480324,2,0,0.685474,1.631386,36.070212,0.506062,high,5292000.0,465010.0,6643.13286,0.91213,0.729704,5769.813967,12412.946827,12412946.827
H1_value_guard,high_stress,110,90,18900,18900,0,1.0,4826710.0,6970.86612,6970866.12,2396.5,0.0,4375.8,198.56612,0.0,849,858,340,281,237,0,0,0,0,0,3366,0.478282,0.492631,0.550646,0.564872,1.097465,2.06887,0.753352,13,0,5580,0,5940,7367,13,5580,13307,11533,7367,0.583102,2,0,0.685468,1.669925,36.064286,0.506133,high,5292000.0,465290.0,6647.13294,0.912077,0.729661,6970.86612,13617.99906,13617999.06
H2_original,high_stress,101,90,18900,18900,0,1.0,4827620.0,5673.60058,5673600.58,1939.5,0.0,3567.2,166.90058,0.0,699,701,271,215,215,0,0,0,0,0,2744,0.457234,0.497513,0.539154,0.518162,0.94495,1.789128,0.762093,26,0,5580,0,5940,7354,26,5580,13294,11546,7354,0.473843,2,0,0.685489,1.673703,36.077354,0.505999,high,5292000.0,464380.0,6634.13268,0.912249,0.729799,5673.60058,12307.73326,12307733.26
H2_original,high_stress,102,90,18900,18900,0,1.0,4828110.0,5761.871779,5761871.779,1964.0,0.0,3628.3,169.571779,0.0,712,714,272,210,232,0,0,0,0,0,2791,0.452778,0.490706,0.541151,0.512758,0.943556,1.737806,0.761481,33,0,5580,0,5940,7347,33,5580,13287,11553,7347,0.481481,2,0,0.6855,1.672606,36.076984,0.506042,high,5292000.0,463890.0,6627.13254,0.912341,0.729873,5761.871779,12389.004319,12389004.319
H2_original,high_stress,103,90,18900,18900,0,1.0,4827060.0,6277.00331,6277003.31,2156.0,0.0,3939.0,182.00331,0.0,769,776,318,250,208,0,0,0,0,0,3030,0.450867,0.504665,0.535028,0.521188,0.997821,1.916314,0.758093,18,0,5580,0,5940,7362,18,5580,13302,11538,7362,0.523843,2,0,0.685476,1.69864,36.071429,0.506048,high,5292000.0,464940.0,6642.13284,0.912143,0.729714,6277.00331,12919.13615,12919136.15
H2_original,high_stress,104,90,18900,18900,0,1.0,4827270.0,5878.894534,5878894.534,2015.0,0.0,3692.0,171.894534,0.0,721,727,286,227,214,0,0,0,0,0,2840,0.46004,0.475831,0.558316,0.53075,0.957645,1.907839,0.760722,21,0,5580,0,5940,7359,21,5580,13299,11541,7359,0.490972,2,0,0.68548,1.682193,36.074444,0.506017,high,5292000.0,464730.0,6639.13278,0.912183,0.729746,5878.894534,12518.027314,12518027.314
H2_original,high_stress,105,90,18900,18900,0,1.0,4827620.0,6154.172345,6154172.345,2122.5,0.0,3853.2,178.472345,0.0,741,750,291,262,197,0,0,0,0,0,2964,0.436587,0.460604,0.528687,0.524757,1.00073,1.848704,0.758815,26,0,5580,0,5940,7354,26,5580,13294,11546,7354,0.514815,2,0,0.685489,1.69192,36.077354,0.505999,high,5292000.0,464380.0,6634.13268,0.912249,0.729799,6154.172345,12788.305025,12788305.025
H2_original,high_stress,106,90,18900,18900,0,1.0,4827480.0,6234.873151,6234873.151,2147.0,0.0,3907.8,180.073151,0.0,756,763,301,260,202,0,0,0,0,0,3006,0.459613,0.494086,0.549171,0.517491,0.994688,1.747836,0.758296,24,0,5580,0,5940,7356,24,5580,13296,11544,7356,0.521296,2,0,0.685485,1.700242,36.078942,0.505963,high,5292000.0,464520.0,6636.13272,0.912222,0.729778,6234.873151,12871.005871,12871005.871
H2_original,high_stress,107,90,18900,18900,0,1.0,4827340.0,5811.808166,5811808.166,1989.0,0.0,3651.7,171.108166,0.0,728,730,323,217,190,0,0,0,0,0,2809,0.463251,0.493266,0.54071,0.527787,0.972834,1.946739,0.761426,22,0,5580,0,5940,7358,22,5580,13298,11542,7358,0.482176,2,0,0.685482,1.680169,36.075238,0.50601,high,5292000.0,464660.0,6638.13276,0.912196,0.729757,5811.808166,12449.940926,12449940.926
H2_original,high_stress,108,90,18900,18900,0,1.0,4827270.0,6475.403366,6475403.366,2211.5,0.0,4075.5,188.403366,0.0,801,812,348,237,227,0,0,0,0,0,3135,0.460514,0.504932,0.539271,0.496637,1.054453,2.116225,0.756778,21,0,5580,0,5940,7359,21,5580,13299,11541,7359,0.540278,2,0,0.68548,1.702024,36.074444,0.506017,high,5292000.0,464730.0,6639.13278,0.912183,0.729746,6475.403366,13114.536146,13114536.146
H2_original,high_stress,109,90,18900,18900,0,1.0,4827270.0,5781.442664,5781442.664,1974.5,0.0,3636.1,170.842664,0.0,720,725,303,209,213,0,0,0,0,0,2797,0.455402,0.483356,0.539166,0.516472,0.947255,1.608784,0.7615,21,0,5580,0,5940,7359,21,5580,13299,11541,7359,0.48125,2,0,0.68548,1.678695,36.074444,0.506017,high,5292000.0,464730.0,6639.13278,0.912183,0.729746,5781.442664,12420.575444,12420575.444
H2_original,high_stress,110,90,18900,18900,0,1.0,4826780.0,6956.379687,6956379.687,2389.5,0.0,4366.7,200.179687,0.0,850,859,347,277,235,0,0,0,0,0,3359,0.430457,0.448995,0.522133,0.521347,1.097465,2.06887,0.7535,14,0,5580,0,5940,7366,14,5580,13306,11534,7366,0.58125,2,0,0.685469,1.716777,36.065926,0.506113,high,5292000.0,465220.0,6646.13292,0.91209,0.729672,6956.379687,13602.512607,13602512.607
H2_value_guard,high_stress,101,90,18900,18900,0,1.0,4829580.0,5695.482969,5695482.969,1947.0,0.0,3581.5,166.982969,0.0,698,703,269,216,218,0,0,0,0,0,2755,0.462853,0.494882,0.560929,0.520495,0.94495,1.789128,0.761889,54,0,5580,0,5940,7326,54,5580,13266,11574,7326,0.476389,2,0,0.685533,1.670589,36.055767,0.506488,high,5292000.0,462420.0,6606.13212,0.912619,0.730095,5695.482969,12301.615089,12301615.089
H2_value_guard,high_stress,102,90,18900,18900,0,1.0,4829650.0,5777.787039,5777787.039,1970.5,0.0,3637.4,169.887039,0.0,713,716,275,212,229,0,0,0,0,0,2798,0.466574,0.518857,0.53446,0.502204,0.943556,1.737806,0.76137,55,0,5580,0,5940,7325,55,5580,13265,11575,7325,0.48287,2,0,0.685535,1.673348,36.042063,0.506708,high,5292000.0,462350.0,6605.1321,0.912632,0.730106,5777.787039,12382.919139,12382919.139
H2_value_guard,high_stress,103,90,18900,18900,0,1.0,4828810.0,6254.312541,6254312.541,2147.5,0.0,3926.0,180.812541,0.0,762,769,309,253,207,0,0,0,0,0,3020,0.443509,0.46798,0.547574,0.543415,0.997821,1.916314,0.758185,43,0,5580,0,5940,7337,43,5580,13277,11563,7337,0.522685,2,0,0.685516,1.695012,36.06746,0.506246,high,5292000.0,463190.0,6617.13234,0.912474,0.729979,6254.312541,12871.444881,12871444.881
H2_value_guard,high_stress,104,90,18900,18900,0,1.0,4829090.0,5894.20282,5894202.82,2016.0,0.0,3706.3,171.90282,0.0,724,727,284,227,216,0,0,0,0,0,2851,0.453067,0.46805,0.568419,0.527877,0.957645,1.907839,0.760611,47,0,5580,0,5940,7333,47,5580,13273,11567,7333,0.492361,2,0,0.685522,1.685496,36.060688,0.506373,high,5292000.0,462910.0,6613.13226,0.912526,0.730021,5894.20282,12507.33508,12507335.08
H2_value_guard,high_stress,105,90,18900,18900,0,1.0,4829300.0,6217.670373,6217670.373,2135.0,10.4,3893.5,178.770373,0.0,750,754,292,264,198,1,1,0,0,1,2995,0.460778,0.489281,0.54422,0.537948,1.00073,1.848704,0.758407,50,0,5580,0,5940,7330,50,5580,13270,11570,7330,0.517824,2,0,0.685528,1.694622,36.0555,0.506467,high,5292000.0,462700.0,6610.1322,0.912566,0.730053,6217.670373,12827.802573,12827802.573
H2_value_guard,high_stress,106,90,18900,18900,0,1.0,4829230.0,6191.19661,6191196.61,2131.5,0.0,3880.5,179.19661,0.0,753,758,298,257,203,0,0,0,0,0,2985,0.442075,0.491436,0.540169,0.521137,0.994688,1.747836,0.75863,49,0,5580,0,5940,7331,49,5580,13271,11569,7331,0.51713,2,0,0.685525,1.691771,36.061746,0.506367,high,5292000.0,462770.0,6611.13222,0.912553,0.730042,6191.19661,12802.32883,12802328.83
H2_value_guard,high_stress,107,90,18900,18900,0,1.0,4829300.0,5852.098296,5852098.296,2005.0,0.0,3675.1,171.998296,0.0,734,736,327,219,190,0,0,0,0,0,2827,0.464449,0.513325,0.543711,0.526396,0.972834,1.946739,0.761204,50,0,5580,0,5940,7330,50,5580,13270,11570,7330,0.484954,2,0,0.685527,1.681171,36.054497,0.506486,high,5292000.0,462700.0,6610.1322,0.912566,0.730053,5852.098296,12462.230496,12462230.496
H2_value_guard,high_stress,108,90,18900,18900,0,1.0,4829370.0,6473.352487,6473352.487,2213.5,0.0,4071.6,188.252487,0.0,807,811,345,239,227,0,0,0,0,0,3132,0.432662,0.468053,0.563305,0.502384,1.054453,2.116225,0.756907,51,0,5580,0,5940,7329,51,5580,13269,11571,7329,0.538657,2,0,0.685529,1.707039,36.052222,0.506527,high,5292000.0,462630.0,6609.13218,0.912579,0.730063,6473.352487,13082.484667,13082484.667
H2_value_guard,high_stress,109,90,18900,18900,0,1.0,4829440.0,5758.583347,5758583.347,1964.0,0.0,3624.4,170.183347,0.0,719,721,301,208,212,0,0,0,0,0,2788,0.436261,0.463931,0.553582,0.504058,0.947255,1.608784,0.761667,52,0,5580,0,5940,7328,52,5580,13268,11572,7328,0.479167,2,0,0.68553,1.679791,36.049841,0.50657,high,5292000.0,462560.0,6608.13216,0.912593,0.730074,5758.583347,12366.715507,12366715.507
H2_value_guard,high_stress,110,90,18900,18900,0,1.0,4828740.0,6949.311662,6949311.662,2388.5,0.0,4361.5,199.311662,0.0,849,857,345,279,233,0,0,0,0,0,3355,0.445001,0.482063,0.533014,0.517818,1.097465,2.06887,0.753556,42,0,5580,0,5940,7338,42,5580,13278,11562,7338,0.580556,2,0,0.685514,1.721428,36.068889,0.506218,high,5292000.0,463260.0,6618.13236,0.91246,0.729968,6949.311662,13567.444022,13567444.022
H0,high_demand_high_stress,101,90,21690,21690,0,1.0,6143305.0,10854.965475,10854965.475,3060.0,867.1,6704.1,223.765475,0.0,360,1080,360,360,360,77,62,12,3,77,5157,0.642291,0.691604,0.8092,0.822831,0.94495,1.789128,0.712519,4077,3883,3883,3890,3853,2104,7960,7773,5957,11813,9877,0.916667,2,0,0.656714,1.271211,46.979509,0.331318,low,6073200.0,0.0,0.0,1.011543,0.809235,10854.965475,10854.965475,10854965.475
H0,high_demand_high_stress,102,90,21690,21690,0,1.0,6142360.0,11563.112015,11563112.015,3060.0,1158.3,7112.3,232.512015,0.0,360,1080,360,360,360,103,75,13,15,103,5471,0.614997,0.723133,0.769725,0.802027,0.943556,1.737806,0.707222,4063,3880,3881,3899,3862,2105,7943,7780,5967,11806,9884,0.916667,2,0,0.656723,1.345641,46.988253,0.331056,low,6073200.0,0.0,0.0,1.011388,0.80911,11563.112015,11563.112015,11563112.015
H0,high_demand_high_stress,103,90,21690,21690,0,1.0,6142430.0,12475.525838,12475525.838,3060.0,1550.9,7611.5,253.125838,0.0,360,1080,360,360,360,130,88,37,5,130,5855,0.59008,0.687281,0.724738,0.823172,0.997821,1.916314,0.700611,4072,3877,3878,3892,3869,2102,7949,7770,5971,11819,9871,0.916667,2,0,0.656786,1.475157,46.953162,0.331695,low,6073200.0,0.0,0.0,1.011399,0.809119,12475.525838,12475.525838,12475525.838
H0,high_demand_high_stress,104,90,21690,21690,0,1.0,6142955.0,11245.816014,11245816.014,3060.0,1028.3,6925.1,232.416014,0.0,360,1080,360,360,360,94,79,8,7,94,5327,0.63095,0.70672,0.775619,0.792164,0.957645,1.907839,0.709722,4072,3881,3880,3897,3863,2097,7953,7777,5960,11815,9875,0.916667,2,0,0.656776,1.385507,46.981592,0.331289,low,6073200.0,0.0,0.0,1.011486,0.809189,11245.816014,11245.816014,11245816.014
H0,high_demand_high_stress,105,90,21690,21690,0,1.0,6142955.0,11958.406652,11958406.652,3060.0,1331.2,7324.2,243.006652,0.0,360,1080,360,360,360,112,77,31,4,112,5634,0.620984,0.719289,0.721839,0.823416,1.00073,1.848704,0.704352,4066,3881,3891,3898,3860,2094,7947,7789,5954,11817,9873,0.916667,2,0,0.656789,1.38878,46.962481,0.331567,low,6073200.0,0.0,0.0,1.011486,0.809189,11958.406652,11958.406652,11958406.652
H0,high_demand_high_stress,106,90,21690,21690,0,1.0,6143585.0,10914.613859,10914613.859,3060.0,894.4,6727.5,232.713859,0.0,360,1080,360,360,360,72,41,27,4,72,5175,0.645036,0.713702,0.729562,0.83198,0.994688,1.747836,0.712074,4074,3882,3885,3904,3849,2096,7956,7789,5945,11808,9882,0.916667,2,0,0.656742,1.481097,46.97004,0.331389,low,6073200.0,0.0,0.0,1.011589,0.809272,10914.613859,10914.613859,10914613.859
H0,high_demand_high_stress,107,90,21690,21690,0,1.0,6143445.0,12039.649106,12039649.106,3060.0,1374.1,7363.2,242.349106,0.0,360,1080,360,360,360,123,95,15,13,123,5664,0.59389,0.662747,0.775604,0.809229,0.972834,1.946739,0.703981,4087,3879,3874,3891,3884,2075,7966,7765,5959,11845,9845,0.916667,2,0,0.65685,1.458124,46.939666,0.331987,low,6073200.0,0.0,0.0,1.011566,0.809253,12039.649106,12039.649106,12039649.106
H0,high_demand_high_stress,108,90,21690,21690,0,1.0,6141170.0,13370.851362,13370851.362,3060.0,1933.1,8113.3,264.451362,0.0,360,1080,360,360,360,167,115,33,19,167,6241,0.551637,0.650788,0.715144,0.796921,1.054453,2.116225,0.69413,4042,3874,3895,3905,3886,2088,7916,7800,5974,11823,9867,0.916667,2,0,0.656853,1.562946,46.959235,0.331555,low,6073200.0,0.0,0.0,1.011192,0.808953,13370.851362,13370.851362,13370851.362
H0,high_demand_high_stress,109,90,21690,21690,0,1.0,6142710.0,10745.154479,10745154.479,3060.0,822.9,6639.1,223.154479,0.0,360,1080,360,360,360,77,72,4,1,77,5107,0.650502,0.732531,0.785418,0.828351,0.947255,1.608784,0.713463,4061,3882,3887,3903,3863,2094,7943,7790,5957,11811,9879,0.916667,2,0,0.656816,1.366247,46.972389,0.331408,low,6073200.0,0.0,0.0,1.011445,0.809156,10745.154479,10745.154479,10745154.479
H0,high_demand_high_stress,110,90,21690,21690,0,1.0,6143515.0,13341.427499,13341427.499,3060.0,1924.0,8091.2,266.227499,0.0,360,1080,360,360,360,161,104,45,12,161,6224,0.556677,0.684046,0.675958,0.829242,1.097465,2.06887,0.694333,4065,3907,3873,3882,3869,2094,7972,7755,5963,11807,9883,0.916667,2,0,0.656739,1.54082,46.967231,0.331453,low,6073200.0,0.0,0.0,1.011578,0.809262,13341.427499,13341.427499,13341427.499
H_TIME,high_demand_high_stress,101,90,21690,21690,0,1.0,6142745.0,10373.62978,10373629.78,3026.0,716.3,6407.7,223.62978,0.0,356,1068,356,356,356,67,61,3,3,67,4929,0.587618,0.725566,0.744859,0.771505,0.94495,1.789128,0.716463,4073,3880,3891,3880,3860,2106,7953,7771,5966,11824,9866,0.902778,2,0,0.656796,1.49388,46.991956,0.331203,low,6073200.0,0.0,0.0,1.011451,0.809161,10373.62978,10373.62978,10373629.78
H_TIME,high_demand_high_stress,102,90,21690,21690,0,1.0,6141870.0,11101.34565,11101345.65,3026.0,1024.4,6818.5,232.44565,0.0,356,1068,356,356,356,94,73,5,16,94,5245,0.606499,0.734495,0.701515,0.823827,0.943556,1.737806,0.711111,4072,3868,3898,3874,3867,2111,7940,7772,5978,11837,9853,0.902778,2,0,0.656828,1.559176,46.997016,0.33119,low,6073200.0,0.0,0.0,1.011307,0.809046,11101.34565,11101.34565,11101345.65
H_TIME,high_demand_high_stress,103,90,21690,21690,0,1.0,6142010.0,12168.41916,12168419.16,3026.0,1467.7,7421.7,253.01916,0.0,356,1068,356,356,356,128,92,23,13,128,5709,0.546458,0.721843,0.642817,0.810571,0.997821,1.916314,0.703185,4064,3884,3890,3870,3875,2107,7948,7760,5982,11829,9861,0.902778,2,0,0.656836,1.650329,46.983546,0.331262,low,6073200.0,0.0,0.0,1.01133,0.809064,12168.41916,12168.41916,12168419.16
H_TIME,high_demand_high_stress,104,90,21690,21690,0,1.0,6142570.0,11046.728526,11046728.526,3026.0,997.1,6791.2,232.428526,0.0,356,1068,356,356,356,92,79,6,7,92,5224,0.58722,0.727584,0.723501,0.775929,0.957645,1.907839,0.7115,4071,3882,3887,3879,3871,2100,7953,7766,5971,11829,9861,0.902778,2,0,0.656835,1.581108,46.990405,0.331236,low,6073200.0,0.0,0.0,1.011422,0.809138,11046.728526,11046.728526,11046728.526
H_TIME,high_demand_high_stress,105,90,21690,21690,0,1.0,6142115.0,11549.784394,11549784.394,3026.0,1199.9,7081.1,242.784394,0.0,356,1068,356,356,356,103,70,22,11,103,5447,0.571185,0.72131,0.683088,0.847457,1.00073,1.848704,0.707574,4047,3899,3885,3882,3884,2093,7946,7767,5977,11816,9874,0.902778,2,0,0.656804,1.608831,46.980911,0.331133,low,6073200.0,0.0,0.0,1.011347,0.809078,11549.784394,11549.784394,11549784.394
H_TIME,high_demand_high_stress,106,90,21690,21690,0,1.0,6143235.0,10419.00538,10419005.38,3026.0,709.8,6450.6,232.60538,0.0,356,1068,356,356,356,60,39,15,6,60,4962,0.578689,0.717782,0.631241,0.789877,0.994688,1.747836,0.715778,4060,3894,3886,3897,3851,2102,7954,7783,5953,11797,9893,0.902778,2,0,0.656712,1.578597,47.01177,0.330674,low,6073200.0,0.0,0.0,1.011532,0.809225,10419.00538,10419.00538,10419005.38
H_TIME,high_demand_high_stress,107,90,21690,21690,0,1.0,6142360.0,11869.256618,11869256.618,3026.0,1350.7,7250.1,242.456618,0.0,356,1068,356,356,356,122,98,13,11,122,5577,0.564705,0.71069,0.700754,0.789517,0.972834,1.946739,0.7055,4075,3878,3880,3880,3881,2096,7953,7760,5977,11836,9854,0.902778,2,0,0.656852,1.6457,46.977169,0.331452,low,6073200.0,0.0,0.0,1.011388,0.80911,11869.256618,11869.256618,11869256.618
H_TIME,high_demand_high_stress,108,90,21690,21690,0,1.0,6141135.0,12889.683786,12889683.786,3026.0,1773.2,7826.0,264.483786,0.0,356,1068,356,356,356,158,115,19,24,158,6020,0.57445,0.659166,0.696427,0.827682,1.054453,2.116225,0.698,4051,3872,3897,3888,3885,2097,7923,7785,5982,11833,9857,0.902778,2,0,0.65692,1.693724,46.968922,0.331437,low,6073200.0,0.0,0.0,1.011186,0.808949,12889.683786,12889.683786,12889683.786
H_TIME,high_demand_high_stress,109,90,21690,21690,0,1.0,6142045.0,10521.164387,10521164.387,3026.0,770.9,6501.3,222.964387,0.0,356,1068,356,356,356,72,67,4,1,72,5001,0.627227,0.661482,0.801674,0.83278,0.947255,1.608784,0.715278,4055,3887,3880,3893,3878,2097,7942,7773,5975,11813,9877,0.902778,2,0,0.656802,1.466704,47.005652,0.33082,low,6073200.0,0.0,0.0,1.011336,0.809069,10521.164387,10521.164387,10521164.387
H_TIME,high_demand_high_stress,110,90,21690,21690,0,1.0,6144705.0,13052.85553,13052855.53,3026.0,1860.3,7900.1,266.45553,0.0,356,1068,356,356,356,158,102,37,19,158,6077,0.54912,0.678072,0.661286,0.792163,1.097465,2.06887,0.696852,4074,3920,3879,3866,3851,2100,7994,7745,5951,11804,9886,0.902778,2,0,0.656743,1.731038,46.973543,0.33139,low,6073200.0,0.0,0.0,1.011774,0.809419,13052.85553,13052.85553,13052855.53
H1,high_demand_high_stress,101,90,21690,21690,0,1.0,5607280.0,6833.489784,6833489.784,2342.5,0.0,4295.2,195.789784,0.0,835,844,324,263,257,0,0,0,0,0,3304,0.471422,0.496349,0.53874,0.56807,0.94495,1.789128,0.754241,8,0,4964,3398,5940,7380,8,8362,13320,10912,10778,0.571991,2,0,0.674174,1.694947,39.961088,0.445446,low,6073200.0,465920.0,1663.80032,0.923283,0.738626,6833.489784,8497.290104,8497290.104
H1,high_demand_high_stress,102,90,21690,21690,0,1.0,5607280.0,6983.24002,6983240.02,2384.5,0.0,4399.2,199.54002,0.0,854,865,333,259,273,0,0,0,0,0,3384,0.473109,0.482079,0.560996,0.565271,0.943556,1.737806,0.753148,8,0,4763,3599,5940,7380,8,8362,13320,10711,10979,0.585648,2,0,0.67343,1.697194,40.118073,0.441472,low,6073200.0,465920.0,1663.80032,0.923283,0.738626,6983.24002,8647.04034,8647040.34
H1,high_demand_high_stress,103,90,21690,21690,0,1.0,5607350.0,7465.467847,7465467.847,2570.0,0.0,4683.9,211.567847,0.0,898,921,374,303,244,0,0,0,0,0,3603,0.451407,0.479963,0.545868,0.561683,0.997821,1.916314,0.74987,10,0,4968,3392,5940,7380,10,8360,13320,10918,10772,0.62662,2,0,0.674194,1.732798,39.896081,0.446455,low,6073200.0,465850.0,1663.55035,0.923294,0.738635,7465.467847,9129.018197,9129018.197
H1,high_demand_high_stress,104,90,21690,21690,0,1.0,5607490.0,7063.941466,7063941.466,2416.5,10.4,4435.6,201.441466,0.0,855,870,342,275,253,1,1,0,0,1,3412,0.465916,0.529083,0.54598,0.520361,0.957645,1.907839,0.75263,14,0,4888,3468,5940,7380,14,8356,13320,10842,10848,0.590046,2,0,0.673908,1.705972,39.980499,0.444556,low,6073200.0,465710.0,1663.05041,0.923317,0.738654,7063.941466,8726.991876,8726991.876
H1,high_demand_high_stress,105,90,21690,21690,0,1.0,5607490.0,7394.363436,7394363.436,2542.5,10.4,4633.2,208.263436,0.0,887,900,354,313,233,1,1,0,0,1,3564,0.474025,0.502012,0.560025,0.537395,1.00073,1.848704,0.750407,14,0,4980,3376,5940,7380,14,8356,13320,10934,10756,0.617824,2,0,0.674246,1.71786,39.848693,0.447264,low,6073200.0,465710.0,1663.05041,0.923317,0.738654,7394.363436,9057.413846,9057413.846
H1,high_demand_high_stress,106,90,21690,21690,0,1.0,5607455.0,7406.585132,7406585.132,2551.5,0.0,4646.2,208.885132,0.0,898,908,361,308,239,0,0,0,0,0,3574,0.475821,0.53006,0.546953,0.55567,0.994688,1.747836,0.750407,13,0,4945,3412,5940,7380,13,8357,13320,10898,10792,0.619907,2,0,0.674115,1.724523,39.888197,0.446404,low,6073200.0,465745.0,1663.175395,0.923311,0.738649,7406.585132,9069.760527,9069760.527
H1,high_demand_high_stress,107,90,21690,21690,0,1.0,5607280.0,7020.828371,7020828.371,2404.0,0.0,4414.8,202.028371,0.0,875,885,394,259,232,0,0,0,0,0,3396,0.469282,0.511423,0.539245,0.541596,0.972834,1.946739,0.753278,8,0,4961,3401,5940,7380,8,8362,13320,10909,10781,0.584028,2,0,0.674163,1.703125,39.854541,0.447044,low,6073200.0,465920.0,1663.80032,0.923283,0.738626,7020.828371,8684.628691,8684628.691
H1,high_demand_high_stress,108,90,21690,21690,0,1.0,5607420.0,7704.290906,7704290.906,2640.5,0.0,4843.8,219.990906,0.0,940,968,411,284,273,0,0,0,0,0,3726,0.448312,0.49565,0.523772,0.550203,1.054453,2.116225,0.74837,12,0,4731,3627,5940,7380,12,8358,13320,10683,11007,0.64537,2,0,0.673321,1.754927,40.179115,0.44027,low,6073200.0,465780.0,1663.30038,0.923306,0.738645,7704.290906,9367.591286,9367591.286
H1,high_demand_high_stress,109,90,21690,21690,0,1.0,5607455.0,6855.304316,6855304.316,2343.0,0.0,4314.7,197.604316,0.0,843,860,361,249,250,0,0,0,0,0,3319,0.458662,0.48489,0.5649,0.531438,0.947255,1.608784,0.754111,13,0,4962,3395,5940,7380,13,8357,13320,10915,10775,0.573611,2,0,0.674178,1.702704,39.928585,0.445929,low,6073200.0,465745.0,1663.175395,0.923311,0.738649,6855.304316,8518.479711,8518479.711
H1,high_demand_high_stress,110,90,21690,21690,0,1.0,5607455.0,8213.559206,8213559.206,2805.5,52.0,5123.3,232.759206,0.0,855,1003,403,333,267,5,5,0,0,5,3941,0.388256,0.420714,0.511072,0.485028,1.097465,2.06887,0.742907,13,0,4673,3684,5940,7380,13,8357,13320,10626,11064,0.703241,2,0,0.673118,1.861598,40.172805,0.439918,low,6073200.0,465745.0,1663.175395,0.923311,0.738649,8213.559206,9876.734601,9876734.601
H2,high_demand_high_stress,101,90,21690,21690,0,1.0,5608085.0,6844.102082,6844102.082,2346.0,0.0,4301.7,196.402082,0.0,833,845,325,264,256,0,0,0,0,0,3309,0.448985,0.493585,0.553123,0.524043,0.94495,1.789128,0.75413,31,0,5580,2759,5940,7380,31,8339,13320,11551,10139,0.57338,2,0,0.676508,1.743898,39.091886,0.463476,low,6073200.0,465115.0,1660.925665,0.923415,0.738732,6844.102082,8505.027747,8505027.747
H2,high_demand_high_stress,102,90,21690,21690,0,1.0,5608120.0,6889.931855,6889931.855,2356.5,0.0,4335.5,197.931855,0.0,839,855,330,256,269,0,0,0,0,0,3335,0.451951,0.491066,0.554992,0.533999,0.943556,1.737806,0.753741,32,0,5580,2758,5940,7380,32,8338,13320,11552,10138,0.578241,2,0,0.67651,1.744418,39.095159,0.463417,low,6073200.0,465080.0,1660.80068,0.923421,0.738737,6889.931855,8550.732535,8550732.535
H2,high_demand_high_stress,103,90,21690,21690,0,1.0,5608085.0,7454.46542,7454465.42,2565.0,0.0,4677.4,212.06542,0.0,900,921,378,301,242,0,0,0,0,0,3598,0.464357,0.519895,0.517653,0.519522,0.997821,1.916314,0.75,31,0,5580,2759,5940,7380,31,8339,13320,11551,10139,0.625,2,0,0.676508,1.781698,39.091886,0.463476,low,6073200.0,465115.0,1660.925665,0.923415,0.738732,7454.46542,9115.391085,9115391.085
H2,high_demand_high_stress,104,90,21690,21690,0,1.0,5608085.0,6980.725918,6980725.918,2393.0,0.0,4387.5,200.225918,0.0,856,864,341,269,254,0,0,0,0,0,3375,0.446934,0.498038,0.533825,0.529806,0.957645,1.907839,0.753315,31,0,5580,2759,5940,7380,31,8339,13320,11551,10139,0.583565,2,0,0.676508,1.753476,39.091886,0.463476,low,6073200.0,465115.0,1660.925665,0.923415,0.738732,6980.725918,8641.651583,8641651.583
H2,high_demand_high_stress,105,90,21690,21690,0,1.0,5608120.0,7341.057629,7341057.629,2527.5,10.4,4595.5,207.657629,0.0,869,892,344,313,235,1,1,0,0,1,3535,0.448062,0.475889,0.530168,0.550694,1.00073,1.848704,0.750611,32,0,5580,2758,5940,7380,32,8338,13320,11552,10138,0.615278,2,0,0.676508,1.767877,39.093679,0.463447,low,6073200.0,465080.0,1660.80068,0.923421,0.738737,7341.057629,9001.858309,9001858.309
H2,high_demand_high_stress,106,90,21690,21690,0,1.0,5608085.0,7411.610313,7411610.313,2558.0,0.0,4643.6,210.010313,0.0,895,908,360,312,236,0,0,0,0,0,3572,0.453166,0.474181,0.559931,0.520253,0.994688,1.747836,0.750389,31,0,5580,2759,5940,7380,31,8339,13320,11551,10139,0.620139,2,0,0.676508,1.779351,39.091886,0.463476,low,6073200.0,465115.0,1660.925665,0.923415,0.738732,7411.610313,9072.535978,9072535.978
H2,high_demand_high_stress,107,90,21690,21690,0,1.0,5608085.0,6947.174532,6947174.532,2382.0,0.0,4364.1,201.074532,0.0,866,874,389,261,224,0,0,0,0,0,3357,0.44351,0.479649,0.530495,0.504997,0.972834,1.946739,0.753833,31,0,5580,2759,5940,7380,31,8339,13320,11551,10139,0.577083,2,0,0.676508,1.75339,39.094652,0.463431,low,6073200.0,465115.0,1660.925665,0.923415,0.738732,6947.174532,8608.100197,8608100.197
H2,high_demand_high_stress,108,90,21690,21690,0,1.0,5608050.0,7720.661944,7720661.944,2636.0,10.4,4854.2,220.061944,0.0,934,966,413,285,268,1,1,0,0,1,3734,0.445476,0.516167,0.52775,0.512398,1.054453,2.116225,0.74813,30,0,5580,2760,5940,7380,30,8340,13320,11550,10140,0.646296,2,0,0.676504,1.801805,39.095708,0.463428,low,6073200.0,465150.0,1661.05065,0.923409,0.738728,7720.661944,9381.712594,9381712.594
H2,high_demand_high_stress,109,90,21690,21690,0,1.0,5608085.0,6897.619014,6897619.014,2353.5,0.0,4344.6,199.519014,0.0,858,866,364,247,255,0,0,0,0,0,3342,0.450917,0.486252,0.517883,0.538344,0.947255,1.608784,0.753963,31,0,5580,2759,5940,7380,31,8339,13320,11551,10139,0.575463,2,0,0.676508,1.751946,39.091886,0.463476,low,6073200.0,465115.0,1660.925665,0.923415,0.738732,6897.619014,8558.544679,8558544.679
H2,high_demand_high_stress,110,90,21690,21690,0,1.0,5608050.0,8191.914066,8191914.066,2792.5,52.0,5115.5,231.914066,0.0,870,999,400,330,269,5,5,0,0,5,3935,0.403463,0.443531,0.490416,0.494898,1.097465,2.06887,0.743296,30,0,5580,2760,5940,7380,30,8340,13320,11550,10140,0.69838,2,0,0.676504,1.898176,39.093985,0.463447,low,6073200.0,465150.0,1661.05065,0.923409,0.738728,8191.914066,9852.964716,9852964.716
H3,high_demand_high_stress,101,90,21690,21690,0,1.0,5874750.0,7592.16826,7592168.26,2601.5,0.0,4782.7,207.96826,0.0,916,956,408,277,271,0,0,0,0,0,3679,0.67712,0.724558,0.715798,0.72992,0.94495,1.789128,0.748796,5220,0,5580,0,5940,4950,5220,5580,10890,16740,4950,0.640046,2,0,0.686426,1.796664,36.929461,0.514887,low,6073200.0,198450.0,708.66495,0.967324,0.773859,7592.16826,8300.83321,8300833.21
H3,high_demand_high_stress,102,90,21690,21690,0,1.0,5874750.0,7887.551207,7887551.207,2714.5,0.0,4958.2,214.851207,0.0,916,982,399,306,277,0,0,0,0,0,3814,0.677283,0.735562,0.713783,0.707574,0.943556,1.737806,0.746296,5220,0,5580,0,5940,4950,5220,5580,10890,16740,4950,0.671296,2,0,0.686426,1.815494,36.929461,0.514887,low,6073200.0,198450.0,708.66495,0.967324,0.773859,7887.551207,8596.216157,8596216.157
H3,high_demand_high_stress,103,90,21690,21690,0,1.0,5874750.0,8624.447778,8624447.778,2957.5,58.5,5374.2,234.247778,0.0,737,1057,438,356,263,5,3,1,1,5,4134,0.629547,0.708153,0.669476,0.668719,0.997821,1.916314,0.737148,5220,0,5580,0,5940,4950,5220,5580,10890,16740,4950,0.773148,2,0,0.686422,2.004187,36.929569,0.51491,low,6073200.0,198450.0,708.66495,0.967324,0.773859,8624.447778,9333.112728,9333112.728
H3,high_demand_high_stress,104,90,21690,21690,0,1.0,5874750.0,7882.893823,7882893.823,2712.5,0.0,4954.3,216.093823,0.0,917,996,428,291,277,0,0,0,0,0,3811,0.667009,0.741491,0.72023,0.709528,0.957645,1.907839,0.74637,5220,0,5580,0,5940,4950,5220,5580,10890,16740,4950,0.67037,2,0,0.686426,1.811869,36.929461,0.514887,low,6073200.0,198450.0,708.66495,0.967324,0.773859,7882.893823,8591.558773,8591558.773
H3,high_demand_high_stress,105,90,21690,21690,0,1.0,5874750.0,8308.668402,8308668.402,2880.0,0.0,5202.6,226.068402,0.0,908,1036,428,336,272,0,0,0,0,0,4002,0.669594,0.719425,0.711324,0.72482,1.00073,1.848704,0.742667,5220,0,5580,0,5940,4950,5220,5580,10890,16740,4950,0.716667,2,0,0.686426,1.863988,36.929461,0.514887,low,6073200.0,198450.0,708.66495,0.967324,0.773859,8308.668402,9017.333352,9017333.352
H3,high_demand_high_stress,106,90,21690,21690,0,1.0,5874750.0,8034.018024,8034018.024,2782.5,0.0,5034.9,216.618024,0.0,893,979,368,346,265,0,0,0,0,0,3873,0.679754,0.724549,0.7039,0.722474,0.994688,1.747836,0.744778,5220,0,5580,0,5940,4950,5220,5580,10890,16740,4950,0.690278,2,0,0.686426,1.834018,36.929461,0.514887,low,6073200.0,198450.0,708.66495,0.967324,0.773859,8034.018024,8742.682974,8742682.974
H3,high_demand_high_stress,107,90,21690,21690,0,1.0,5874750.0,8206.900539,8206900.539,2832.5,0.0,5149.3,225.100539,0.0,951,1044,473,306,265,0,0,0,0,0,3961,0.669603,0.71496,0.719409,0.729286,0.972834,1.946739,0.744222,5220,0,5580,0,5940,4950,5220,5580,10890,16740,4950,0.697222,2,0,0.686426,1.840058,36.929461,0.514887,low,6073200.0,198450.0,708.66495,0.967324,0.773859,8206.900539,8915.565489,8915565.489
H3,high_demand_high_stress,108,90,21690,21690,0,1.0,5874750.0,8977.502912,8977502.912,2969.0,191.1,5574.4,243.002912,0.0,706,1082,456,328,298,18,15,0,3,18,4288,0.618396,0.667644,0.648889,0.656917,1.054453,2.116225,0.733963,5220,0,5580,0,5940,4950,5220,5580,10890,16740,4950,0.78588,2,0,0.686427,2.050115,36.92717,0.514941,low,6073200.0,198450.0,708.66495,0.967324,0.773859,8977.502912,9686.167862,9686167.862
H3,high_demand_high_stress,109,90,21690,21690,0,1.0,5874750.0,7537.712769,7537712.769,2588.5,0.0,4742.4,206.812769,0.0,897,955,423,275,257,0,0,0,0,0,3648,0.694572,0.73436,0.703418,0.762292,0.947255,1.608784,0.749019,5220,0,5580,0,5940,4950,5220,5580,10890,16740,4950,0.637269,2,0,0.686426,1.792886,36.929461,0.514887,low,6073200.0,198450.0,708.66495,0.967324,0.773859,7537.712769,8246.377719,8246377.719
H3,high_demand_high_stress,110,90,21690,21690,0,1.0,5874750.0,9558.114074,9558114.074,2992.5,425.1,5891.6,248.914074,0.0,686,1073,451,357,265,35,15,9,11,35,4532,0.602984,0.636005,0.669238,0.66174,1.097465,2.06887,0.72937,5220,0,5580,0,5940,4950,5220,5580,10890,16740,4950,0.792593,2,0,0.6864,2.040585,36.940066,0.514736,low,6073200.0,198450.0,708.66495,0.967324,0.773859,9558.114074,10266.779024,10266779.024
H4,high_demand_high_stress,101,90,21690,21690,0,1.0,6035400.0,7964.434739,7964434.739,2743.0,0.0,5003.7,217.734739,0.0,929,1007,440,297,270,0,0,0,0,0,3849,0.681657,0.734289,0.711103,0.756306,0.94495,1.789128,0.745889,2970,3870,2970,3960,2970,4950,6840,6930,7920,8910,12780,0.676389,2,0,0.648618,1.879966,49.60166,0.281989,low,6073200.0,37800.0,134.9838,0.993776,0.795021,7964.434739,8099.418539,8099418.539
H4,high_demand_high_stress,102,90,21690,21690,0,1.0,6035400.0,8255.118868,8255118.868,2866.5,0.0,5163.6,225.018868,0.0,916,1034,430,331,273,0,0,0,0,0,3972,0.676824,0.729208,0.750202,0.692133,0.943556,1.737806,0.74337,2970,3870,2970,3960,2970,4950,6840,6930,7920,8910,12780,0.70787,2,0,0.648618,1.908939,49.60166,0.281989,low,6073200.0,37800.0,134.9838,0.993776,0.795021,8255.118868,8390.102668,8390102.668
H4,high_demand_high_stress,103,90,21690,21690,0,1.0,6035750.0,9409.67829,9409678.29,3001.5,364.0,5798.0,246.17829,0.0,597,1056,420,381,255,34,29,1,4,34,4460,0.594537,0.614348,0.654098,0.642027,0.997821,1.916314,0.729056,2963,3886,2966,3956,2977,4942,6849,6922,7919,8906,12784,0.811806,2,0,0.648591,2.181749,49.595885,0.282014,low,6073200.0,37450.0,133.73395,0.993834,0.795067,9409.67829,9543.41224,9543412.24
H4,high_demand_high_stress,104,90,21690,21690,0,1.0,6035400.0,8280.650718,8280650.718,2859.5,0.0,5194.8,226.350718,0.0,930,1047,458,314,275,0,0,0,0,0,3996,0.676895,0.709904,0.733164,0.724814,0.957645,1.907839,0.743185,2970,3870,2970,3960,2970,4950,6840,6930,7920,8910,12780,0.710185,2,0,0.648618,1.935425,49.60166,0.281989,low,6073200.0,37800.0,134.9838,0.993776,0.795021,8280.650718,8415.634518,8415634.518
H4,high_demand_high_stress,105,90,21690,21690,0,1.0,6035855.0,8697.716212,8697716.212,2991.5,72.8,5396.3,237.116212,0.0,745,1070,444,359,267,7,7,0,0,7,4151,0.636155,0.650975,0.695937,0.690524,1.00073,1.848704,0.737019,2970,3877,2970,3959,2966,4948,6847,6929,7914,8906,12784,0.772685,2,0,0.648596,2.067469,49.602756,0.281959,low,6073200.0,37345.0,133.358995,0.993851,0.795081,8697.716212,8831.075207,8831075.207
H4,high_demand_high_stress,106,90,21690,21690,0,1.0,6035400.0,8408.792253,8408792.253,2935.0,0.0,5246.8,226.992253,0.0,877,1030,396,372,262,0,0,0,0,0,4036,0.674813,0.720873,0.720866,0.711969,0.994688,1.747836,0.741463,2970,3870,2970,3960,2970,4950,6840,6930,7920,8910,12780,0.731713,2,0,0.648618,1.957064,49.60166,0.281989,low,6073200.0,37800.0,134.9838,0.993776,0.795021,8408.792253,8543.776053,8543776.053
H4,high_demand_high_stress,107,90,21690,21690,0,1.0,6035470.0,8534.413941,8534413.941,2972.0,10.4,5315.7,236.313941,0.0,807,1094,507,327,260,1,1,0,0,1,4089,0.658198,0.705845,0.702756,0.694192,0.972834,1.946739,0.739204,2970,3871,2970,3960,2969,4950,6841,6930,7919,8909,12781,0.75787,2,0,0.648615,2.041588,49.600894,0.281995,low,6073200.0,37730.0,134.73383,0.993787,0.79503,8534.413941,8669.147771,8669147.771
H4,high_demand_high_stress,108,90,21690,21690,0,1.0,6035470.0,9952.545023,9952545.023,2998.5,591.5,6107.4,255.145023,0.0,592,1075,428,350,297,56,52,1,3,56,4698,0.598614,0.6219,0.652953,0.660811,1.054453,2.116225,0.724963,2960,3889,2962,3952,2985,4942,6849,6914,7927,8907,12783,0.817824,2,0,0.648588,2.223756,49.594178,0.282033,low,6073200.0,37730.0,134.73383,0.993787,0.79503,9952.545023,10087.278853,10087278.853
H4,high_demand_high_stress,109,90,21690,21690,0,1.0,6035400.0,7916.768469,7916768.469,2730.0,0.0,4969.9,216.868469,0.0,918,1004,454,298,252,0,0,0,0,0,3823,0.683731,0.711471,0.73389,0.730023,0.947255,1.608784,0.746167,2970,3870,2970,3960,2970,4950,6840,6930,7920,8910,12780,0.672917,2,0,0.648618,1.888289,49.60166,0.281989,low,6073200.0,37800.0,134.9838,0.993776,0.795021,7916.768469,8051.752269,8051752.269
H4,high_demand_high_stress,110,90,21690,21690,0,1.0,6036135.0,10546.628499,10546628.499,3018.0,841.1,6425.9,261.628499,0.0,561,1054,398,388,268,78,67,4,7,78,4943,0.557065,0.611736,0.606724,0.634688,1.097465,2.06887,0.720222,2955,3907,2961,3946,2988,4933,6862,6907,7921,8904,12786,0.827778,2,0,0.648579,2.246359,49.595305,0.282006,low,6073200.0,37065.0,132.359115,0.993897,0.795118,10546.628499,10678.987614,10678987.614
H1_original,high_demand_high_stress,101,90,21690,21690,0,1.0,5607280.0,6833.489784,6833489.784,2342.5,0.0,4295.2,195.789784,0.0,835,844,324,263,257,0,0,0,0,0,3304,0.471422,0.496349,0.53874,0.56807,0.94495,1.789128,0.754241,8,0,4964,3398,5940,7380,8,8362,13320,10912,10778,0.571991,2,0,0.674174,1.694947,39.961088,0.445446,low,6073200.0,465920.0,1663.80032,0.923283,0.738626,6833.489784,8497.290104,8497290.104
H1_original,high_demand_high_stress,102,90,21690,21690,0,1.0,5607280.0,6983.24002,6983240.02,2384.5,0.0,4399.2,199.54002,0.0,854,865,333,259,273,0,0,0,0,0,3384,0.473109,0.482079,0.560996,0.565271,0.943556,1.737806,0.753148,8,0,4763,3599,5940,7380,8,8362,13320,10711,10979,0.585648,2,0,0.67343,1.697194,40.118073,0.441472,low,6073200.0,465920.0,1663.80032,0.923283,0.738626,6983.24002,8647.04034,8647040.34
H1_original,high_demand_high_stress,103,90,21690,21690,0,1.0,5607350.0,7465.467847,7465467.847,2570.0,0.0,4683.9,211.567847,0.0,898,921,374,303,244,0,0,0,0,0,3603,0.451407,0.479963,0.545868,0.561683,0.997821,1.916314,0.74987,10,0,4968,3392,5940,7380,10,8360,13320,10918,10772,0.62662,2,0,0.674194,1.732798,39.896081,0.446455,low,6073200.0,465850.0,1663.55035,0.923294,0.738635,7465.467847,9129.018197,9129018.197
H1_original,high_demand_high_stress,104,90,21690,21690,0,1.0,5607490.0,7063.941466,7063941.466,2416.5,10.4,4435.6,201.441466,0.0,855,870,342,275,253,1,1,0,0,1,3412,0.465916,0.529083,0.54598,0.520361,0.957645,1.907839,0.75263,14,0,4888,3468,5940,7380,14,8356,13320,10842,10848,0.590046,2,0,0.673908,1.705972,39.980499,0.444556,low,6073200.0,465710.0,1663.05041,0.923317,0.738654,7063.941466,8726.991876,8726991.876
H1_original,high_demand_high_stress,105,90,21690,21690,0,1.0,5607490.0,7394.363436,7394363.436,2542.5,10.4,4633.2,208.263436,0.0,887,900,354,313,233,1,1,0,0,1,3564,0.474025,0.502012,0.560025,0.537395,1.00073,1.848704,0.750407,14,0,4980,3376,5940,7380,14,8356,13320,10934,10756,0.617824,2,0,0.674246,1.71786,39.848693,0.447264,low,6073200.0,465710.0,1663.05041,0.923317,0.738654,7394.363436,9057.413846,9057413.846
H1_original,high_demand_high_stress,106,90,21690,21690,0,1.0,5607455.0,7406.585132,7406585.132,2551.5,0.0,4646.2,208.885132,0.0,898,908,361,308,239,0,0,0,0,0,3574,0.475821,0.53006,0.546953,0.55567,0.994688,1.747836,0.750407,13,0,4945,3412,5940,7380,13,8357,13320,10898,10792,0.619907,2,0,0.674115,1.724523,39.888197,0.446404,low,6073200.0,465745.0,1663.175395,0.923311,0.738649,7406.585132,9069.760527,9069760.527
H1_original,high_demand_high_stress,107,90,21690,21690,0,1.0,5607280.0,7020.828371,7020828.371,2404.0,0.0,4414.8,202.028371,0.0,875,885,394,259,232,0,0,0,0,0,3396,0.469282,0.511423,0.539245,0.541596,0.972834,1.946739,0.753278,8,0,4961,3401,5940,7380,8,8362,13320,10909,10781,0.584028,2,0,0.674163,1.703125,39.854541,0.447044,low,6073200.0,465920.0,1663.80032,0.923283,0.738626,7020.828371,8684.628691,8684628.691
H1_original,high_demand_high_stress,108,90,21690,21690,0,1.0,5607420.0,7704.290906,7704290.906,2640.5,0.0,4843.8,219.990906,0.0,940,968,411,284,273,0,0,0,0,0,3726,0.448312,0.49565,0.523772,0.550203,1.054453,2.116225,0.74837,12,0,4731,3627,5940,7380,12,8358,13320,10683,11007,0.64537,2,0,0.673321,1.754927,40.179115,0.44027,low,6073200.0,465780.0,1663.30038,0.923306,0.738645,7704.290906,9367.591286,9367591.286
H1_original,high_demand_high_stress,109,90,21690,21690,0,1.0,5607455.0,6855.304316,6855304.316,2343.0,0.0,4314.7,197.604316,0.0,843,860,361,249,250,0,0,0,0,0,3319,0.458662,0.48489,0.5649,0.531438,0.947255,1.608784,0.754111,13,0,4962,3395,5940,7380,13,8357,13320,10915,10775,0.573611,2,0,0.674178,1.702704,39.928585,0.445929,low,6073200.0,465745.0,1663.175395,0.923311,0.738649,6855.304316,8518.479711,8518479.711
H1_original,high_demand_high_stress,110,90,21690,21690,0,1.0,5607455.0,8213.559206,8213559.206,2805.5,52.0,5123.3,232.759206,0.0,855,1003,403,333,267,5,5,0,0,5,3941,0.388256,0.420714,0.511072,0.485028,1.097465,2.06887,0.742907,13,0,4673,3684,5940,7380,13,8357,13320,10626,11064,0.703241,2,0,0.673118,1.861598,40.172805,0.439918,low,6073200.0,465745.0,1663.175395,0.923311,0.738649,8213.559206,9876.734601,9876734.601
H1_value_guard,high_demand_high_stress,101,90,21690,21690,0,1.0,5608085.0,6851.095649,6851095.649,2347.0,0.0,4308.2,195.895649,0.0,835,846,325,263,258,0,0,0,0,0,3314,0.471969,0.489383,0.55855,0.566072,0.94495,1.789128,0.754056,31,0,5580,2759,5940,7380,31,8339,13320,11551,10139,0.574306,2,0,0.676508,1.697527,39.091886,0.463476,low,6073200.0,465115.0,1660.925665,0.923415,0.738732,6851.095649,8512.021314,8512021.314
H1_value_guard,high_demand_high_stress,102,90,21690,21690,0,1.0,5607980.0,6950.765357,6950765.357,2376.0,0.0,4375.8,198.965357,0.0,851,862,335,259,268,0,0,0,0,0,3366,0.471744,0.499062,0.557813,0.547007,0.943556,1.737806,0.753389,28,0,5580,2762,5940,7380,28,8342,13320,11548,10142,0.582639,2,0,0.676501,1.691819,39.100599,0.463351,low,6073200.0,465220.0,1661.30062,0.923398,0.738718,6950.765357,8612.065977,8612065.977
H1_value_guard,high_demand_high_stress,103,90,21690,21690,0,1.0,5607980.0,7480.961449,7480961.449,2576.0,0.0,4693.0,211.961449,0.0,907,923,375,304,244,0,0,0,0,0,3610,0.470264,0.496606,0.555874,0.5359,0.997821,1.916314,0.749907,28,0,5580,2762,5940,7380,28,8342,13320,11548,10142,0.626157,2,0,0.676501,1.731588,39.09811,0.463391,low,6073200.0,465220.0,1661.30062,0.923398,0.738718,7480.961449,9142.262069,9142262.069
H1_value_guard,high_demand_high_stress,104,90,21690,21690,0,1.0,5608085.0,7019.358734,7019358.734,2406.5,0.0,4412.2,200.658734,0.0,855,869,342,270,257,0,0,0,0,0,3394,0.467621,0.52366,0.537164,0.544815,0.957645,1.907839,0.752944,31,0,5580,2759,5940,7380,31,8339,13320,11551,10139,0.588194,2,0,0.676508,1.710451,39.091886,0.463476,low,6073200.0,465115.0,1660.925665,0.923415,0.738732,7019.358734,8680.284399,8680284.399
H1_value_guard,high_demand_high_stress,105,90,21690,21690,0,1.0,5608085.0,7338.523444,7338523.444,2534.5,0.0,4596.8,207.223444,0.0,879,898,354,311,233,0,0,0,0,0,3536,0.4813,0.542354,0.540676,0.546907,1.00073,1.848704,0.750759,31,0,5580,2759,5940,7380,31,8339,13320,11551,10139,0.615509,2,0,0.676508,1.714258,39.094652,0.463431,low,6073200.0,465115.0,1660.925665,0.923415,0.738732,7338.523444,8999.449109,8999449.109
H1_value_guard,high_demand_high_stress,106,90,21690,21690,0,1.0,5608015.0,7398.262468,7398262.468,2551.5,0.0,4637.1,209.662468,0.0,888,908,361,308,239,0,0,0,0,0,3567,0.453593,0.470597,0.538238,0.56502,0.994688,1.747836,0.750352,29,0,5580,2761,5940,7380,29,8341,13320,11549,10141,0.620602,2,0,0.676503,1.727198,39.096127,0.463418,low,6073200.0,465185.0,1661.175635,0.923404,0.738723,7398.262468,9059.438103,9059438.103
H1_value_guard,high_demand_high_stress,107,90,21690,21690,0,1.0,5608050.0,6982.223551,6982223.551,2390.0,0.0,4391.4,200.823551,0.0,867,879,389,258,232,0,0,0,0,0,3378,0.455944,0.494041,0.529501,0.575061,0.972834,1.946739,0.753463,30,0,5580,2760,5940,7380,30,8340,13320,11550,10140,0.581713,2,0,0.676506,1.704371,39.094053,0.463447,low,6073200.0,465150.0,1661.05065,0.923409,0.738728,6982.223551,8643.274201,8643274.201
H1_value_guard,high_demand_high_stress,108,90,21690,21690,0,1.0,5607910.0,7716.233687,7716233.687,2643.5,0.0,4852.9,219.833687,0.0,942,968,408,285,275,0,0,0,0,0,3733,0.451748,0.480988,0.547554,0.550192,1.054453,2.116225,0.748278,26,0,5580,2764,5940,7380,26,8344,13320,11546,10144,0.646528,2,0,0.676496,1.745382,39.101798,0.463342,low,6073200.0,465290.0,1661.55059,0.923386,0.738709,7716.233687,9377.784277,9377784.277
H1_value_guard,high_demand_high_stress,109,90,21690,21690,0,1.0,5608015.0,6896.667834,6896667.834,2355.0,0.0,4343.3,198.367834,0.0,859,865,362,249,254,0,0,0,0,0,3341,0.462261,0.497018,0.548451,0.560028,0.947255,1.608784,0.754019,29,0,5580,2761,5940,7380,29,8341,13320,11549,10141,0.574769,2,0,0.676503,1.700766,39.096127,0.463418,low,6073200.0,465185.0,1661.175635,0.923404,0.738723,6896.667834,8557.843469,8557843.469
H1_value_guard,high_demand_high_stress,110,90,21690,21690,0,1.0,5607875.0,8119.450275,8119450.275,2805.0,10.4,5072.6,231.450275,0.0,881,1007,412,329,266,1,1,0,0,1,3902,0.433423,0.486405,0.494972,0.486015,1.097465,2.06887,0.744037,25,0,5580,2765,5940,7380,25,8345,13320,11545,10145,0.697454,2,0,0.676491,1.853773,39.103914,0.463313,low,6073200.0,465325.0,1661.675575,0.923381,0.738704,8119.450275,9781.12585,9781125.85
H2_original,high_demand_high_stress,101,90,21690,21690,0,1.0,5608085.0,6844.102082,6844102.082,2346.0,0.0,4301.7,196.402082,0.0,833,845,325,264,256,0,0,0,0,0,3309,0.448985,0.493585,0.553123,0.524043,0.94495,1.789128,0.75413,31,0,5580,2759,5940,7380,31,8339,13320,11551,10139,0.57338,2,0,0.676508,1.743898,39.091886,0.463476,low,6073200.0,465115.0,1660.925665,0.923415,0.738732,6844.102082,8505.027747,8505027.747
H2_original,high_demand_high_stress,102,90,21690,21690,0,1.0,5608120.0,6889.931855,6889931.855,2356.5,0.0,4335.5,197.931855,0.0,839,855,330,256,269,0,0,0,0,0,3335,0.451951,0.491066,0.554992,0.533999,0.943556,1.737806,0.753741,32,0,5580,2758,5940,7380,32,8338,13320,11552,10138,0.578241,2,0,0.67651,1.744418,39.095159,0.463417,low,6073200.0,465080.0,1660.80068,0.923421,0.738737,6889.931855,8550.732535,8550732.535
H2_original,high_demand_high_stress,103,90,21690,21690,0,1.0,5608085.0,7454.46542,7454465.42,2565.0,0.0,4677.4,212.06542,0.0,900,921,378,301,242,0,0,0,0,0,3598,0.464357,0.519895,0.517653,0.519522,0.997821,1.916314,0.75,31,0,5580,2759,5940,7380,31,8339,13320,11551,10139,0.625,2,0,0.676508,1.781698,39.091886,0.463476,low,6073200.0,465115.0,1660.925665,0.923415,0.738732,7454.46542,9115.391085,9115391.085
H2_original,high_demand_high_stress,104,90,21690,21690,0,1.0,5608085.0,6980.725918,6980725.918,2393.0,0.0,4387.5,200.225918,0.0,856,864,341,269,254,0,0,0,0,0,3375,0.446934,0.498038,0.533825,0.529806,0.957645,1.907839,0.753315,31,0,5580,2759,5940,7380,31,8339,13320,11551,10139,0.583565,2,0,0.676508,1.753476,39.091886,0.463476,low,6073200.0,465115.0,1660.925665,0.923415,0.738732,6980.725918,8641.651583,8641651.583
H2_original,high_demand_high_stress,105,90,21690,21690,0,1.0,5608120.0,7341.057629,7341057.629,2527.5,10.4,4595.5,207.657629,0.0,869,892,344,313,235,1,1,0,0,1,3535,0.448062,0.475889,0.530168,0.550694,1.00073,1.848704,0.750611,32,0,5580,2758,5940,7380,32,8338,13320,11552,10138,0.615278,2,0,0.676508,1.767877,39.093679,0.463447,low,6073200.0,465080.0,1660.80068,0.923421,0.738737,7341.057629,9001.858309,9001858.309
H2_original,high_demand_high_stress,106,90,21690,21690,0,1.0,5608085.0,7411.610313,7411610.313,2558.0,0.0,4643.6,210.010313,0.0,895,908,360,312,236,0,0,0,0,0,3572,0.453166,0.474181,0.559931,0.520253,0.994688,1.747836,0.750389,31,0,5580,2759,5940,7380,31,8339,13320,11551,10139,0.620139,2,0,0.676508,1.779351,39.091886,0.463476,low,6073200.0,465115.0,1660.925665,0.923415,0.738732,7411.610313,9072.535978,9072535.978
H2_original,high_demand_high_stress,107,90,21690,21690,0,1.0,5608085.0,6947.174532,6947174.532,2382.0,0.0,4364.1,201.074532,0.0,866,874,389,261,224,0,0,0,0,0,3357,0.44351,0.479649,0.530495,0.504997,0.972834,1.946739,0.753833,31,0,5580,2759,5940,7380,31,8339,13320,11551,10139,0.577083,2,0,0.676508,1.75339,39.094652,0.463431,low,6073200.0,465115.0,1660.925665,0.923415,0.738732,6947.174532,8608.100197,8608100.197
H2_original,high_demand_high_stress,108,90,21690,21690,0,1.0,5608050.0,7720.661944,7720661.944,2636.0,10.4,4854.2,220.061944,0.0,934,966,413,285,268,1,1,0,0,1,3734,0.445476,0.516167,0.52775,0.512398,1.054453,2.116225,0.74813,30,0,5580,2760,5940,7380,30,8340,13320,11550,10140,0.646296,2,0,0.676504,1.801805,39.095708,0.463428,low,6073200.0,465150.0,1661.05065,0.923409,0.738728,7720.661944,9381.712594,9381712.594
H2_original,high_demand_high_stress,109,90,21690,21690,0,1.0,5608085.0,6897.619014,6897619.014,2353.5,0.0,4344.6,199.519014,0.0,858,866,364,247,255,0,0,0,0,0,3342,0.450917,0.486252,0.517883,0.538344,0.947255,1.608784,0.753963,31,0,5580,2759,5940,7380,31,8339,13320,11551,10139,0.575463,2,0,0.676508,1.751946,39.091886,0.463476,low,6073200.0,465115.0,1660.925665,0.923415,0.738732,6897.619014,8558.544679,8558544.679
H2_original,high_demand_high_stress,110,90,21690,21690,0,1.0,5608050.0,8191.914066,8191914.066,2792.5,52.0,5115.5,231.914066,0.0,870,999,400,330,269,5,5,0,0,5,3935,0.403463,0.443531,0.490416,0.494898,1.097465,2.06887,0.743296,30,0,5580,2760,5940,7380,30,8340,13320,11550,10140,0.69838,2,0,0.676504,1.898176,39.093985,0.463447,low,6073200.0,465150.0,1661.05065,0.923409,0.738728,8191.914066,9852.964716,9852964.716
H2_value_guard,high_demand_high_stress,101,90,21690,21690,0,1.0,5610605.0,6886.215762,6886215.762,2361.0,0.0,4327.7,197.515762,0.0,843,849,327,268,254,0,0,0,0,0,3329,0.45703,0.500477,0.543383,0.516374,0.94495,1.789128,0.753926,76,0,5580,2741,5940,7353,76,8321,13293,11596,10094,0.575926,2,0,0.676588,1.746822,39.088566,0.463781,low,6073200.0,462595.0,1651.926745,0.92383,0.739064,6886.215762,8538.142507,8538142.507
H2_value_guard,high_demand_high_stress,102,90,21690,21690,0,1.0,5610500.0,6883.036705,6883036.705,2356.0,0.0,4329.0,198.036705,0.0,835,854,329,257,268,0,0,0,0,0,3330,0.4449,0.471577,0.556608,0.531428,0.943556,1.737806,0.753759,73,0,5580,2744,5940,7353,73,8324,13293,11593,10097,0.578009,2,0,0.676581,1.744577,39.091194,0.463755,low,6073200.0,462700.0,1652.3017,0.923813,0.73905,6883.036705,8535.338405,8535338.405
H2_value_guard,high_demand_high_stress,103,90,21690,21690,0,1.0,5609345.0,7518.535375,7518535.375,2565.0,31.2,4709.9,212.435375,0.0,898,919,374,303,242,3,3,0,0,3,3623,0.456991,0.522026,0.527139,0.525768,0.997821,1.916314,0.749556,54,0,5580,2749,5940,7367,54,8329,13307,11574,10116,0.624306,2,0,0.676545,1.786118,39.10478,0.463383,low,6073200.0,463855.0,1656.426205,0.923623,0.738898,7518.535375,9174.96158,9174961.58
H2_value_guard,high_demand_high_stress,104,90,21690,21690,0,1.0,5610360.0,7001.291824,7001291.824,2400.5,0.0,4400.5,200.291824,0.0,857,865,340,272,253,0,0,0,0,0,3385,0.461576,0.503501,0.561936,0.505713,0.957645,1.907839,0.753148,73,0,5580,2740,5940,7357,73,8320,13297,11593,10097,0.585648,2,0,0.676585,1.759928,39.091747,0.463673,low,6073200.0,462840.0,1652.80164,0.92379,0.739032,7001.291824,8654.093464,8654093.464
H2_value_guard,high_demand_high_stress,105,90,21690,21690,0,1.0,5609625.0,7268.506024,7268506.024,2507.0,0.0,4555.2,206.306024,0.0,875,890,351,305,234,0,0,0,0,0,3504,0.451996,0.491952,0.518458,0.562695,1.00073,1.848704,0.751278,59,0,5580,2747,5940,7364,59,8327,13304,11579,10111,0.609028,2,0,0.676559,1.767478,39.101107,0.463471,low,6073200.0,463575.0,1655.426325,0.923669,0.738935,7268.506024,8923.932349,8923932.349
H2_value_guard,high_demand_high_stress,106,90,21690,21690,0,1.0,5609975.0,7378.233026,7378233.026,2535.0,10.4,4624.1,208.733026,0.0,889,900,354,308,238,1,1,0,0,1,3557,0.439946,0.492951,0.543956,0.525064,0.994688,1.747836,0.750556,63,0,5580,2749,5940,7358,63,8329,13298,11583,10107,0.616204,2,0,0.676563,1.77219,39.098797,0.463596,low,6073200.0,463225.0,1654.176475,0.923726,0.738981,7378.233026,9032.409501,9032409.501
H2_value_guard,high_demand_high_stress,107,90,21690,21690,0,1.0,5610255.0,6944.694978,6944694.978,2377.5,0.0,4366.7,200.494978,0.0,862,873,387,259,227,0,0,0,0,0,3359,0.451565,0.493394,0.521396,0.530978,0.972834,1.946739,0.753741,69,0,5580,2745,5940,7356,69,8325,13296,11589,10101,0.578241,2,0,0.676575,1.748666,39.095205,0.463658,low,6073200.0,462945.0,1653.176595,0.923772,0.739018,6944.694978,8597.871573,8597871.573
H2_value_guard,high_demand_high_stress,108,90,21690,21690,0,1.0,5608855.0,7719.53515,7719535.15,2636.0,10.4,4852.9,220.23515,0.0,945,966,410,284,272,1,1,0,0,1,3733,0.445277,0.508277,0.526372,0.514264,1.054453,2.116225,0.748352,48,0,5580,2747,5940,7375,48,8327,13315,11568,10122,0.643519,2,0,0.676544,1.802962,39.098889,0.463358,low,6073200.0,464345.0,1658.175995,0.923542,0.738834,7719.53515,9377.711145,9377711.145
H2_value_guard,high_demand_high_stress,109,90,21690,21690,0,1.0,5609765.0,6875.327985,6875327.985,2346.5,0.0,4330.3,198.527985,0.0,857,863,363,247,253,0,0,0,0,0,3331,0.466132,0.509529,0.531258,0.527517,0.947255,1.608784,0.754148,63,0,5580,2743,5940,7364,63,8323,13304,11583,10107,0.573148,2,0,0.676568,1.754147,39.098525,0.463491,low,6073200.0,463435.0,1654.926385,0.923692,0.738953,6875.327985,8530.25437,8530254.37
H2_value_guard,high_demand_high_stress,110,90,21690,21690,0,1.0,5608785.0,8296.620268,8296620.268,2793.0,96.2,5174.0,233.420268,0.0,828,1000,404,330,266,9,7,0,2,9,3980,0.397038,0.47461,0.476973,0.479177,1.097465,2.06887,0.741759,44,0,5580,2753,5940,7373,44,8333,13313,11564,10126,0.70787,2,0,0.676539,1.918064,39.097286,0.463471,low,6073200.0,464415.0,1658.425965,0.92353,0.738824,8296.620268,9955.046233,9955046.233
H0,high_demand_high_stress,101,90,21690,21690,0,1.0,6143305.0,10854.965475,10854965.475,3060.0,867.1,6704.1,223.765475,0.0,360,1080,360,360,360,77,62,12,3,77,5157,0.642291,0.691604,0.8092,0.822831,0.94495,1.789128,0.712519,4077,3883,3883,3890,3853,2104,7960,7773,5957,11813,9877,0.916667,2,0,0.656714,1.271211,46.979509,0.331318,base,6073200.0,0.0,0.0,1.011543,0.809235,10854.965475,10854.965475,10854965.475
H0,high_demand_high_stress,102,90,21690,21690,0,1.0,6142360.0,11563.112015,11563112.015,3060.0,1158.3,7112.3,232.512015,0.0,360,1080,360,360,360,103,75,13,15,103,5471,0.614997,0.723133,0.769725,0.802027,0.943556,1.737806,0.707222,4063,3880,3881,3899,3862,2105,7943,7780,5967,11806,9884,0.916667,2,0,0.656723,1.345641,46.988253,0.331056,base,6073200.0,0.0,0.0,1.011388,0.80911,11563.112015,11563.112015,11563112.015
H0,high_demand_high_stress,103,90,21690,21690,0,1.0,6142430.0,12475.525838,12475525.838,3060.0,1550.9,7611.5,253.125838,0.0,360,1080,360,360,360,130,88,37,5,130,5855,0.59008,0.687281,0.724738,0.823172,0.997821,1.916314,0.700611,4072,3877,3878,3892,3869,2102,7949,7770,5971,11819,9871,0.916667,2,0,0.656786,1.475157,46.953162,0.331695,base,6073200.0,0.0,0.0,1.011399,0.809119,12475.525838,12475.525838,12475525.838
H0,high_demand_high_stress,104,90,21690,21690,0,1.0,6142955.0,11245.816014,11245816.014,3060.0,1028.3,6925.1,232.416014,0.0,360,1080,360,360,360,94,79,8,7,94,5327,0.63095,0.70672,0.775619,0.792164,0.957645,1.907839,0.709722,4072,3881,3880,3897,3863,2097,7953,7777,5960,11815,9875,0.916667,2,0,0.656776,1.385507,46.981592,0.331289,base,6073200.0,0.0,0.0,1.011486,0.809189,11245.816014,11245.816014,11245816.014
H0,high_demand_high_stress,105,90,21690,21690,0,1.0,6142955.0,11958.406652,11958406.652,3060.0,1331.2,7324.2,243.006652,0.0,360,1080,360,360,360,112,77,31,4,112,5634,0.620984,0.719289,0.721839,0.823416,1.00073,1.848704,0.704352,4066,3881,3891,3898,3860,2094,7947,7789,5954,11817,9873,0.916667,2,0,0.656789,1.38878,46.962481,0.331567,base,6073200.0,0.0,0.0,1.011486,0.809189,11958.406652,11958.406652,11958406.652
H0,high_demand_high_stress,106,90,21690,21690,0,1.0,6143585.0,10914.613859,10914613.859,3060.0,894.4,6727.5,232.713859,0.0,360,1080,360,360,360,72,41,27,4,72,5175,0.645036,0.713702,0.729562,0.83198,0.994688,1.747836,0.712074,4074,3882,3885,3904,3849,2096,7956,7789,5945,11808,9882,0.916667,2,0,0.656742,1.481097,46.97004,0.331389,base,6073200.0,0.0,0.0,1.011589,0.809272,10914.613859,10914.613859,10914613.859
H0,high_demand_high_stress,107,90,21690,21690,0,1.0,6143445.0,12039.649106,12039649.106,3060.0,1374.1,7363.2,242.349106,0.0,360,1080,360,360,360,123,95,15,13,123,5664,0.59389,0.662747,0.775604,0.809229,0.972834,1.946739,0.703981,4087,3879,3874,3891,3884,2075,7966,7765,5959,11845,9845,0.916667,2,0,0.65685,1.458124,46.939666,0.331987,base,6073200.0,0.0,0.0,1.011566,0.809253,12039.649106,12039.649106,12039649.106
H0,high_demand_high_stress,108,90,21690,21690,0,1.0,6141170.0,13370.851362,13370851.362,3060.0,1933.1,8113.3,264.451362,0.0,360,1080,360,360,360,167,115,33,19,167,6241,0.551637,0.650788,0.715144,0.796921,1.054453,2.116225,0.69413,4042,3874,3895,3905,3886,2088,7916,7800,5974,11823,9867,0.916667,2,0,0.656853,1.562946,46.959235,0.331555,base,6073200.0,0.0,0.0,1.011192,0.808953,13370.851362,13370.851362,13370851.362
H0,high_demand_high_stress,109,90,21690,21690,0,1.0,6142710.0,10745.154479,10745154.479,3060.0,822.9,6639.1,223.154479,0.0,360,1080,360,360,360,77,72,4,1,77,5107,0.650502,0.732531,0.785418,0.828351,0.947255,1.608784,0.713463,4061,3882,3887,3903,3863,2094,7943,7790,5957,11811,9879,0.916667,2,0,0.656816,1.366247,46.972389,0.331408,base,6073200.0,0.0,0.0,1.011445,0.809156,10745.154479,10745.154479,10745154.479
H0,high_demand_high_stress,110,90,21690,21690,0,1.0,6143515.0,13341.427499,13341427.499,3060.0,1924.0,8091.2,266.227499,0.0,360,1080,360,360,360,161,104,45,12,161,6224,0.556677,0.684046,0.675958,0.829242,1.097465,2.06887,0.694333,4065,3907,3873,3882,3869,2094,7972,7755,5963,11807,9883,0.916667,2,0,0.656739,1.54082,46.967231,0.331453,base,6073200.0,0.0,0.0,1.011578,0.809262,13341.427499,13341.427499,13341427.499
H_TIME,high_demand_high_stress,101,90,21690,21690,0,1.0,6142745.0,10373.62978,10373629.78,3026.0,716.3,6407.7,223.62978,0.0,356,1068,356,356,356,67,61,3,3,67,4929,0.587618,0.725566,0.744859,0.771505,0.94495,1.789128,0.716463,4073,3880,3891,3880,3860,2106,7953,7771,5966,11824,9866,0.902778,2,0,0.656796,1.49388,46.991956,0.331203,base,6073200.0,0.0,0.0,1.011451,0.809161,10373.62978,10373.62978,10373629.78
H_TIME,high_demand_high_stress,102,90,21690,21690,0,1.0,6141870.0,11101.34565,11101345.65,3026.0,1024.4,6818.5,232.44565,0.0,356,1068,356,356,356,94,73,5,16,94,5245,0.606499,0.734495,0.701515,0.823827,0.943556,1.737806,0.711111,4072,3868,3898,3874,3867,2111,7940,7772,5978,11837,9853,0.902778,2,0,0.656828,1.559176,46.997016,0.33119,base,6073200.0,0.0,0.0,1.011307,0.809046,11101.34565,11101.34565,11101345.65
H_TIME,high_demand_high_stress,103,90,21690,21690,0,1.0,6142010.0,12168.41916,12168419.16,3026.0,1467.7,7421.7,253.01916,0.0,356,1068,356,356,356,128,92,23,13,128,5709,0.546458,0.721843,0.642817,0.810571,0.997821,1.916314,0.703185,4064,3884,3890,3870,3875,2107,7948,7760,5982,11829,9861,0.902778,2,0,0.656836,1.650329,46.983546,0.331262,base,6073200.0,0.0,0.0,1.01133,0.809064,12168.41916,12168.41916,12168419.16
H_TIME,high_demand_high_stress,104,90,21690,21690,0,1.0,6142570.0,11046.728526,11046728.526,3026.0,997.1,6791.2,232.428526,0.0,356,1068,356,356,356,92,79,6,7,92,5224,0.58722,0.727584,0.723501,0.775929,0.957645,1.907839,0.7115,4071,3882,3887,3879,3871,2100,7953,7766,5971,11829,9861,0.902778,2,0,0.656835,1.581108,46.990405,0.331236,base,6073200.0,0.0,0.0,1.011422,0.809138,11046.728526,11046.728526,11046728.526
H_TIME,high_demand_high_stress,105,90,21690,21690,0,1.0,6142115.0,11549.784394,11549784.394,3026.0,1199.9,7081.1,242.784394,0.0,356,1068,356,356,356,103,70,22,11,103,5447,0.571185,0.72131,0.683088,0.847457,1.00073,1.848704,0.707574,4047,3899,3885,3882,3884,2093,7946,7767,5977,11816,9874,0.902778,2,0,0.656804,1.608831,46.980911,0.331133,base,6073200.0,0.0,0.0,1.011347,0.809078,11549.784394,11549.784394,11549784.394
H_TIME,high_demand_high_stress,106,90,21690,21690,0,1.0,6143235.0,10419.00538,10419005.38,3026.0,709.8,6450.6,232.60538,0.0,356,1068,356,356,356,60,39,15,6,60,4962,0.578689,0.717782,0.631241,0.789877,0.994688,1.747836,0.715778,4060,3894,3886,3897,3851,2102,7954,7783,5953,11797,9893,0.902778,2,0,0.656712,1.578597,47.01177,0.330674,base,6073200.0,0.0,0.0,1.011532,0.809225,10419.00538,10419.00538,10419005.38
H_TIME,high_demand_high_stress,107,90,21690,21690,0,1.0,6142360.0,11869.256618,11869256.618,3026.0,1350.7,7250.1,242.456618,0.0,356,1068,356,356,356,122,98,13,11,122,5577,0.564705,0.71069,0.700754,0.789517,0.972834,1.946739,0.7055,4075,3878,3880,3880,3881,2096,7953,7760,5977,11836,9854,0.902778,2,0,0.656852,1.6457,46.977169,0.331452,base,6073200.0,0.0,0.0,1.011388,0.80911,11869.256618,11869.256618,11869256.618
H_TIME,high_demand_high_stress,108,90,21690,21690,0,1.0,6141135.0,12889.683786,12889683.786,3026.0,1773.2,7826.0,264.483786,0.0,356,1068,356,356,356,158,115,19,24,158,6020,0.57445,0.659166,0.696427,0.827682,1.054453,2.116225,0.698,4051,3872,3897,3888,3885,2097,7923,7785,5982,11833,9857,0.902778,2,0,0.65692,1.693724,46.968922,0.331437,base,6073200.0,0.0,0.0,1.011186,0.808949,12889.683786,12889.683786,12889683.786
H_TIME,high_demand_high_stress,109,90,21690,21690,0,1.0,6142045.0,10521.164387,10521164.387,3026.0,770.9,6501.3,222.964387,0.0,356,1068,356,356,356,72,67,4,1,72,5001,0.627227,0.661482,0.801674,0.83278,0.947255,1.608784,0.715278,4055,3887,3880,3893,3878,2097,7942,7773,5975,11813,9877,0.902778,2,0,0.656802,1.466704,47.005652,0.33082,base,6073200.0,0.0,0.0,1.011336,0.809069,10521.164387,10521.164387,10521164.387
H_TIME,high_demand_high_stress,110,90,21690,21690,0,1.0,6144705.0,13052.85553,13052855.53,3026.0,1860.3,7900.1,266.45553,0.0,356,1068,356,356,356,158,102,37,19,158,6077,0.54912,0.678072,0.661286,0.792163,1.097465,2.06887,0.696852,4074,3920,3879,3866,3851,2100,7994,7745,5951,11804,9886,0.902778,2,0,0.656743,1.731038,46.973543,0.33139,base,6073200.0,0.0,0.0,1.011774,0.809419,13052.85553,13052.85553,13052855.53
H1,high_demand_high_stress,101,90,21690,21690,0,1.0,5607280.0,6833.489784,6833489.784,2342.5,0.0,4295.2,195.789784,0.0,835,844,324,263,257,0,0,0,0,0,3304,0.471422,0.496349,0.53874,0.56807,0.94495,1.789128,0.754241,8,0,4964,3398,5940,7380,8,8362,13320,10912,10778,0.571991,2,0,0.674174,1.694947,39.961088,0.445446,base,6073200.0,465920.0,3328.06656,0.923283,0.738626,6833.489784,10161.556344,10161556.344
H1,high_demand_high_stress,102,90,21690,21690,0,1.0,5607280.0,6983.24002,6983240.02,2384.5,0.0,4399.2,199.54002,0.0,854,865,333,259,273,0,0,0,0,0,3384,0.473109,0.482079,0.560996,0.565271,0.943556,1.737806,0.753148,8,0,4763,3599,5940,7380,8,8362,13320,10711,10979,0.585648,2,0,0.67343,1.697194,40.118073,0.441472,base,6073200.0,465920.0,3328.06656,0.923283,0.738626,6983.24002,10311.30658,10311306.58
H1,high_demand_high_stress,103,90,21690,21690,0,1.0,5607350.0,7465.467847,7465467.847,2570.0,0.0,4683.9,211.567847,0.0,898,921,374,303,244,0,0,0,0,0,3603,0.451407,0.479963,0.545868,0.561683,0.997821,1.916314,0.74987,10,0,4968,3392,5940,7380,10,8360,13320,10918,10772,0.62662,2,0,0.674194,1.732798,39.896081,0.446455,base,6073200.0,465850.0,3327.56655,0.923294,0.738635,7465.467847,10793.034397,10793034.397
H1,high_demand_high_stress,104,90,21690,21690,0,1.0,5607490.0,7063.941466,7063941.466,2416.5,10.4,4435.6,201.441466,0.0,855,870,342,275,253,1,1,0,0,1,3412,0.465916,0.529083,0.54598,0.520361,0.957645,1.907839,0.75263,14,0,4888,3468,5940,7380,14,8356,13320,10842,10848,0.590046,2,0,0.673908,1.705972,39.980499,0.444556,base,6073200.0,465710.0,3326.56653,0.923317,0.738654,7063.941466,10390.507996,10390507.996
H1,high_demand_high_stress,105,90,21690,21690,0,1.0,5607490.0,7394.363436,7394363.436,2542.5,10.4,4633.2,208.263436,0.0,887,900,354,313,233,1,1,0,0,1,3564,0.474025,0.502012,0.560025,0.537395,1.00073,1.848704,0.750407,14,0,4980,3376,5940,7380,14,8356,13320,10934,10756,0.617824,2,0,0.674246,1.71786,39.848693,0.447264,base,6073200.0,465710.0,3326.56653,0.923317,0.738654,7394.363436,10720.929966,10720929.966
H1,high_demand_high_stress,106,90,21690,21690,0,1.0,5607455.0,7406.585132,7406585.132,2551.5,0.0,4646.2,208.885132,0.0,898,908,361,308,239,0,0,0,0,0,3574,0.475821,0.53006,0.546953,0.55567,0.994688,1.747836,0.750407,13,0,4945,3412,5940,7380,13,8357,13320,10898,10792,0.619907,2,0,0.674115,1.724523,39.888197,0.446404,base,6073200.0,465745.0,3326.816535,0.923311,0.738649,7406.585132,10733.401667,10733401.667
H1,high_demand_high_stress,107,90,21690,21690,0,1.0,5607280.0,7020.828371,7020828.371,2404.0,0.0,4414.8,202.028371,0.0,875,885,394,259,232,0,0,0,0,0,3396,0.469282,0.511423,0.539245,0.541596,0.972834,1.946739,0.753278,8,0,4961,3401,5940,7380,8,8362,13320,10909,10781,0.584028,2,0,0.674163,1.703125,39.854541,0.447044,base,6073200.0,465920.0,3328.06656,0.923283,0.738626,7020.828371,10348.894931,10348894.931
H1,high_demand_high_stress,108,90,21690,21690,0,1.0,5607420.0,7704.290906,7704290.906,2640.5,0.0,4843.8,219.990906,0.0,940,968,411,284,273,0,0,0,0,0,3726,0.448312,0.49565,0.523772,0.550203,1.054453,2.116225,0.74837,12,0,4731,3627,5940,7380,12,8358,13320,10683,11007,0.64537,2,0,0.673321,1.754927,40.179115,0.44027,base,6073200.0,465780.0,3327.06654,0.923306,0.738645,7704.290906,11031.357446,11031357.446
H1,high_demand_high_stress,109,90,21690,21690,0,1.0,5607455.0,6855.304316,6855304.316,2343.0,0.0,4314.7,197.604316,0.0,843,860,361,249,250,0,0,0,0,0,3319,0.458662,0.48489,0.5649,0.531438,0.947255,1.608784,0.754111,13,0,4962,3395,5940,7380,13,8357,13320,10915,10775,0.573611,2,0,0.674178,1.702704,39.928585,0.445929,base,6073200.0,465745.0,3326.816535,0.923311,0.738649,6855.304316,10182.120851,10182120.851
H1,high_demand_high_stress,110,90,21690,21690,0,1.0,5607455.0,8213.559206,8213559.206,2805.5,52.0,5123.3,232.759206,0.0,855,1003,403,333,267,5,5,0,0,5,3941,0.388256,0.420714,0.511072,0.485028,1.097465,2.06887,0.742907,13,0,4673,3684,5940,7380,13,8357,13320,10626,11064,0.703241,2,0,0.673118,1.861598,40.172805,0.439918,base,6073200.0,465745.0,3326.816535,0.923311,0.738649,8213.559206,11540.375741,11540375.741
H2,high_demand_high_stress,101,90,21690,21690,0,1.0,5608085.0,6844.102082,6844102.082,2346.0,0.0,4301.7,196.402082,0.0,833,845,325,264,256,0,0,0,0,0,3309,0.448985,0.493585,0.553123,0.524043,0.94495,1.789128,0.75413,31,0,5580,2759,5940,7380,31,8339,13320,11551,10139,0.57338,2,0,0.676508,1.743898,39.091886,0.463476,base,6073200.0,465115.0,3322.316445,0.923415,0.738732,6844.102082,10166.418527,10166418.527
H2,high_demand_high_stress,102,90,21690,21690,0,1.0,5608120.0,6889.931855,6889931.855,2356.5,0.0,4335.5,197.931855,0.0,839,855,330,256,269,0,0,0,0,0,3335,0.451951,0.491066,0.554992,0.533999,0.943556,1.737806,0.753741,32,0,5580,2758,5940,7380,32,8338,13320,11552,10138,0.578241,2,0,0.67651,1.744418,39.095159,0.463417,base,6073200.0,465080.0,3322.06644,0.923421,0.738737,6889.931855,10211.998295,10211998.295
H2,high_demand_high_stress,103,90,21690,21690,0,1.0,5608085.0,7454.46542,7454465.42,2565.0,0.0,4677.4,212.06542,0.0,900,921,378,301,242,0,0,0,0,0,3598,0.464357,0.519895,0.517653,0.519522,0.997821,1.916314,0.75,31,0,5580,2759,5940,7380,31,8339,13320,11551,10139,0.625,2,0,0.676508,1.781698,39.091886,0.463476,base,6073200.0,465115.0,3322.316445,0.923415,0.738732,7454.46542,10776.781865,10776781.865
H2,high_demand_high_stress,104,90,21690,21690,0,1.0,5608085.0,6980.725918,6980725.918,2393.0,0.0,4387.5,200.225918,0.0,856,864,341,269,254,0,0,0,0,0,3375,0.446934,0.498038,0.533825,0.529806,0.957645,1.907839,0.753315,31,0,5580,2759,5940,7380,31,8339,13320,11551,10139,0.583565,2,0,0.676508,1.753476,39.091886,0.463476,base,6073200.0,465115.0,3322.316445,0.923415,0.738732,6980.725918,10303.042363,10303042.363
H2,high_demand_high_stress,105,90,21690,21690,0,1.0,5608120.0,7341.057629,7341057.629,2527.5,10.4,4595.5,207.657629,0.0,869,892,344,313,235,1,1,0,0,1,3535,0.448062,0.475889,0.530168,0.550694,1.00073,1.848704,0.750611,32,0,5580,2758,5940,7380,32,8338,13320,11552,10138,0.615278,2,0,0.676508,1.767877,39.093679,0.463447,base,6073200.0,465080.0,3322.06644,0.923421,0.738737,7341.057629,10663.124069,10663124.069
H2,high_demand_high_stress,106,90,21690,21690,0,1.0,5608085.0,7411.610313,7411610.313,2558.0,0.0,4643.6,210.010313,0.0,895,908,360,312,236,0,0,0,0,0,3572,0.453166,0.474181,0.559931,0.520253,0.994688,1.747836,0.750389,31,0,5580,2759,5940,7380,31,8339,13320,11551,10139,0.620139,2,0,0.676508,1.779351,39.091886,0.463476,base,6073200.0,465115.0,3322.316445,0.923415,0.738732,7411.610313,10733.926758,10733926.758
H2,high_demand_high_stress,107,90,21690,21690,0,1.0,5608085.0,6947.174532,6947174.532,2382.0,0.0,4364.1,201.074532,0.0,866,874,389,261,224,0,0,0,0,0,3357,0.44351,0.479649,0.530495,0.504997,0.972834,1.946739,0.753833,31,0,5580,2759,5940,7380,31,8339,13320,11551,10139,0.577083,2,0,0.676508,1.75339,39.094652,0.463431,base,6073200.0,465115.0,3322.316445,0.923415,0.738732,6947.174532,10269.490977,10269490.977
H2,high_demand_high_stress,108,90,21690,21690,0,1.0,5608050.0,7720.661944,7720661.944,2636.0,10.4,4854.2,220.061944,0.0,934,966,413,285,268,1,1,0,0,1,3734,0.445476,0.516167,0.52775,0.512398,1.054453,2.116225,0.74813,30,0,5580,2760,5940,7380,30,8340,13320,11550,10140,0.646296,2,0,0.676504,1.801805,39.095708,0.463428,base,6073200.0,465150.0,3322.56645,0.923409,0.738728,7720.661944,11043.228394,11043228.394
H2,high_demand_high_stress,109,90,21690,21690,0,1.0,5608085.0,6897.619014,6897619.014,2353.5,0.0,4344.6,199.519014,0.0,858,866,364,247,255,0,0,0,0,0,3342,0.450917,0.486252,0.517883,0.538344,0.947255,1.608784,0.753963,31,0,5580,2759,5940,7380,31,8339,13320,11551,10139,0.575463,2,0,0.676508,1.751946,39.091886,0.463476,base,6073200.0,465115.0,3322.316445,0.923415,0.738732,6897.619014,10219.935459,10219935.459
H2,high_demand_high_stress,110,90,21690,21690,0,1.0,5608050.0,8191.914066,8191914.066,2792.5,52.0,5115.5,231.914066,0.0,870,999,400,330,269,5,5,0,0,5,3935,0.403463,0.443531,0.490416,0.494898,1.097465,2.06887,0.743296,30,0,5580,2760,5940,7380,30,8340,13320,11550,10140,0.69838,2,0,0.676504,1.898176,39.093985,0.463447,base,6073200.0,465150.0,3322.56645,0.923409,0.738728,8191.914066,11514.480516,11514480.516
H3,high_demand_high_stress,101,90,21690,21690,0,1.0,5874750.0,7592.16826,7592168.26,2601.5,0.0,4782.7,207.96826,0.0,916,956,408,277,271,0,0,0,0,0,3679,0.67712,0.724558,0.715798,0.72992,0.94495,1.789128,0.748796,5220,0,5580,0,5940,4950,5220,5580,10890,16740,4950,0.640046,2,0,0.686426,1.796664,36.929461,0.514887,base,6073200.0,198450.0,1417.52835,0.967324,0.773859,7592.16826,9009.69661,9009696.61
H3,high_demand_high_stress,102,90,21690,21690,0,1.0,5874750.0,7887.551207,7887551.207,2714.5,0.0,4958.2,214.851207,0.0,916,982,399,306,277,0,0,0,0,0,3814,0.677283,0.735562,0.713783,0.707574,0.943556,1.737806,0.746296,5220,0,5580,0,5940,4950,5220,5580,10890,16740,4950,0.671296,2,0,0.686426,1.815494,36.929461,0.514887,base,6073200.0,198450.0,1417.52835,0.967324,0.773859,7887.551207,9305.079557,9305079.557
H3,high_demand_high_stress,103,90,21690,21690,0,1.0,5874750.0,8624.447778,8624447.778,2957.5,58.5,5374.2,234.247778,0.0,737,1057,438,356,263,5,3,1,1,5,4134,0.629547,0.708153,0.669476,0.668719,0.997821,1.916314,0.737148,5220,0,5580,0,5940,4950,5220,5580,10890,16740,4950,0.773148,2,0,0.686422,2.004187,36.929569,0.51491,base,6073200.0,198450.0,1417.52835,0.967324,0.773859,8624.447778,10041.976128,10041976.128
H3,high_demand_high_stress,104,90,21690,21690,0,1.0,5874750.0,7882.893823,7882893.823,2712.5,0.0,4954.3,216.093823,0.0,917,996,428,291,277,0,0,0,0,0,3811,0.667009,0.741491,0.72023,0.709528,0.957645,1.907839,0.74637,5220,0,5580,0,5940,4950,5220,5580,10890,16740,4950,0.67037,2,0,0.686426,1.811869,36.929461,0.514887,base,6073200.0,198450.0,1417.52835,0.967324,0.773859,7882.893823,9300.422173,9300422.173
H3,high_demand_high_stress,105,90,21690,21690,0,1.0,5874750.0,8308.668402,8308668.402,2880.0,0.0,5202.6,226.068402,0.0,908,1036,428,336,272,0,0,0,0,0,4002,0.669594,0.719425,0.711324,0.72482,1.00073,1.848704,0.742667,5220,0,5580,0,5940,4950,5220,5580,10890,16740,4950,0.716667,2,0,0.686426,1.863988,36.929461,0.514887,base,6073200.0,198450.0,1417.52835,0.967324,0.773859,8308.668402,9726.196752,9726196.752
H3,high_demand_high_stress,106,90,21690,21690,0,1.0,5874750.0,8034.018024,8034018.024,2782.5,0.0,5034.9,216.618024,0.0,893,979,368,346,265,0,0,0,0,0,3873,0.679754,0.724549,0.7039,0.722474,0.994688,1.747836,0.744778,5220,0,5580,0,5940,4950,5220,5580,10890,16740,4950,0.690278,2,0,0.686426,1.834018,36.929461,0.514887,base,6073200.0,198450.0,1417.52835,0.967324,0.773859,8034.018024,9451.546374,9451546.374
H3,high_demand_high_stress,107,90,21690,21690,0,1.0,5874750.0,8206.900539,8206900.539,2832.5,0.0,5149.3,225.100539,0.0,951,1044,473,306,265,0,0,0,0,0,3961,0.669603,0.71496,0.719409,0.729286,0.972834,1.946739,0.744222,5220,0,5580,0,5940,4950,5220,5580,10890,16740,4950,0.697222,2,0,0.686426,1.840058,36.929461,0.514887,base,6073200.0,198450.0,1417.52835,0.967324,0.773859,8206.900539,9624.428889,9624428.889
H3,high_demand_high_stress,108,90,21690,21690,0,1.0,5874750.0,8977.502912,8977502.912,2969.0,191.1,5574.4,243.002912,0.0,706,1082,456,328,298,18,15,0,3,18,4288,0.618396,0.667644,0.648889,0.656917,1.054453,2.116225,0.733963,5220,0,5580,0,5940,4950,5220,5580,10890,16740,4950,0.78588,2,0,0.686427,2.050115,36.92717,0.514941,base,6073200.0,198450.0,1417.52835,0.967324,0.773859,8977.502912,10395.031262,10395031.262
H3,high_demand_high_stress,109,90,21690,21690,0,1.0,5874750.0,7537.712769,7537712.769,2588.5,0.0,4742.4,206.812769,0.0,897,955,423,275,257,0,0,0,0,0,3648,0.694572,0.73436,0.703418,0.762292,0.947255,1.608784,0.749019,5220,0,5580,0,5940,4950,5220,5580,10890,16740,4950,0.637269,2,0,0.686426,1.792886,36.929461,0.514887,base,6073200.0,198450.0,1417.52835,0.967324,0.773859,7537.712769,8955.241119,8955241.119
H3,high_demand_high_stress,110,90,21690,21690,0,1.0,5874750.0,9558.114074,9558114.074,2992.5,425.1,5891.6,248.914074,0.0,686,1073,451,357,265,35,15,9,11,35,4532,0.602984,0.636005,0.669238,0.66174,1.097465,2.06887,0.72937,5220,0,5580,0,5940,4950,5220,5580,10890,16740,4950,0.792593,2,0,0.6864,2.040585,36.940066,0.514736,base,6073200.0,198450.0,1417.52835,0.967324,0.773859,9558.114074,10975.642424,10975642.424
H4,high_demand_high_stress,101,90,21690,21690,0,1.0,6035400.0,7964.434739,7964434.739,2743.0,0.0,5003.7,217.734739,0.0,929,1007,440,297,270,0,0,0,0,0,3849,0.681657,0.734289,0.711103,0.756306,0.94495,1.789128,0.745889,2970,3870,2970,3960,2970,4950,6840,6930,7920,8910,12780,0.676389,2,0,0.648618,1.879966,49.60166,0.281989,base,6073200.0,37800.0,270.0054,0.993776,0.795021,7964.434739,8234.440139,8234440.139
H4,high_demand_high_stress,102,90,21690,21690,0,1.0,6035400.0,8255.118868,8255118.868,2866.5,0.0,5163.6,225.018868,0.0,916,1034,430,331,273,0,0,0,0,0,3972,0.676824,0.729208,0.750202,0.692133,0.943556,1.737806,0.74337,2970,3870,2970,3960,2970,4950,6840,6930,7920,8910,12780,0.70787,2,0,0.648618,1.908939,49.60166,0.281989,base,6073200.0,37800.0,270.0054,0.993776,0.795021,8255.118868,8525.124268,8525124.268
H4,high_demand_high_stress,103,90,21690,21690,0,1.0,6035750.0,9409.67829,9409678.29,3001.5,364.0,5798.0,246.17829,0.0,597,1056,420,381,255,34,29,1,4,34,4460,0.594537,0.614348,0.654098,0.642027,0.997821,1.916314,0.729056,2963,3886,2966,3956,2977,4942,6849,6922,7919,8906,12784,0.811806,2,0,0.648591,2.181749,49.595885,0.282014,base,6073200.0,37450.0,267.50535,0.993834,0.795067,9409.67829,9677.18364,9677183.64
H4,high_demand_high_stress,104,90,21690,21690,0,1.0,6035400.0,8280.650718,8280650.718,2859.5,0.0,5194.8,226.350718,0.0,930,1047,458,314,275,0,0,0,0,0,3996,0.676895,0.709904,0.733164,0.724814,0.957645,1.907839,0.743185,2970,3870,2970,3960,2970,4950,6840,6930,7920,8910,12780,0.710185,2,0,0.648618,1.935425,49.60166,0.281989,base,6073200.0,37800.0,270.0054,0.993776,0.795021,8280.650718,8550.656118,8550656.118
H4,high_demand_high_stress,105,90,21690,21690,0,1.0,6035855.0,8697.716212,8697716.212,2991.5,72.8,5396.3,237.116212,0.0,745,1070,444,359,267,7,7,0,0,7,4151,0.636155,0.650975,0.695937,0.690524,1.00073,1.848704,0.737019,2970,3877,2970,3959,2966,4948,6847,6929,7914,8906,12784,0.772685,2,0,0.648596,2.067469,49.602756,0.281959,base,6073200.0,37345.0,266.755335,0.993851,0.795081,8697.716212,8964.471547,8964471.547
H4,high_demand_high_stress,106,90,21690,21690,0,1.0,6035400.0,8408.792253,8408792.253,2935.0,0.0,5246.8,226.992253,0.0,877,1030,396,372,262,0,0,0,0,0,4036,0.674813,0.720873,0.720866,0.711969,0.994688,1.747836,0.741463,2970,3870,2970,3960,2970,4950,6840,6930,7920,8910,12780,0.731713,2,0,0.648618,1.957064,49.60166,0.281989,base,6073200.0,37800.0,270.0054,0.993776,0.795021,8408.792253,8678.797653,8678797.653
H4,high_demand_high_stress,107,90,21690,21690,0,1.0,6035470.0,8534.413941,8534413.941,2972.0,10.4,5315.7,236.313941,0.0,807,1094,507,327,260,1,1,0,0,1,4089,0.658198,0.705845,0.702756,0.694192,0.972834,1.946739,0.739204,2970,3871,2970,3960,2969,4950,6841,6930,7919,8909,12781,0.75787,2,0,0.648615,2.041588,49.600894,0.281995,base,6073200.0,37730.0,269.50539,0.993787,0.79503,8534.413941,8803.919331,8803919.331
H4,high_demand_high_stress,108,90,21690,21690,0,1.0,6035470.0,9952.545023,9952545.023,2998.5,591.5,6107.4,255.145023,0.0,592,1075,428,350,297,56,52,1,3,56,4698,0.598614,0.6219,0.652953,0.660811,1.054453,2.116225,0.724963,2960,3889,2962,3952,2985,4942,6849,6914,7927,8907,12783,0.817824,2,0,0.648588,2.223756,49.594178,0.282033,base,6073200.0,37730.0,269.50539,0.993787,0.79503,9952.545023,10222.050413,10222050.413
H4,high_demand_high_stress,109,90,21690,21690,0,1.0,6035400.0,7916.768469,7916768.469,2730.0,0.0,4969.9,216.868469,0.0,918,1004,454,298,252,0,0,0,0,0,3823,0.683731,0.711471,0.73389,0.730023,0.947255,1.608784,0.746167,2970,3870,2970,3960,2970,4950,6840,6930,7920,8910,12780,0.672917,2,0,0.648618,1.888289,49.60166,0.281989,base,6073200.0,37800.0,270.0054,0.993776,0.795021,7916.768469,8186.773869,8186773.869
H4,high_demand_high_stress,110,90,21690,21690,0,1.0,6036135.0,10546.628499,10546628.499,3018.0,841.1,6425.9,261.628499,0.0,561,1054,398,388,268,78,67,4,7,78,4943,0.557065,0.611736,0.606724,0.634688,1.097465,2.06887,0.720222,2955,3907,2961,3946,2988,4933,6862,6907,7921,8904,12786,0.827778,2,0,0.648579,2.246359,49.595305,0.282006,base,6073200.0,37065.0,264.755295,0.993897,0.795118,10546.628499,10811.383794,10811383.794
H1_original,high_demand_high_stress,101,90,21690,21690,0,1.0,5607280.0,6833.489784,6833489.784,2342.5,0.0,4295.2,195.789784,0.0,835,844,324,263,257,0,0,0,0,0,3304,0.471422,0.496349,0.53874,0.56807,0.94495,1.789128,0.754241,8,0,4964,3398,5940,7380,8,8362,13320,10912,10778,0.571991,2,0,0.674174,1.694947,39.961088,0.445446,base,6073200.0,465920.0,3328.06656,0.923283,0.738626,6833.489784,10161.556344,10161556.344
H1_original,high_demand_high_stress,102,90,21690,21690,0,1.0,5607280.0,6983.24002,6983240.02,2384.5,0.0,4399.2,199.54002,0.0,854,865,333,259,273,0,0,0,0,0,3384,0.473109,0.482079,0.560996,0.565271,0.943556,1.737806,0.753148,8,0,4763,3599,5940,7380,8,8362,13320,10711,10979,0.585648,2,0,0.67343,1.697194,40.118073,0.441472,base,6073200.0,465920.0,3328.06656,0.923283,0.738626,6983.24002,10311.30658,10311306.58
H1_original,high_demand_high_stress,103,90,21690,21690,0,1.0,5607350.0,7465.467847,7465467.847,2570.0,0.0,4683.9,211.567847,0.0,898,921,374,303,244,0,0,0,0,0,3603,0.451407,0.479963,0.545868,0.561683,0.997821,1.916314,0.74987,10,0,4968,3392,5940,7380,10,8360,13320,10918,10772,0.62662,2,0,0.674194,1.732798,39.896081,0.446455,base,6073200.0,465850.0,3327.56655,0.923294,0.738635,7465.467847,10793.034397,10793034.397
H1_original,high_demand_high_stress,104,90,21690,21690,0,1.0,5607490.0,7063.941466,7063941.466,2416.5,10.4,4435.6,201.441466,0.0,855,870,342,275,253,1,1,0,0,1,3412,0.465916,0.529083,0.54598,0.520361,0.957645,1.907839,0.75263,14,0,4888,3468,5940,7380,14,8356,13320,10842,10848,0.590046,2,0,0.673908,1.705972,39.980499,0.444556,base,6073200.0,465710.0,3326.56653,0.923317,0.738654,7063.941466,10390.507996,10390507.996
H1_original,high_demand_high_stress,105,90,21690,21690,0,1.0,5607490.0,7394.363436,7394363.436,2542.5,10.4,4633.2,208.263436,0.0,887,900,354,313,233,1,1,0,0,1,3564,0.474025,0.502012,0.560025,0.537395,1.00073,1.848704,0.750407,14,0,4980,3376,5940,7380,14,8356,13320,10934,10756,0.617824,2,0,0.674246,1.71786,39.848693,0.447264,base,6073200.0,465710.0,3326.56653,0.923317,0.738654,7394.363436,10720.929966,10720929.966
H1_original,high_demand_high_stress,106,90,21690,21690,0,1.0,5607455.0,7406.585132,7406585.132,2551.5,0.0,4646.2,208.885132,0.0,898,908,361,308,239,0,0,0,0,0,3574,0.475821,0.53006,0.546953,0.55567,0.994688,1.747836,0.750407,13,0,4945,3412,5940,7380,13,8357,13320,10898,10792,0.619907,2,0,0.674115,1.724523,39.888197,0.446404,base,6073200.0,465745.0,3326.816535,0.923311,0.738649,7406.585132,10733.401667,10733401.667
H1_original,high_demand_high_stress,107,90,21690,21690,0,1.0,5607280.0,7020.828371,7020828.371,2404.0,0.0,4414.8,202.028371,0.0,875,885,394,259,232,0,0,0,0,0,3396,0.469282,0.511423,0.539245,0.541596,0.972834,1.946739,0.753278,8,0,4961,3401,5940,7380,8,8362,13320,10909,10781,0.584028,2,0,0.674163,1.703125,39.854541,0.447044,base,6073200.0,465920.0,3328.06656,0.923283,0.738626,7020.828371,10348.894931,10348894.931
H1_original,high_demand_high_stress,108,90,21690,21690,0,1.0,5607420.0,7704.290906,7704290.906,2640.5,0.0,4843.8,219.990906,0.0,940,968,411,284,273,0,0,0,0,0,3726,0.448312,0.49565,0.523772,0.550203,1.054453,2.116225,0.74837,12,0,4731,3627,5940,7380,12,8358,13320,10683,11007,0.64537,2,0,0.673321,1.754927,40.179115,0.44027,base,6073200.0,465780.0,3327.06654,0.923306,0.738645,7704.290906,11031.357446,11031357.446
H1_original,high_demand_high_stress,109,90,21690,21690,0,1.0,5607455.0,6855.304316,6855304.316,2343.0,0.0,4314.7,197.604316,0.0,843,860,361,249,250,0,0,0,0,0,3319,0.458662,0.48489,0.5649,0.531438,0.947255,1.608784,0.754111,13,0,4962,3395,5940,7380,13,8357,13320,10915,10775,0.573611,2,0,0.674178,1.702704,39.928585,0.445929,base,6073200.0,465745.0,3326.816535,0.923311,0.738649,6855.304316,10182.120851,10182120.851
H1_original,high_demand_high_stress,110,90,21690,21690,0,1.0,5607455.0,8213.559206,8213559.206,2805.5,52.0,5123.3,232.759206,0.0,855,1003,403,333,267,5,5,0,0,5,3941,0.388256,0.420714,0.511072,0.485028,1.097465,2.06887,0.742907,13,0,4673,3684,5940,7380,13,8357,13320,10626,11064,0.703241,2,0,0.673118,1.861598,40.172805,0.439918,base,6073200.0,465745.0,3326.816535,0.923311,0.738649,8213.559206,11540.375741,11540375.741
H1_value_guard,high_demand_high_stress,101,90,21690,21690,0,1.0,5608085.0,6851.095649,6851095.649,2347.0,0.0,4308.2,195.895649,0.0,835,846,325,263,258,0,0,0,0,0,3314,0.471969,0.489383,0.55855,0.566072,0.94495,1.789128,0.754056,31,0,5580,2759,5940,7380,31,8339,13320,11551,10139,0.574306,2,0,0.676508,1.697527,39.091886,0.463476,base,6073200.0,465115.0,3322.316445,0.923415,0.738732,6851.095649,10173.412094,10173412.094
H1_value_guard,high_demand_high_stress,102,90,21690,21690,0,1.0,5607980.0,6950.765357,6950765.357,2376.0,0.0,4375.8,198.965357,0.0,851,862,335,259,268,0,0,0,0,0,3366,0.471744,0.499062,0.557813,0.547007,0.943556,1.737806,0.753389,28,0,5580,2762,5940,7380,28,8342,13320,11548,10142,0.582639,2,0,0.676501,1.691819,39.100599,0.463351,base,6073200.0,465220.0,3323.06646,0.923398,0.738718,6950.765357,10273.831817,10273831.817
H1_value_guard,high_demand_high_stress,103,90,21690,21690,0,1.0,5607980.0,7480.961449,7480961.449,2576.0,0.0,4693.0,211.961449,0.0,907,923,375,304,244,0,0,0,0,0,3610,0.470264,0.496606,0.555874,0.5359,0.997821,1.916314,0.749907,28,0,5580,2762,5940,7380,28,8342,13320,11548,10142,0.626157,2,0,0.676501,1.731588,39.09811,0.463391,base,6073200.0,465220.0,3323.06646,0.923398,0.738718,7480.961449,10804.027909,10804027.909
H1_value_guard,high_demand_high_stress,104,90,21690,21690,0,1.0,5608085.0,7019.358734,7019358.734,2406.5,0.0,4412.2,200.658734,0.0,855,869,342,270,257,0,0,0,0,0,3394,0.467621,0.52366,0.537164,0.544815,0.957645,1.907839,0.752944,31,0,5580,2759,5940,7380,31,8339,13320,11551,10139,0.588194,2,0,0.676508,1.710451,39.091886,0.463476,base,6073200.0,465115.0,3322.316445,0.923415,0.738732,7019.358734,10341.675179,10341675.179
H1_value_guard,high_demand_high_stress,105,90,21690,21690,0,1.0,5608085.0,7338.523444,7338523.444,2534.5,0.0,4596.8,207.223444,0.0,879,898,354,311,233,0,0,0,0,0,3536,0.4813,0.542354,0.540676,0.546907,1.00073,1.848704,0.750759,31,0,5580,2759,5940,7380,31,8339,13320,11551,10139,0.615509,2,0,0.676508,1.714258,39.094652,0.463431,base,6073200.0,465115.0,3322.316445,0.923415,0.738732,7338.523444,10660.839889,10660839.889
H1_value_guard,high_demand_high_stress,106,90,21690,21690,0,1.0,5608015.0,7398.262468,7398262.468,2551.5,0.0,4637.1,209.662468,0.0,888,908,361,308,239,0,0,0,0,0,3567,0.453593,0.470597,0.538238,0.56502,0.994688,1.747836,0.750352,29,0,5580,2761,5940,7380,29,8341,13320,11549,10141,0.620602,2,0,0.676503,1.727198,39.096127,0.463418,base,6073200.0,465185.0,3322.816455,0.923404,0.738723,7398.262468,10721.078923,10721078.923
H1_value_guard,high_demand_high_stress,107,90,21690,21690,0,1.0,5608050.0,6982.223551,6982223.551,2390.0,0.0,4391.4,200.823551,0.0,867,879,389,258,232,0,0,0,0,0,3378,0.455944,0.494041,0.529501,0.575061,0.972834,1.946739,0.753463,30,0,5580,2760,5940,7380,30,8340,13320,11550,10140,0.581713,2,0,0.676506,1.704371,39.094053,0.463447,base,6073200.0,465150.0,3322.56645,0.923409,0.738728,6982.223551,10304.790001,10304790.001
H1_value_guard,high_demand_high_stress,108,90,21690,21690,0,1.0,5607910.0,7716.233687,7716233.687,2643.5,0.0,4852.9,219.833687,0.0,942,968,408,285,275,0,0,0,0,0,3733,0.451748,0.480988,0.547554,0.550192,1.054453,2.116225,0.748278,26,0,5580,2764,5940,7380,26,8344,13320,11546,10144,0.646528,2,0,0.676496,1.745382,39.101798,0.463342,base,6073200.0,465290.0,3323.56647,0.923386,0.738709,7716.233687,11039.800157,11039800.157
H1_value_guard,high_demand_high_stress,109,90,21690,21690,0,1.0,5608015.0,6896.667834,6896667.834,2355.0,0.0,4343.3,198.367834,0.0,859,865,362,249,254,0,0,0,0,0,3341,0.462261,0.497018,0.548451,0.560028,0.947255,1.608784,0.754019,29,0,5580,2761,5940,7380,29,8341,13320,11549,10141,0.574769,2,0,0.676503,1.700766,39.096127,0.463418,base,6073200.0,465185.0,3322.816455,0.923404,0.738723,6896.667834,10219.484289,10219484.289
H1_value_guard,high_demand_high_stress,110,90,21690,21690,0,1.0,5607875.0,8119.450275,8119450.275,2805.0,10.4,5072.6,231.450275,0.0,881,1007,412,329,266,1,1,0,0,1,3902,0.433423,0.486405,0.494972,0.486015,1.097465,2.06887,0.744037,25,0,5580,2765,5940,7380,25,8345,13320,11545,10145,0.697454,2,0,0.676491,1.853773,39.103914,0.463313,base,6073200.0,465325.0,3323.816475,0.923381,0.738704,8119.450275,11443.26675,11443266.75
H2_original,high_demand_high_stress,101,90,21690,21690,0,1.0,5608085.0,6844.102082,6844102.082,2346.0,0.0,4301.7,196.402082,0.0,833,845,325,264,256,0,0,0,0,0,3309,0.448985,0.493585,0.553123,0.524043,0.94495,1.789128,0.75413,31,0,5580,2759,5940,7380,31,8339,13320,11551,10139,0.57338,2,0,0.676508,1.743898,39.091886,0.463476,base,6073200.0,465115.0,3322.316445,0.923415,0.738732,6844.102082,10166.418527,10166418.527
H2_original,high_demand_high_stress,102,90,21690,21690,0,1.0,5608120.0,6889.931855,6889931.855,2356.5,0.0,4335.5,197.931855,0.0,839,855,330,256,269,0,0,0,0,0,3335,0.451951,0.491066,0.554992,0.533999,0.943556,1.737806,0.753741,32,0,5580,2758,5940,7380,32,8338,13320,11552,10138,0.578241,2,0,0.67651,1.744418,39.095159,0.463417,base,6073200.0,465080.0,3322.06644,0.923421,0.738737,6889.931855,10211.998295,10211998.295
H2_original,high_demand_high_stress,103,90,21690,21690,0,1.0,5608085.0,7454.46542,7454465.42,2565.0,0.0,4677.4,212.06542,0.0,900,921,378,301,242,0,0,0,0,0,3598,0.464357,0.519895,0.517653,0.519522,0.997821,1.916314,0.75,31,0,5580,2759,5940,7380,31,8339,13320,11551,10139,0.625,2,0,0.676508,1.781698,39.091886,0.463476,base,6073200.0,465115.0,3322.316445,0.923415,0.738732,7454.46542,10776.781865,10776781.865
H2_original,high_demand_high_stress,104,90,21690,21690,0,1.0,5608085.0,6980.725918,6980725.918,2393.0,0.0,4387.5,200.225918,0.0,856,864,341,269,254,0,0,0,0,0,3375,0.446934,0.498038,0.533825,0.529806,0.957645,1.907839,0.753315,31,0,5580,2759,5940,7380,31,8339,13320,11551,10139,0.583565,2,0,0.676508,1.753476,39.091886,0.463476,base,6073200.0,465115.0,3322.316445,0.923415,0.738732,6980.725918,10303.042363,10303042.363
H2_original,high_demand_high_stress,105,90,21690,21690,0,1.0,5608120.0,7341.057629,7341057.629,2527.5,10.4,4595.5,207.657629,0.0,869,892,344,313,235,1,1,0,0,1,3535,0.448062,0.475889,0.530168,0.550694,1.00073,1.848704,0.750611,32,0,5580,2758,5940,7380,32,8338,13320,11552,10138,0.615278,2,0,0.676508,1.767877,39.093679,0.463447,base,6073200.0,465080.0,3322.06644,0.923421,0.738737,7341.057629,10663.124069,10663124.069
H2_original,high_demand_high_stress,106,90,21690,21690,0,1.0,5608085.0,7411.610313,7411610.313,2558.0,0.0,4643.6,210.010313,0.0,895,908,360,312,236,0,0,0,0,0,3572,0.453166,0.474181,0.559931,0.520253,0.994688,1.747836,0.750389,31,0,5580,2759,5940,7380,31,8339,13320,11551,10139,0.620139,2,0,0.676508,1.779351,39.091886,0.463476,base,6073200.0,465115.0,3322.316445,0.923415,0.738732,7411.610313,10733.926758,10733926.758
H2_original,high_demand_high_stress,107,90,21690,21690,0,1.0,5608085.0,6947.174532,6947174.532,2382.0,0.0,4364.1,201.074532,0.0,866,874,389,261,224,0,0,0,0,0,3357,0.44351,0.479649,0.530495,0.504997,0.972834,1.946739,0.753833,31,0,5580,2759,5940,7380,31,8339,13320,11551,10139,0.577083,2,0,0.676508,1.75339,39.094652,0.463431,base,6073200.0,465115.0,3322.316445,0.923415,0.738732,6947.174532,10269.490977,10269490.977
H2_original,high_demand_high_stress,108,90,21690,21690,0,1.0,5608050.0,7720.661944,7720661.944,2636.0,10.4,4854.2,220.061944,0.0,934,966,413,285,268,1,1,0,0,1,3734,0.445476,0.516167,0.52775,0.512398,1.054453,2.116225,0.74813,30,0,5580,2760,5940,7380,30,8340,13320,11550,10140,0.646296,2,0,0.676504,1.801805,39.095708,0.463428,base,6073200.0,465150.0,3322.56645,0.923409,0.738728,7720.661944,11043.228394,11043228.394
H2_original,high_demand_high_stress,109,90,21690,21690,0,1.0,5608085.0,6897.619014,6897619.014,2353.5,0.0,4344.6,199.519014,0.0,858,866,364,247,255,0,0,0,0,0,3342,0.450917,0.486252,0.517883,0.538344,0.947255,1.608784,0.753963,31,0,5580,2759,5940,7380,31,8339,13320,11551,10139,0.575463,2,0,0.676508,1.751946,39.091886,0.463476,base,6073200.0,465115.0,3322.316445,0.923415,0.738732,6897.619014,10219.935459,10219935.459
H2_original,high_demand_high_stress,110,90,21690,21690,0,1.0,5608050.0,8191.914066,8191914.066,2792.5,52.0,5115.5,231.914066,0.0,870,999,400,330,269,5,5,0,0,5,3935,0.403463,0.443531,0.490416,0.494898,1.097465,2.06887,0.743296,30,0,5580,2760,5940,7380,30,8340,13320,11550,10140,0.69838,2,0,0.676504,1.898176,39.093985,0.463447,base,6073200.0,465150.0,3322.56645,0.923409,0.738728,8191.914066,11514.480516,11514480.516
H2_value_guard,high_demand_high_stress,101,90,21690,21690,0,1.0,5610605.0,6886.215762,6886215.762,2361.0,0.0,4327.7,197.515762,0.0,843,849,327,268,254,0,0,0,0,0,3329,0.45703,0.500477,0.543383,0.516374,0.94495,1.789128,0.753926,76,0,5580,2741,5940,7353,76,8321,13293,11596,10094,0.575926,2,0,0.676588,1.746822,39.088566,0.463781,base,6073200.0,462595.0,3304.316085,0.92383,0.739064,6886.215762,10190.531847,10190531.847
H2_value_guard,high_demand_high_stress,102,90,21690,21690,0,1.0,5610500.0,6883.036705,6883036.705,2356.0,0.0,4329.0,198.036705,0.0,835,854,329,257,268,0,0,0,0,0,3330,0.4449,0.471577,0.556608,0.531428,0.943556,1.737806,0.753759,73,0,5580,2744,5940,7353,73,8324,13293,11593,10097,0.578009,2,0,0.676581,1.744577,39.091194,0.463755,base,6073200.0,462700.0,3305.0661,0.923813,0.73905,6883.036705,10188.102805,10188102.805
H2_value_guard,high_demand_high_stress,103,90,21690,21690,0,1.0,5609345.0,7518.535375,7518535.375,2565.0,31.2,4709.9,212.435375,0.0,898,919,374,303,242,3,3,0,0,3,3623,0.456991,0.522026,0.527139,0.525768,0.997821,1.916314,0.749556,54,0,5580,2749,5940,7367,54,8329,13307,11574,10116,0.624306,2,0,0.676545,1.786118,39.10478,0.463383,base,6073200.0,463855.0,3313.316265,0.923623,0.738898,7518.535375,10831.85164,10831851.64
H2_value_guard,high_demand_high_stress,104,90,21690,21690,0,1.0,5610360.0,7001.291824,7001291.824,2400.5,0.0,4400.5,200.291824,0.0,857,865,340,272,253,0,0,0,0,0,3385,0.461576,0.503501,0.561936,0.505713,0.957645,1.907839,0.753148,73,0,5580,2740,5940,7357,73,8320,13297,11593,10097,0.585648,2,0,0.676585,1.759928,39.091747,0.463673,base,6073200.0,462840.0,3306.06612,0.92379,0.739032,7001.291824,10307.357944,10307357.944
H2_value_guard,high_demand_high_stress,105,90,21690,21690,0,1.0,5609625.0,7268.506024,7268506.024,2507.0,0.0,4555.2,206.306024,0.0,875,890,351,305,234,0,0,0,0,0,3504,0.451996,0.491952,0.518458,0.562695,1.00073,1.848704,0.751278,59,0,5580,2747,5940,7364,59,8327,13304,11579,10111,0.609028,2,0,0.676559,1.767478,39.101107,0.463471,base,6073200.0,463575.0,3311.316225,0.923669,0.738935,7268.506024,10579.822249,10579822.249
H2_value_guard,high_demand_high_stress,106,90,21690,21690,0,1.0,5609975.0,7378.233026,7378233.026,2535.0,10.4,4624.1,208.733026,0.0,889,900,354,308,238,1,1,0,0,1,3557,0.439946,0.492951,0.543956,0.525064,0.994688,1.747836,0.750556,63,0,5580,2749,5940,7358,63,8329,13298,11583,10107,0.616204,2,0,0.676563,1.77219,39.098797,0.463596,base,6073200.0,463225.0,3308.816175,0.923726,0.738981,7378.233026,10687.049201,10687049.201
H2_value_guard,high_demand_high_stress,107,90,21690,21690,0,1.0,5610255.0,6944.694978,6944694.978,2377.5,0.0,4366.7,200.494978,0.0,862,873,387,259,227,0,0,0,0,0,3359,0.451565,0.493394,0.521396,0.530978,0.972834,1.946739,0.753741,69,0,5580,2745,5940,7356,69,8325,13296,11589,10101,0.578241,2,0,0.676575,1.748666,39.095205,0.463658,base,6073200.0,462945.0,3306.816135,0.923772,0.739018,6944.694978,10251.511113,10251511.113
H2_value_guard,high_demand_high_stress,108,90,21690,21690,0,1.0,5608855.0,7719.53515,7719535.15,2636.0,10.4,4852.9,220.23515,0.0,945,966,410,284,272,1,1,0,0,1,3733,0.445277,0.508277,0.526372,0.514264,1.054453,2.116225,0.748352,48,0,5580,2747,5940,7375,48,8327,13315,11568,10122,0.643519,2,0,0.676544,1.802962,39.098889,0.463358,base,6073200.0,464345.0,3316.816335,0.923542,0.738834,7719.53515,11036.351485,11036351.485
H2_value_guard,high_demand_high_stress,109,90,21690,21690,0,1.0,5609765.0,6875.327985,6875327.985,2346.5,0.0,4330.3,198.527985,0.0,857,863,363,247,253,0,0,0,0,0,3331,0.466132,0.509529,0.531258,0.527517,0.947255,1.608784,0.754148,63,0,5580,2743,5940,7364,63,8323,13304,11583,10107,0.573148,2,0,0.676568,1.754147,39.098525,0.463491,base,6073200.0,463435.0,3310.316205,0.923692,0.738953,6875.327985,10185.64419,10185644.19
H2_value_guard,high_demand_high_stress,110,90,21690,21690,0,1.0,5608785.0,8296.620268,8296620.268,2793.0,96.2,5174.0,233.420268,0.0,828,1000,404,330,266,9,7,0,2,9,3980,0.397038,0.47461,0.476973,0.479177,1.097465,2.06887,0.741759,44,0,5580,2753,5940,7373,44,8333,13313,11564,10126,0.70787,2,0,0.676539,1.918064,39.097286,0.463471,base,6073200.0,464415.0,3317.316345,0.92353,0.738824,8296.620268,11613.936613,11613936.613
H0,high_demand_high_stress,101,90,21690,21690,0,1.0,6143305.0,10854.965475,10854965.475,3060.0,867.1,6704.1,223.765475,0.0,360,1080,360,360,360,77,62,12,3,77,5157,0.642291,0.691604,0.8092,0.822831,0.94495,1.789128,0.712519,4077,3883,3883,3890,3853,2104,7960,7773,5957,11813,9877,0.916667,2,0,0.656714,1.271211,46.979509,0.331318,high,6073200.0,0.0,0.0,1.011543,0.809235,10854.965475,10854.965475,10854965.475
H0,high_demand_high_stress,102,90,21690,21690,0,1.0,6142360.0,11563.112015,11563112.015,3060.0,1158.3,7112.3,232.512015,0.0,360,1080,360,360,360,103,75,13,15,103,5471,0.614997,0.723133,0.769725,0.802027,0.943556,1.737806,0.707222,4063,3880,3881,3899,3862,2105,7943,7780,5967,11806,9884,0.916667,2,0,0.656723,1.345641,46.988253,0.331056,high,6073200.0,0.0,0.0,1.011388,0.80911,11563.112015,11563.112015,11563112.015
H0,high_demand_high_stress,103,90,21690,21690,0,1.0,6142430.0,12475.525838,12475525.838,3060.0,1550.9,7611.5,253.125838,0.0,360,1080,360,360,360,130,88,37,5,130,5855,0.59008,0.687281,0.724738,0.823172,0.997821,1.916314,0.700611,4072,3877,3878,3892,3869,2102,7949,7770,5971,11819,9871,0.916667,2,0,0.656786,1.475157,46.953162,0.331695,high,6073200.0,0.0,0.0,1.011399,0.809119,12475.525838,12475.525838,12475525.838
H0,high_demand_high_stress,104,90,21690,21690,0,1.0,6142955.0,11245.816014,11245816.014,3060.0,1028.3,6925.1,232.416014,0.0,360,1080,360,360,360,94,79,8,7,94,5327,0.63095,0.70672,0.775619,0.792164,0.957645,1.907839,0.709722,4072,3881,3880,3897,3863,2097,7953,7777,5960,11815,9875,0.916667,2,0,0.656776,1.385507,46.981592,0.331289,high,6073200.0,0.0,0.0,1.011486,0.809189,11245.816014,11245.816014,11245816.014
H0,high_demand_high_stress,105,90,21690,21690,0,1.0,6142955.0,11958.406652,11958406.652,3060.0,1331.2,7324.2,243.006652,0.0,360,1080,360,360,360,112,77,31,4,112,5634,0.620984,0.719289,0.721839,0.823416,1.00073,1.848704,0.704352,4066,3881,3891,3898,3860,2094,7947,7789,5954,11817,9873,0.916667,2,0,0.656789,1.38878,46.962481,0.331567,high,6073200.0,0.0,0.0,1.011486,0.809189,11958.406652,11958.406652,11958406.652
H0,high_demand_high_stress,106,90,21690,21690,0,1.0,6143585.0,10914.613859,10914613.859,3060.0,894.4,6727.5,232.713859,0.0,360,1080,360,360,360,72,41,27,4,72,5175,0.645036,0.713702,0.729562,0.83198,0.994688,1.747836,0.712074,4074,3882,3885,3904,3849,2096,7956,7789,5945,11808,9882,0.916667,2,0,0.656742,1.481097,46.97004,0.331389,high,6073200.0,0.0,0.0,1.011589,0.809272,10914.613859,10914.613859,10914613.859
H0,high_demand_high_stress,107,90,21690,21690,0,1.0,6143445.0,12039.649106,12039649.106,3060.0,1374.1,7363.2,242.349106,0.0,360,1080,360,360,360,123,95,15,13,123,5664,0.59389,0.662747,0.775604,0.809229,0.972834,1.946739,0.703981,4087,3879,3874,3891,3884,2075,7966,7765,5959,11845,9845,0.916667,2,0,0.65685,1.458124,46.939666,0.331987,high,6073200.0,0.0,0.0,1.011566,0.809253,12039.649106,12039.649106,12039649.106
H0,high_demand_high_stress,108,90,21690,21690,0,1.0,6141170.0,13370.851362,13370851.362,3060.0,1933.1,8113.3,264.451362,0.0,360,1080,360,360,360,167,115,33,19,167,6241,0.551637,0.650788,0.715144,0.796921,1.054453,2.116225,0.69413,4042,3874,3895,3905,3886,2088,7916,7800,5974,11823,9867,0.916667,2,0,0.656853,1.562946,46.959235,0.331555,high,6073200.0,0.0,0.0,1.011192,0.808953,13370.851362,13370.851362,13370851.362
H0,high_demand_high_stress,109,90,21690,21690,0,1.0,6142710.0,10745.154479,10745154.479,3060.0,822.9,6639.1,223.154479,0.0,360,1080,360,360,360,77,72,4,1,77,5107,0.650502,0.732531,0.785418,0.828351,0.947255,1.608784,0.713463,4061,3882,3887,3903,3863,2094,7943,7790,5957,11811,9879,0.916667,2,0,0.656816,1.366247,46.972389,0.331408,high,6073200.0,0.0,0.0,1.011445,0.809156,10745.154479,10745.154479,10745154.479
H0,high_demand_high_stress,110,90,21690,21690,0,1.0,6143515.0,13341.427499,13341427.499,3060.0,1924.0,8091.2,266.227499,0.0,360,1080,360,360,360,161,104,45,12,161,6224,0.556677,0.684046,0.675958,0.829242,1.097465,2.06887,0.694333,4065,3907,3873,3882,3869,2094,7972,7755,5963,11807,9883,0.916667,2,0,0.656739,1.54082,46.967231,0.331453,high,6073200.0,0.0,0.0,1.011578,0.809262,13341.427499,13341.427499,13341427.499
H_TIME,high_demand_high_stress,101,90,21690,21690,0,1.0,6142745.0,10373.62978,10373629.78,3026.0,716.3,6407.7,223.62978,0.0,356,1068,356,356,356,67,61,3,3,67,4929,0.587618,0.725566,0.744859,0.771505,0.94495,1.789128,0.716463,4073,3880,3891,3880,3860,2106,7953,7771,5966,11824,9866,0.902778,2,0,0.656796,1.49388,46.991956,0.331203,high,6073200.0,0.0,0.0,1.011451,0.809161,10373.62978,10373.62978,10373629.78
H_TIME,high_demand_high_stress,102,90,21690,21690,0,1.0,6141870.0,11101.34565,11101345.65,3026.0,1024.4,6818.5,232.44565,0.0,356,1068,356,356,356,94,73,5,16,94,5245,0.606499,0.734495,0.701515,0.823827,0.943556,1.737806,0.711111,4072,3868,3898,3874,3867,2111,7940,7772,5978,11837,9853,0.902778,2,0,0.656828,1.559176,46.997016,0.33119,high,6073200.0,0.0,0.0,1.011307,0.809046,11101.34565,11101.34565,11101345.65
H_TIME,high_demand_high_stress,103,90,21690,21690,0,1.0,6142010.0,12168.41916,12168419.16,3026.0,1467.7,7421.7,253.01916,0.0,356,1068,356,356,356,128,92,23,13,128,5709,0.546458,0.721843,0.642817,0.810571,0.997821,1.916314,0.703185,4064,3884,3890,3870,3875,2107,7948,7760,5982,11829,9861,0.902778,2,0,0.656836,1.650329,46.983546,0.331262,high,6073200.0,0.0,0.0,1.01133,0.809064,12168.41916,12168.41916,12168419.16
H_TIME,high_demand_high_stress,104,90,21690,21690,0,1.0,6142570.0,11046.728526,11046728.526,3026.0,997.1,6791.2,232.428526,0.0,356,1068,356,356,356,92,79,6,7,92,5224,0.58722,0.727584,0.723501,0.775929,0.957645,1.907839,0.7115,4071,3882,3887,3879,3871,2100,7953,7766,5971,11829,9861,0.902778,2,0,0.656835,1.581108,46.990405,0.331236,high,6073200.0,0.0,0.0,1.011422,0.809138,11046.728526,11046.728526,11046728.526
H_TIME,high_demand_high_stress,105,90,21690,21690,0,1.0,6142115.0,11549.784394,11549784.394,3026.0,1199.9,7081.1,242.784394,0.0,356,1068,356,356,356,103,70,22,11,103,5447,0.571185,0.72131,0.683088,0.847457,1.00073,1.848704,0.707574,4047,3899,3885,3882,3884,2093,7946,7767,5977,11816,9874,0.902778,2,0,0.656804,1.608831,46.980911,0.331133,high,6073200.0,0.0,0.0,1.011347,0.809078,11549.784394,11549.784394,11549784.394
H_TIME,high_demand_high_stress,106,90,21690,21690,0,1.0,6143235.0,10419.00538,10419005.38,3026.0,709.8,6450.6,232.60538,0.0,356,1068,356,356,356,60,39,15,6,60,4962,0.578689,0.717782,0.631241,0.789877,0.994688,1.747836,0.715778,4060,3894,3886,3897,3851,2102,7954,7783,5953,11797,9893,0.902778,2,0,0.656712,1.578597,47.01177,0.330674,high,6073200.0,0.0,0.0,1.011532,0.809225,10419.00538,10419.00538,10419005.38
H_TIME,high_demand_high_stress,107,90,21690,21690,0,1.0,6142360.0,11869.256618,11869256.618,3026.0,1350.7,7250.1,242.456618,0.0,356,1068,356,356,356,122,98,13,11,122,5577,0.564705,0.71069,0.700754,0.789517,0.972834,1.946739,0.7055,4075,3878,3880,3880,3881,2096,7953,7760,5977,11836,9854,0.902778,2,0,0.656852,1.6457,46.977169,0.331452,high,6073200.0,0.0,0.0,1.011388,0.80911,11869.256618,11869.256618,11869256.618
H_TIME,high_demand_high_stress,108,90,21690,21690,0,1.0,6141135.0,12889.683786,12889683.786,3026.0,1773.2,7826.0,264.483786,0.0,356,1068,356,356,356,158,115,19,24,158,6020,0.57445,0.659166,0.696427,0.827682,1.054453,2.116225,0.698,4051,3872,3897,3888,3885,2097,7923,7785,5982,11833,9857,0.902778,2,0,0.65692,1.693724,46.968922,0.331437,high,6073200.0,0.0,0.0,1.011186,0.808949,12889.683786,12889.683786,12889683.786
H_TIME,high_demand_high_stress,109,90,21690,21690,0,1.0,6142045.0,10521.164387,10521164.387,3026.0,770.9,6501.3,222.964387,0.0,356,1068,356,356,356,72,67,4,1,72,5001,0.627227,0.661482,0.801674,0.83278,0.947255,1.608784,0.715278,4055,3887,3880,3893,3878,2097,7942,7773,5975,11813,9877,0.902778,2,0,0.656802,1.466704,47.005652,0.33082,high,6073200.0,0.0,0.0,1.011336,0.809069,10521.164387,10521.164387,10521164.387
H_TIME,high_demand_high_stress,110,90,21690,21690,0,1.0,6144705.0,13052.85553,13052855.53,3026.0,1860.3,7900.1,266.45553,0.0,356,1068,356,356,356,158,102,37,19,158,6077,0.54912,0.678072,0.661286,0.792163,1.097465,2.06887,0.696852,4074,3920,3879,3866,3851,2100,7994,7745,5951,11804,9886,0.902778,2,0,0.656743,1.731038,46.973543,0.33139,high,6073200.0,0.0,0.0,1.011774,0.809419,13052.85553,13052.85553,13052855.53
H1,high_demand_high_stress,101,90,21690,21690,0,1.0,5607280.0,6833.489784,6833489.784,2342.5,0.0,4295.2,195.789784,0.0,835,844,324,263,257,0,0,0,0,0,3304,0.471422,0.496349,0.53874,0.56807,0.94495,1.789128,0.754241,8,0,4964,3398,5940,7380,8,8362,13320,10912,10778,0.571991,2,0,0.674174,1.694947,39.961088,0.445446,high,6073200.0,465920.0,6656.13312,0.923283,0.738626,6833.489784,13489.622904,13489622.904
H1,high_demand_high_stress,102,90,21690,21690,0,1.0,5607280.0,6983.24002,6983240.02,2384.5,0.0,4399.2,199.54002,0.0,854,865,333,259,273,0,0,0,0,0,3384,0.473109,0.482079,0.560996,0.565271,0.943556,1.737806,0.753148,8,0,4763,3599,5940,7380,8,8362,13320,10711,10979,0.585648,2,0,0.67343,1.697194,40.118073,0.441472,high,6073200.0,465920.0,6656.13312,0.923283,0.738626,6983.24002,13639.37314,13639373.14
H1,high_demand_high_stress,103,90,21690,21690,0,1.0,5607350.0,7465.467847,7465467.847,2570.0,0.0,4683.9,211.567847,0.0,898,921,374,303,244,0,0,0,0,0,3603,0.451407,0.479963,0.545868,0.561683,0.997821,1.916314,0.74987,10,0,4968,3392,5940,7380,10,8360,13320,10918,10772,0.62662,2,0,0.674194,1.732798,39.896081,0.446455,high,6073200.0,465850.0,6655.1331,0.923294,0.738635,7465.467847,14120.600947,14120600.947
H1,high_demand_high_stress,104,90,21690,21690,0,1.0,5607490.0,7063.941466,7063941.466,2416.5,10.4,4435.6,201.441466,0.0,855,870,342,275,253,1,1,0,0,1,3412,0.465916,0.529083,0.54598,0.520361,0.957645,1.907839,0.75263,14,0,4888,3468,5940,7380,14,8356,13320,10842,10848,0.590046,2,0,0.673908,1.705972,39.980499,0.444556,high,6073200.0,465710.0,6653.13306,0.923317,0.738654,7063.941466,13717.074526,13717074.526
H1,high_demand_high_stress,105,90,21690,21690,0,1.0,5607490.0,7394.363436,7394363.436,2542.5,10.4,4633.2,208.263436,0.0,887,900,354,313,233,1,1,0,0,1,3564,0.474025,0.502012,0.560025,0.537395,1.00073,1.848704,0.750407,14,0,4980,3376,5940,7380,14,8356,13320,10934,10756,0.617824,2,0,0.674246,1.71786,39.848693,0.447264,high,6073200.0,465710.0,6653.13306,0.923317,0.738654,7394.363436,14047.496496,14047496.496
H1,high_demand_high_stress,106,90,21690,21690,0,1.0,5607455.0,7406.585132,7406585.132,2551.5,0.0,4646.2,208.885132,0.0,898,908,361,308,239,0,0,0,0,0,3574,0.475821,0.53006,0.546953,0.55567,0.994688,1.747836,0.750407,13,0,4945,3412,5940,7380,13,8357,13320,10898,10792,0.619907,2,0,0.674115,1.724523,39.888197,0.446404,high,6073200.0,465745.0,6653.63307,0.923311,0.738649,7406.585132,14060.218202,14060218.202
H1,high_demand_high_stress,107,90,21690,21690,0,1.0,5607280.0,7020.828371,7020828.371,2404.0,0.0,4414.8,202.028371,0.0,875,885,394,259,232,0,0,0,0,0,3396,0.469282,0.511423,0.539245,0.541596,0.972834,1.946739,0.753278,8,0,4961,3401,5940,7380,8,8362,13320,10909,10781,0.584028,2,0,0.674163,1.703125,39.854541,0.447044,high,6073200.0,465920.0,6656.13312,0.923283,0.738626,7020.828371,13676.961491,13676961.491
H1,high_demand_high_stress,108,90,21690,21690,0,1.0,5607420.0,7704.290906,7704290.906,2640.5,0.0,4843.8,219.990906,0.0,940,968,411,284,273,0,0,0,0,0,3726,0.448312,0.49565,0.523772,0.550203,1.054453,2.116225,0.74837,12,0,4731,3627,5940,7380,12,8358,13320,10683,11007,0.64537,2,0,0.673321,1.754927,40.179115,0.44027,high,6073200.0,465780.0,6654.13308,0.923306,0.738645,7704.290906,14358.423986,14358423.986
H1,high_demand_high_stress,109,90,21690,21690,0,1.0,5607455.0,6855.304316,6855304.316,2343.0,0.0,4314.7,197.604316,0.0,843,860,361,249,250,0,0,0,0,0,3319,0.458662,0.48489,0.5649,0.531438,0.947255,1.608784,0.754111,13,0,4962,3395,5940,7380,13,8357,13320,10915,10775,0.573611,2,0,0.674178,1.702704,39.928585,0.445929,high,6073200.0,465745.0,6653.63307,0.923311,0.738649,6855.304316,13508.937386,13508937.386
H1,high_demand_high_stress,110,90,21690,21690,0,1.0,5607455.0,8213.559206,8213559.206,2805.5,52.0,5123.3,232.759206,0.0,855,1003,403,333,267,5,5,0,0,5,3941,0.388256,0.420714,0.511072,0.485028,1.097465,2.06887,0.742907,13,0,4673,3684,5940,7380,13,8357,13320,10626,11064,0.703241,2,0,0.673118,1.861598,40.172805,0.439918,high,6073200.0,465745.0,6653.63307,0.923311,0.738649,8213.559206,14867.192276,14867192.276
H2,high_demand_high_stress,101,90,21690,21690,0,1.0,5608085.0,6844.102082,6844102.082,2346.0,0.0,4301.7,196.402082,0.0,833,845,325,264,256,0,0,0,0,0,3309,0.448985,0.493585,0.553123,0.524043,0.94495,1.789128,0.75413,31,0,5580,2759,5940,7380,31,8339,13320,11551,10139,0.57338,2,0,0.676508,1.743898,39.091886,0.463476,high,6073200.0,465115.0,6644.63289,0.923415,0.738732,6844.102082,13488.734972,13488734.972
H2,high_demand_high_stress,102,90,21690,21690,0,1.0,5608120.0,6889.931855,6889931.855,2356.5,0.0,4335.5,197.931855,0.0,839,855,330,256,269,0,0,0,0,0,3335,0.451951,0.491066,0.554992,0.533999,0.943556,1.737806,0.753741,32,0,5580,2758,5940,7380,32,8338,13320,11552,10138,0.578241,2,0,0.67651,1.744418,39.095159,0.463417,high,6073200.0,465080.0,6644.13288,0.923421,0.738737,6889.931855,13534.064735,13534064.735
H2,high_demand_high_stress,103,90,21690,21690,0,1.0,5608085.0,7454.46542,7454465.42,2565.0,0.0,4677.4,212.06542,0.0,900,921,378,301,242,0,0,0,0,0,3598,0.464357,0.519895,0.517653,0.519522,0.997821,1.916314,0.75,31,0,5580,2759,5940,7380,31,8339,13320,11551,10139,0.625,2,0,0.676508,1.781698,39.091886,0.463476,high,6073200.0,465115.0,6644.63289,0.923415,0.738732,7454.46542,14099.09831,14099098.31
H2,high_demand_high_stress,104,90,21690,21690,0,1.0,5608085.0,6980.725918,6980725.918,2393.0,0.0,4387.5,200.225918,0.0,856,864,341,269,254,0,0,0,0,0,3375,0.446934,0.498038,0.533825,0.529806,0.957645,1.907839,0.753315,31,0,5580,2759,5940,7380,31,8339,13320,11551,10139,0.583565,2,0,0.676508,1.753476,39.091886,0.463476,high,6073200.0,465115.0,6644.63289,0.923415,0.738732,6980.725918,13625.358808,13625358.808
H2,high_demand_high_stress,105,90,21690,21690,0,1.0,5608120.0,7341.057629,7341057.629,2527.5,10.4,4595.5,207.657629,0.0,869,892,344,313,235,1,1,0,0,1,3535,0.448062,0.475889,0.530168,0.550694,1.00073,1.848704,0.750611,32,0,5580,2758,5940,7380,32,8338,13320,11552,10138,0.615278,2,0,0.676508,1.767877,39.093679,0.463447,high,6073200.0,465080.0,6644.13288,0.923421,0.738737,7341.057629,13985.190509,13985190.509
H2,high_demand_high_stress,106,90,21690,21690,0,1.0,5608085.0,7411.610313,7411610.313,2558.0,0.0,4643.6,210.010313,0.0,895,908,360,312,236,0,0,0,0,0,3572,0.453166,0.474181,0.559931,0.520253,0.994688,1.747836,0.750389,31,0,5580,2759,5940,7380,31,8339,13320,11551,10139,0.620139,2,0,0.676508,1.779351,39.091886,0.463476,high,6073200.0,465115.0,6644.63289,0.923415,0.738732,7411.610313,14056.243203,14056243.203
H2,high_demand_high_stress,107,90,21690,21690,0,1.0,5608085.0,6947.174532,6947174.532,2382.0,0.0,4364.1,201.074532,0.0,866,874,389,261,224,0,0,0,0,0,3357,0.44351,0.479649,0.530495,0.504997,0.972834,1.946739,0.753833,31,0,5580,2759,5940,7380,31,8339,13320,11551,10139,0.577083,2,0,0.676508,1.75339,39.094652,0.463431,high,6073200.0,465115.0,6644.63289,0.923415,0.738732,6947.174532,13591.807422,13591807.422
H2,high_demand_high_stress,108,90,21690,21690,0,1.0,5608050.0,7720.661944,7720661.944,2636.0,10.4,4854.2,220.061944,0.0,934,966,413,285,268,1,1,0,0,1,3734,0.445476,0.516167,0.52775,0.512398,1.054453,2.116225,0.74813,30,0,5580,2760,5940,7380,30,8340,13320,11550,10140,0.646296,2,0,0.676504,1.801805,39.095708,0.463428,high,6073200.0,465150.0,6645.1329,0.923409,0.738728,7720.661944,14365.794844,14365794.844
H2,high_demand_high_stress,109,90,21690,21690,0,1.0,5608085.0,6897.619014,6897619.014,2353.5,0.0,4344.6,199.519014,0.0,858,866,364,247,255,0,0,0,0,0,3342,0.450917,0.486252,0.517883,0.538344,0.947255,1.608784,0.753963,31,0,5580,2759,5940,7380,31,8339,13320,11551,10139,0.575463,2,0,0.676508,1.751946,39.091886,0.463476,high,6073200.0,465115.0,6644.63289,0.923415,0.738732,6897.619014,13542.251904,13542251.904
H2,high_demand_high_stress,110,90,21690,21690,0,1.0,5608050.0,8191.914066,8191914.066,2792.5,52.0,5115.5,231.914066,0.0,870,999,400,330,269,5,5,0,0,5,3935,0.403463,0.443531,0.490416,0.494898,1.097465,2.06887,0.743296,30,0,5580,2760,5940,7380,30,8340,13320,11550,10140,0.69838,2,0,0.676504,1.898176,39.093985,0.463447,high,6073200.0,465150.0,6645.1329,0.923409,0.738728,8191.914066,14837.046966,14837046.966
H3,high_demand_high_stress,101,90,21690,21690,0,1.0,5874750.0,7592.16826,7592168.26,2601.5,0.0,4782.7,207.96826,0.0,916,956,408,277,271,0,0,0,0,0,3679,0.67712,0.724558,0.715798,0.72992,0.94495,1.789128,0.748796,5220,0,5580,0,5940,4950,5220,5580,10890,16740,4950,0.640046,2,0,0.686426,1.796664,36.929461,0.514887,high,6073200.0,198450.0,2835.0567,0.967324,0.773859,7592.16826,10427.22496,10427224.96
H3,high_demand_high_stress,102,90,21690,21690,0,1.0,5874750.0,7887.551207,7887551.207,2714.5,0.0,4958.2,214.851207,0.0,916,982,399,306,277,0,0,0,0,0,3814,0.677283,0.735562,0.713783,0.707574,0.943556,1.737806,0.746296,5220,0,5580,0,5940,4950,5220,5580,10890,16740,4950,0.671296,2,0,0.686426,1.815494,36.929461,0.514887,high,6073200.0,198450.0,2835.0567,0.967324,0.773859,7887.551207,10722.607907,10722607.907
H3,high_demand_high_stress,103,90,21690,21690,0,1.0,5874750.0,8624.447778,8624447.778,2957.5,58.5,5374.2,234.247778,0.0,737,1057,438,356,263,5,3,1,1,5,4134,0.629547,0.708153,0.669476,0.668719,0.997821,1.916314,0.737148,5220,0,5580,0,5940,4950,5220,5580,10890,16740,4950,0.773148,2,0,0.686422,2.004187,36.929569,0.51491,high,6073200.0,198450.0,2835.0567,0.967324,0.773859,8624.447778,11459.504478,11459504.478
H3,high_demand_high_stress,104,90,21690,21690,0,1.0,5874750.0,7882.893823,7882893.823,2712.5,0.0,4954.3,216.093823,0.0,917,996,428,291,277,0,0,0,0,0,3811,0.667009,0.741491,0.72023,0.709528,0.957645,1.907839,0.74637,5220,0,5580,0,5940,4950,5220,5580,10890,16740,4950,0.67037,2,0,0.686426,1.811869,36.929461,0.514887,high,6073200.0,198450.0,2835.0567,0.967324,0.773859,7882.893823,10717.950523,10717950.523
H3,high_demand_high_stress,105,90,21690,21690,0,1.0,5874750.0,8308.668402,8308668.402,2880.0,0.0,5202.6,226.068402,0.0,908,1036,428,336,272,0,0,0,0,0,4002,0.669594,0.719425,0.711324,0.72482,1.00073,1.848704,0.742667,5220,0,5580,0,5940,4950,5220,5580,10890,16740,4950,0.716667,2,0,0.686426,1.863988,36.929461,0.514887,high,6073200.0,198450.0,2835.0567,0.967324,0.773859,8308.668402,11143.725102,11143725.102
H3,high_demand_high_stress,106,90,21690,21690,0,1.0,5874750.0,8034.018024,8034018.024,2782.5,0.0,5034.9,216.618024,0.0,893,979,368,346,265,0,0,0,0,0,3873,0.679754,0.724549,0.7039,0.722474,0.994688,1.747836,0.744778,5220,0,5580,0,5940,4950,5220,5580,10890,16740,4950,0.690278,2,0,0.686426,1.834018,36.929461,0.514887,high,6073200.0,198450.0,2835.0567,0.967324,0.773859,8034.018024,10869.074724,10869074.724
H3,high_demand_high_stress,107,90,21690,21690,0,1.0,5874750.0,8206.900539,8206900.539,2832.5,0.0,5149.3,225.100539,0.0,951,1044,473,306,265,0,0,0,0,0,3961,0.669603,0.71496,0.719409,0.729286,0.972834,1.946739,0.744222,5220,0,5580,0,5940,4950,5220,5580,10890,16740,4950,0.697222,2,0,0.686426,1.840058,36.929461,0.514887,high,6073200.0,198450.0,2835.0567,0.967324,0.773859,8206.900539,11041.957239,11041957.239
H3,high_demand_high_stress,108,90,21690,21690,0,1.0,5874750.0,8977.502912,8977502.912,2969.0,191.1,5574.4,243.002912,0.0,706,1082,456,328,298,18,15,0,3,18,4288,0.618396,0.667644,0.648889,0.656917,1.054453,2.116225,0.733963,5220,0,5580,0,5940,4950,5220,5580,10890,16740,4950,0.78588,2,0,0.686427,2.050115,36.92717,0.514941,high,6073200.0,198450.0,2835.0567,0.967324,0.773859,8977.502912,11812.559612,11812559.612
H3,high_demand_high_stress,109,90,21690,21690,0,1.0,5874750.0,7537.712769,7537712.769,2588.5,0.0,4742.4,206.812769,0.0,897,955,423,275,257,0,0,0,0,0,3648,0.694572,0.73436,0.703418,0.762292,0.947255,1.608784,0.749019,5220,0,5580,0,5940,4950,5220,5580,10890,16740,4950,0.637269,2,0,0.686426,1.792886,36.929461,0.514887,high,6073200.0,198450.0,2835.0567,0.967324,0.773859,7537.712769,10372.769469,10372769.469
H3,high_demand_high_stress,110,90,21690,21690,0,1.0,5874750.0,9558.114074,9558114.074,2992.5,425.1,5891.6,248.914074,0.0,686,1073,451,357,265,35,15,9,11,35,4532,0.602984,0.636005,0.669238,0.66174,1.097465,2.06887,0.72937,5220,0,5580,0,5940,4950,5220,5580,10890,16740,4950,0.792593,2,0,0.6864,2.040585,36.940066,0.514736,high,6073200.0,198450.0,2835.0567,0.967324,0.773859,9558.114074,12393.170774,12393170.774
H4,high_demand_high_stress,101,90,21690,21690,0,1.0,6035400.0,7964.434739,7964434.739,2743.0,0.0,5003.7,217.734739,0.0,929,1007,440,297,270,0,0,0,0,0,3849,0.681657,0.734289,0.711103,0.756306,0.94495,1.789128,0.745889,2970,3870,2970,3960,2970,4950,6840,6930,7920,8910,12780,0.676389,2,0,0.648618,1.879966,49.60166,0.281989,high,6073200.0,37800.0,540.0108,0.993776,0.795021,7964.434739,8504.445539,8504445.539
H4,high_demand_high_stress,102,90,21690,21690,0,1.0,6035400.0,8255.118868,8255118.868,2866.5,0.0,5163.6,225.018868,0.0,916,1034,430,331,273,0,0,0,0,0,3972,0.676824,0.729208,0.750202,0.692133,0.943556,1.737806,0.74337,2970,3870,2970,3960,2970,4950,6840,6930,7920,8910,12780,0.70787,2,0,0.648618,1.908939,49.60166,0.281989,high,6073200.0,37800.0,540.0108,0.993776,0.795021,8255.118868,8795.129668,8795129.668
H4,high_demand_high_stress,103,90,21690,21690,0,1.0,6035750.0,9409.67829,9409678.29,3001.5,364.0,5798.0,246.17829,0.0,597,1056,420,381,255,34,29,1,4,34,4460,0.594537,0.614348,0.654098,0.642027,0.997821,1.916314,0.729056,2963,3886,2966,3956,2977,4942,6849,6922,7919,8906,12784,0.811806,2,0,0.648591,2.181749,49.595885,0.282014,high,6073200.0,37450.0,535.0107,0.993834,0.795067,9409.67829,9944.68899,9944688.99
H4,high_demand_high_stress,104,90,21690,21690,0,1.0,6035400.0,8280.650718,8280650.718,2859.5,0.0,5194.8,226.350718,0.0,930,1047,458,314,275,0,0,0,0,0,3996,0.676895,0.709904,0.733164,0.724814,0.957645,1.907839,0.743185,2970,3870,2970,3960,2970,4950,6840,6930,7920,8910,12780,0.710185,2,0,0.648618,1.935425,49.60166,0.281989,high,6073200.0,37800.0,540.0108,0.993776,0.795021,8280.650718,8820.661518,8820661.518
H4,high_demand_high_stress,105,90,21690,21690,0,1.0,6035855.0,8697.716212,8697716.212,2991.5,72.8,5396.3,237.116212,0.0,745,1070,444,359,267,7,7,0,0,7,4151,0.636155,0.650975,0.695937,0.690524,1.00073,1.848704,0.737019,2970,3877,2970,3959,2966,4948,6847,6929,7914,8906,12784,0.772685,2,0,0.648596,2.067469,49.602756,0.281959,high,6073200.0,37345.0,533.51067,0.993851,0.795081,8697.716212,9231.226882,9231226.882
H4,high_demand_high_stress,106,90,21690,21690,0,1.0,6035400.0,8408.792253,8408792.253,2935.0,0.0,5246.8,226.992253,0.0,877,1030,396,372,262,0,0,0,0,0,4036,0.674813,0.720873,0.720866,0.711969,0.994688,1.747836,0.741463,2970,3870,2970,3960,2970,4950,6840,6930,7920,8910,12780,0.731713,2,0,0.648618,1.957064,49.60166,0.281989,high,6073200.0,37800.0,540.0108,0.993776,0.795021,8408.792253,8948.803053,8948803.053
H4,high_demand_high_stress,107,90,21690,21690,0,1.0,6035470.0,8534.413941,8534413.941,2972.0,10.4,5315.7,236.313941,0.0,807,1094,507,327,260,1,1,0,0,1,4089,0.658198,0.705845,0.702756,0.694192,0.972834,1.946739,0.739204,2970,3871,2970,3960,2969,4950,6841,6930,7919,8909,12781,0.75787,2,0,0.648615,2.041588,49.600894,0.281995,high,6073200.0,37730.0,539.01078,0.993787,0.79503,8534.413941,9073.424721,9073424.721
H4,high_demand_high_stress,108,90,21690,21690,0,1.0,6035470.0,9952.545023,9952545.023,2998.5,591.5,6107.4,255.145023,0.0,592,1075,428,350,297,56,52,1,3,56,4698,0.598614,0.6219,0.652953,0.660811,1.054453,2.116225,0.724963,2960,3889,2962,3952,2985,4942,6849,6914,7927,8907,12783,0.817824,2,0,0.648588,2.223756,49.594178,0.282033,high,6073200.0,37730.0,539.01078,0.993787,0.79503,9952.545023,10491.555803,10491555.803
H4,high_demand_high_stress,109,90,21690,21690,0,1.0,6035400.0,7916.768469,7916768.469,2730.0,0.0,4969.9,216.868469,0.0,918,1004,454,298,252,0,0,0,0,0,3823,0.683731,0.711471,0.73389,0.730023,0.947255,1.608784,0.746167,2970,3870,2970,3960,2970,4950,6840,6930,7920,8910,12780,0.672917,2,0,0.648618,1.888289,49.60166,0.281989,high,6073200.0,37800.0,540.0108,0.993776,0.795021,7916.768469,8456.779269,8456779.269
H4,high_demand_high_stress,110,90,21690,21690,0,1.0,6036135.0,10546.628499,10546628.499,3018.0,841.1,6425.9,261.628499,0.0,561,1054,398,388,268,78,67,4,7,78,4943,0.557065,0.611736,0.606724,0.634688,1.097465,2.06887,0.720222,2955,3907,2961,3946,2988,4933,6862,6907,7921,8904,12786,0.827778,2,0,0.648579,2.246359,49.595305,0.282006,high,6073200.0,37065.0,529.51059,0.993897,0.795118,10546.628499,11076.139089,11076139.089
H1_original,high_demand_high_stress,101,90,21690,21690,0,1.0,5607280.0,6833.489784,6833489.784,2342.5,0.0,4295.2,195.789784,0.0,835,844,324,263,257,0,0,0,0,0,3304,0.471422,0.496349,0.53874,0.56807,0.94495,1.789128,0.754241,8,0,4964,3398,5940,7380,8,8362,13320,10912,10778,0.571991,2,0,0.674174,1.694947,39.961088,0.445446,high,6073200.0,465920.0,6656.13312,0.923283,0.738626,6833.489784,13489.622904,13489622.904
H1_original,high_demand_high_stress,102,90,21690,21690,0,1.0,5607280.0,6983.24002,6983240.02,2384.5,0.0,4399.2,199.54002,0.0,854,865,333,259,273,0,0,0,0,0,3384,0.473109,0.482079,0.560996,0.565271,0.943556,1.737806,0.753148,8,0,4763,3599,5940,7380,8,8362,13320,10711,10979,0.585648,2,0,0.67343,1.697194,40.118073,0.441472,high,6073200.0,465920.0,6656.13312,0.923283,0.738626,6983.24002,13639.37314,13639373.14
H1_original,high_demand_high_stress,103,90,21690,21690,0,1.0,5607350.0,7465.467847,7465467.847,2570.0,0.0,4683.9,211.567847,0.0,898,921,374,303,244,0,0,0,0,0,3603,0.451407,0.479963,0.545868,0.561683,0.997821,1.916314,0.74987,10,0,4968,3392,5940,7380,10,8360,13320,10918,10772,0.62662,2,0,0.674194,1.732798,39.896081,0.446455,high,6073200.0,465850.0,6655.1331,0.923294,0.738635,7465.467847,14120.600947,14120600.947
H1_original,high_demand_high_stress,104,90,21690,21690,0,1.0,5607490.0,7063.941466,7063941.466,2416.5,10.4,4435.6,201.441466,0.0,855,870,342,275,253,1,1,0,0,1,3412,0.465916,0.529083,0.54598,0.520361,0.957645,1.907839,0.75263,14,0,4888,3468,5940,7380,14,8356,13320,10842,10848,0.590046,2,0,0.673908,1.705972,39.980499,0.444556,high,6073200.0,465710.0,6653.13306,0.923317,0.738654,7063.941466,13717.074526,13717074.526
H1_original,high_demand_high_stress,105,90,21690,21690,0,1.0,5607490.0,7394.363436,7394363.436,2542.5,10.4,4633.2,208.263436,0.0,887,900,354,313,233,1,1,0,0,1,3564,0.474025,0.502012,0.560025,0.537395,1.00073,1.848704,0.750407,14,0,4980,3376,5940,7380,14,8356,13320,10934,10756,0.617824,2,0,0.674246,1.71786,39.848693,0.447264,high,6073200.0,465710.0,6653.13306,0.923317,0.738654,7394.363436,14047.496496,14047496.496
H1_original,high_demand_high_stress,106,90,21690,21690,0,1.0,5607455.0,7406.585132,7406585.132,2551.5,0.0,4646.2,208.885132,0.0,898,908,361,308,239,0,0,0,0,0,3574,0.475821,0.53006,0.546953,0.55567,0.994688,1.747836,0.750407,13,0,4945,3412,5940,7380,13,8357,13320,10898,10792,0.619907,2,0,0.674115,1.724523,39.888197,0.446404,high,6073200.0,465745.0,6653.63307,0.923311,0.738649,7406.585132,14060.218202,14060218.202
H1_original,high_demand_high_stress,107,90,21690,21690,0,1.0,5607280.0,7020.828371,7020828.371,2404.0,0.0,4414.8,202.028371,0.0,875,885,394,259,232,0,0,0,0,0,3396,0.469282,0.511423,0.539245,0.541596,0.972834,1.946739,0.753278,8,0,4961,3401,5940,7380,8,8362,13320,10909,10781,0.584028,2,0,0.674163,1.703125,39.854541,0.447044,high,6073200.0,465920.0,6656.13312,0.923283,0.738626,7020.828371,13676.961491,13676961.491
H1_original,high_demand_high_stress,108,90,21690,21690,0,1.0,5607420.0,7704.290906,7704290.906,2640.5,0.0,4843.8,219.990906,0.0,940,968,411,284,273,0,0,0,0,0,3726,0.448312,0.49565,0.523772,0.550203,1.054453,2.116225,0.74837,12,0,4731,3627,5940,7380,12,8358,13320,10683,11007,0.64537,2,0,0.673321,1.754927,40.179115,0.44027,high,6073200.0,465780.0,6654.13308,0.923306,0.738645,7704.290906,14358.423986,14358423.986
H1_original,high_demand_high_stress,109,90,21690,21690,0,1.0,5607455.0,6855.304316,6855304.316,2343.0,0.0,4314.7,197.604316,0.0,843,860,361,249,250,0,0,0,0,0,3319,0.458662,0.48489,0.5649,0.531438,0.947255,1.608784,0.754111,13,0,4962,3395,5940,7380,13,8357,13320,10915,10775,0.573611,2,0,0.674178,1.702704,39.928585,0.445929,high,6073200.0,465745.0,6653.63307,0.923311,0.738649,6855.304316,13508.937386,13508937.386
H1_original,high_demand_high_stress,110,90,21690,21690,0,1.0,5607455.0,8213.559206,8213559.206,2805.5,52.0,5123.3,232.759206,0.0,855,1003,403,333,267,5,5,0,0,5,3941,0.388256,0.420714,0.511072,0.485028,1.097465,2.06887,0.742907,13,0,4673,3684,5940,7380,13,8357,13320,10626,11064,0.703241,2,0,0.673118,1.861598,40.172805,0.439918,high,6073200.0,465745.0,6653.63307,0.923311,0.738649,8213.559206,14867.192276,14867192.276
H1_value_guard,high_demand_high_stress,101,90,21690,21690,0,1.0,5608085.0,6851.095649,6851095.649,2347.0,0.0,4308.2,195.895649,0.0,835,846,325,263,258,0,0,0,0,0,3314,0.471969,0.489383,0.55855,0.566072,0.94495,1.789128,0.754056,31,0,5580,2759,5940,7380,31,8339,13320,11551,10139,0.574306,2,0,0.676508,1.697527,39.091886,0.463476,high,6073200.0,465115.0,6644.63289,0.923415,0.738732,6851.095649,13495.728539,13495728.539
H1_value_guard,high_demand_high_stress,102,90,21690,21690,0,1.0,5607980.0,6950.765357,6950765.357,2376.0,0.0,4375.8,198.965357,0.0,851,862,335,259,268,0,0,0,0,0,3366,0.471744,0.499062,0.557813,0.547007,0.943556,1.737806,0.753389,28,0,5580,2762,5940,7380,28,8342,13320,11548,10142,0.582639,2,0,0.676501,1.691819,39.100599,0.463351,high,6073200.0,465220.0,6646.13292,0.923398,0.738718,6950.765357,13596.898277,13596898.277
H1_value_guard,high_demand_high_stress,103,90,21690,21690,0,1.0,5607980.0,7480.961449,7480961.449,2576.0,0.0,4693.0,211.961449,0.0,907,923,375,304,244,0,0,0,0,0,3610,0.470264,0.496606,0.555874,0.5359,0.997821,1.916314,0.749907,28,0,5580,2762,5940,7380,28,8342,13320,11548,10142,0.626157,2,0,0.676501,1.731588,39.09811,0.463391,high,6073200.0,465220.0,6646.13292,0.923398,0.738718,7480.961449,14127.094369,14127094.369
H1_value_guard,high_demand_high_stress,104,90,21690,21690,0,1.0,5608085.0,7019.358734,7019358.734,2406.5,0.0,4412.2,200.658734,0.0,855,869,342,270,257,0,0,0,0,0,3394,0.467621,0.52366,0.537164,0.544815,0.957645,1.907839,0.752944,31,0,5580,2759,5940,7380,31,8339,13320,11551,10139,0.588194,2,0,0.676508,1.710451,39.091886,0.463476,high,6073200.0,465115.0,6644.63289,0.923415,0.738732,7019.358734,13663.991624,13663991.624
H1_value_guard,high_demand_high_stress,105,90,21690,21690,0,1.0,5608085.0,7338.523444,7338523.444,2534.5,0.0,4596.8,207.223444,0.0,879,898,354,311,233,0,0,0,0,0,3536,0.4813,0.542354,0.540676,0.546907,1.00073,1.848704,0.750759,31,0,5580,2759,5940,7380,31,8339,13320,11551,10139,0.615509,2,0,0.676508,1.714258,39.094652,0.463431,high,6073200.0,465115.0,6644.63289,0.923415,0.738732,7338.523444,13983.156334,13983156.334
H1_value_guard,high_demand_high_stress,106,90,21690,21690,0,1.0,5608015.0,7398.262468,7398262.468,2551.5,0.0,4637.1,209.662468,0.0,888,908,361,308,239,0,0,0,0,0,3567,0.453593,0.470597,0.538238,0.56502,0.994688,1.747836,0.750352,29,0,5580,2761,5940,7380,29,8341,13320,11549,10141,0.620602,2,0,0.676503,1.727198,39.096127,0.463418,high,6073200.0,465185.0,6645.63291,0.923404,0.738723,7398.262468,14043.895378,14043895.378
H1_value_guard,high_demand_high_stress,107,90,21690,21690,0,1.0,5608050.0,6982.223551,6982223.551,2390.0,0.0,4391.4,200.823551,0.0,867,879,389,258,232,0,0,0,0,0,3378,0.455944,0.494041,0.529501,0.575061,0.972834,1.946739,0.753463,30,0,5580,2760,5940,7380,30,8340,13320,11550,10140,0.581713,2,0,0.676506,1.704371,39.094053,0.463447,high,6073200.0,465150.0,6645.1329,0.923409,0.738728,6982.223551,13627.356451,13627356.451
H1_value_guard,high_demand_high_stress,108,90,21690,21690,0,1.0,5607910.0,7716.233687,7716233.687,2643.5,0.0,4852.9,219.833687,0.0,942,968,408,285,275,0,0,0,0,0,3733,0.451748,0.480988,0.547554,0.550192,1.054453,2.116225,0.748278,26,0,5580,2764,5940,7380,26,8344,13320,11546,10144,0.646528,2,0,0.676496,1.745382,39.101798,0.463342,high,6073200.0,465290.0,6647.13294,0.923386,0.738709,7716.233687,14363.366627,14363366.627
H1_value_guard,high_demand_high_stress,109,90,21690,21690,0,1.0,5608015.0,6896.667834,6896667.834,2355.0,0.0,4343.3,198.367834,0.0,859,865,362,249,254,0,0,0,0,0,3341,0.462261,0.497018,0.548451,0.560028,0.947255,1.608784,0.754019,29,0,5580,2761,5940,7380,29,8341,13320,11549,10141,0.574769,2,0,0.676503,1.700766,39.096127,0.463418,high,6073200.0,465185.0,6645.63291,0.923404,0.738723,6896.667834,13542.300744,13542300.744
H1_value_guard,high_demand_high_stress,110,90,21690,21690,0,1.0,5607875.0,8119.450275,8119450.275,2805.0,10.4,5072.6,231.450275,0.0,881,1007,412,329,266,1,1,0,0,1,3902,0.433423,0.486405,0.494972,0.486015,1.097465,2.06887,0.744037,25,0,5580,2765,5940,7380,25,8345,13320,11545,10145,0.697454,2,0,0.676491,1.853773,39.103914,0.463313,high,6073200.0,465325.0,6647.63295,0.923381,0.738704,8119.450275,14767.083225,14767083.225
H2_original,high_demand_high_stress,101,90,21690,21690,0,1.0,5608085.0,6844.102082,6844102.082,2346.0,0.0,4301.7,196.402082,0.0,833,845,325,264,256,0,0,0,0,0,3309,0.448985,0.493585,0.553123,0.524043,0.94495,1.789128,0.75413,31,0,5580,2759,5940,7380,31,8339,13320,11551,10139,0.57338,2,0,0.676508,1.743898,39.091886,0.463476,high,6073200.0,465115.0,6644.63289,0.923415,0.738732,6844.102082,13488.734972,13488734.972
H2_original,high_demand_high_stress,102,90,21690,21690,0,1.0,5608120.0,6889.931855,6889931.855,2356.5,0.0,4335.5,197.931855,0.0,839,855,330,256,269,0,0,0,0,0,3335,0.451951,0.491066,0.554992,0.533999,0.943556,1.737806,0.753741,32,0,5580,2758,5940,7380,32,8338,13320,11552,10138,0.578241,2,0,0.67651,1.744418,39.095159,0.463417,high,6073200.0,465080.0,6644.13288,0.923421,0.738737,6889.931855,13534.064735,13534064.735
H2_original,high_demand_high_stress,103,90,21690,21690,0,1.0,5608085.0,7454.46542,7454465.42,2565.0,0.0,4677.4,212.06542,0.0,900,921,378,301,242,0,0,0,0,0,3598,0.464357,0.519895,0.517653,0.519522,0.997821,1.916314,0.75,31,0,5580,2759,5940,7380,31,8339,13320,11551,10139,0.625,2,0,0.676508,1.781698,39.091886,0.463476,high,6073200.0,465115.0,6644.63289,0.923415,0.738732,7454.46542,14099.09831,14099098.31
H2_original,high_demand_high_stress,104,90,21690,21690,0,1.0,5608085.0,6980.725918,6980725.918,2393.0,0.0,4387.5,200.225918,0.0,856,864,341,269,254,0,0,0,0,0,3375,0.446934,0.498038,0.533825,0.529806,0.957645,1.907839,0.753315,31,0,5580,2759,5940,7380,31,8339,13320,11551,10139,0.583565,2,0,0.676508,1.753476,39.091886,0.463476,high,6073200.0,465115.0,6644.63289,0.923415,0.738732,6980.725918,13625.358808,13625358.808
H2_original,high_demand_high_stress,105,90,21690,21690,0,1.0,5608120.0,7341.057629,7341057.629,2527.5,10.4,4595.5,207.657629,0.0,869,892,344,313,235,1,1,0,0,1,3535,0.448062,0.475889,0.530168,0.550694,1.00073,1.848704,0.750611,32,0,5580,2758,5940,7380,32,8338,13320,11552,10138,0.615278,2,0,0.676508,1.767877,39.093679,0.463447,high,6073200.0,465080.0,6644.13288,0.923421,0.738737,7341.057629,13985.190509,13985190.509
H2_original,high_demand_high_stress,106,90,21690,21690,0,1.0,5608085.0,7411.610313,7411610.313,2558.0,0.0,4643.6,210.010313,0.0,895,908,360,312,236,0,0,0,0,0,3572,0.453166,0.474181,0.559931,0.520253,0.994688,1.747836,0.750389,31,0,5580,2759,5940,7380,31,8339,13320,11551,10139,0.620139,2,0,0.676508,1.779351,39.091886,0.463476,high,6073200.0,465115.0,6644.63289,0.923415,0.738732,7411.610313,14056.243203,14056243.203
H2_original,high_demand_high_stress,107,90,21690,21690,0,1.0,5608085.0,6947.174532,6947174.532,2382.0,0.0,4364.1,201.074532,0.0,866,874,389,261,224,0,0,0,0,0,3357,0.44351,0.479649,0.530495,0.504997,0.972834,1.946739,0.753833,31,0,5580,2759,5940,7380,31,8339,13320,11551,10139,0.577083,2,0,0.676508,1.75339,39.094652,0.463431,high,6073200.0,465115.0,6644.63289,0.923415,0.738732,6947.174532,13591.807422,13591807.422
H2_original,high_demand_high_stress,108,90,21690,21690,0,1.0,5608050.0,7720.661944,7720661.944,2636.0,10.4,4854.2,220.061944,0.0,934,966,413,285,268,1,1,0,0,1,3734,0.445476,0.516167,0.52775,0.512398,1.054453,2.116225,0.74813,30,0,5580,2760,5940,7380,30,8340,13320,11550,10140,0.646296,2,0,0.676504,1.801805,39.095708,0.463428,high,6073200.0,465150.0,6645.1329,0.923409,0.738728,7720.661944,14365.794844,14365794.844
H2_original,high_demand_high_stress,109,90,21690,21690,0,1.0,5608085.0,6897.619014,6897619.014,2353.5,0.0,4344.6,199.519014,0.0,858,866,364,247,255,0,0,0,0,0,3342,0.450917,0.486252,0.517883,0.538344,0.947255,1.608784,0.753963,31,0,5580,2759,5940,7380,31,8339,13320,11551,10139,0.575463,2,0,0.676508,1.751946,39.091886,0.463476,high,6073200.0,465115.0,6644.63289,0.923415,0.738732,6897.619014,13542.251904,13542251.904
H2_original,high_demand_high_stress,110,90,21690,21690,0,1.0,5608050.0,8191.914066,8191914.066,2792.5,52.0,5115.5,231.914066,0.0,870,999,400,330,269,5,5,0,0,5,3935,0.403463,0.443531,0.490416,0.494898,1.097465,2.06887,0.743296,30,0,5580,2760,5940,7380,30,8340,13320,11550,10140,0.69838,2,0,0.676504,1.898176,39.093985,0.463447,high,6073200.0,465150.0,6645.1329,0.923409,0.738728,8191.914066,14837.046966,14837046.966
H2_value_guard,high_demand_high_stress,101,90,21690,21690,0,1.0,5610605.0,6886.215762,6886215.762,2361.0,0.0,4327.7,197.515762,0.0,843,849,327,268,254,0,0,0,0,0,3329,0.45703,0.500477,0.543383,0.516374,0.94495,1.789128,0.753926,76,0,5580,2741,5940,7353,76,8321,13293,11596,10094,0.575926,2,0,0.676588,1.746822,39.088566,0.463781,high,6073200.0,462595.0,6608.63217,0.92383,0.739064,6886.215762,13494.847932,13494847.932
H2_value_guard,high_demand_high_stress,102,90,21690,21690,0,1.0,5610500.0,6883.036705,6883036.705,2356.0,0.0,4329.0,198.036705,0.0,835,854,329,257,268,0,0,0,0,0,3330,0.4449,0.471577,0.556608,0.531428,0.943556,1.737806,0.753759,73,0,5580,2744,5940,7353,73,8324,13293,11593,10097,0.578009,2,0,0.676581,1.744577,39.091194,0.463755,high,6073200.0,462700.0,6610.1322,0.923813,0.73905,6883.036705,13493.168905,13493168.905
H2_value_guard,high_demand_high_stress,103,90,21690,21690,0,1.0,5609345.0,7518.535375,7518535.375,2565.0,31.2,4709.9,212.435375,0.0,898,919,374,303,242,3,3,0,0,3,3623,0.456991,0.522026,0.527139,0.525768,0.997821,1.916314,0.749556,54,0,5580,2749,5940,7367,54,8329,13307,11574,10116,0.624306,2,0,0.676545,1.786118,39.10478,0.463383,high,6073200.0,463855.0,6626.63253,0.923623,0.738898,7518.535375,14145.167905,14145167.905
H2_value_guard,high_demand_high_stress,104,90,21690,21690,0,1.0,5610360.0,7001.291824,7001291.824,2400.5,0.0,4400.5,200.291824,0.0,857,865,340,272,253,0,0,0,0,0,3385,0.461576,0.503501,0.561936,0.505713,0.957645,1.907839,0.753148,73,0,5580,2740,5940,7357,73,8320,13297,11593,10097,0.585648,2,0,0.676585,1.759928,39.091747,0.463673,high,6073200.0,462840.0,6612.13224,0.92379,0.739032,7001.291824,13613.424064,13613424.064
H2_value_guard,high_demand_high_stress,105,90,21690,21690,0,1.0,5609625.0,7268.506024,7268506.024,2507.0,0.0,4555.2,206.306024,0.0,875,890,351,305,234,0,0,0,0,0,3504,0.451996,0.491952,0.518458,0.562695,1.00073,1.848704,0.751278,59,0,5580,2747,5940,7364,59,8327,13304,11579,10111,0.609028,2,0,0.676559,1.767478,39.101107,0.463471,high,6073200.0,463575.0,6622.63245,0.923669,0.738935,7268.506024,13891.138474,13891138.474
H2_value_guard,high_demand_high_stress,106,90,21690,21690,0,1.0,5609975.0,7378.233026,7378233.026,2535.0,10.4,4624.1,208.733026,0.0,889,900,354,308,238,1,1,0,0,1,3557,0.439946,0.492951,0.543956,0.525064,0.994688,1.747836,0.750556,63,0,5580,2749,5940,7358,63,8329,13298,11583,10107,0.616204,2,0,0.676563,1.77219,39.098797,0.463596,high,6073200.0,463225.0,6617.63235,0.923726,0.738981,7378.233026,13995.865376,13995865.376
H2_value_guard,high_demand_high_stress,107,90,21690,21690,0,1.0,5610255.0,6944.694978,6944694.978,2377.5,0.0,4366.7,200.494978,0.0,862,873,387,259,227,0,0,0,0,0,3359,0.451565,0.493394,0.521396,0.530978,0.972834,1.946739,0.753741,69,0,5580,2745,5940,7356,69,8325,13296,11589,10101,0.578241,2,0,0.676575,1.748666,39.095205,0.463658,high,6073200.0,462945.0,6613.63227,0.923772,0.739018,6944.694978,13558.327248,13558327.248
H2_value_guard,high_demand_high_stress,108,90,21690,21690,0,1.0,5608855.0,7719.53515,7719535.15,2636.0,10.4,4852.9,220.23515,0.0,945,966,410,284,272,1,1,0,0,1,3733,0.445277,0.508277,0.526372,0.514264,1.054453,2.116225,0.748352,48,0,5580,2747,5940,7375,48,8327,13315,11568,10122,0.643519,2,0,0.676544,1.802962,39.098889,0.463358,high,6073200.0,464345.0,6633.63267,0.923542,0.738834,7719.53515,14353.16782,14353167.82
H2_value_guard,high_demand_high_stress,109,90,21690,21690,0,1.0,5609765.0,6875.327985,6875327.985,2346.5,0.0,4330.3,198.527985,0.0,857,863,363,247,253,0,0,0,0,0,3331,0.466132,0.509529,0.531258,0.527517,0.947255,1.608784,0.754148,63,0,5580,2743,5940,7364,63,8323,13304,11583,10107,0.573148,2,0,0.676568,1.754147,39.098525,0.463491,high,6073200.0,463435.0,6620.63241,0.923692,0.738953,6875.327985,13495.960395,13495960.395
H2_value_guard,high_demand_high_stress,110,90,21690,21690,0,1.0,5608785.0,8296.620268,8296620.268,2793.0,96.2,5174.0,233.420268,0.0,828,1000,404,330,266,9,7,0,2,9,3980,0.397038,0.47461,0.476973,0.479177,1.097465,2.06887,0.741759,44,0,5580,2753,5940,7373,44,8333,13313,11564,10126,0.70787,2,0,0.676539,1.918064,39.097286,0.463471,high,6073200.0,464415.0,6634.63269,0.92353,0.738824,8296.620268,14931.252958,14931252.958
